dt,datetime,aqi,co,no,no2,o3,so2,pm2_5,pm10,nh3
1739750400,2025-02-17 00:00:00,4.0,1094.82,0.0,29.13,50.78,11.32,50.41,77.14,9.5
1739754000,2025-02-17 01:00:00,5.0,1922.61,0.01,54.15,28.61,18.84,93.36,127.01,14.19
1739757600,2025-02-17 02:00:00,5.0,2830.51,2.32,82.94,6.79,25.99,139.79,181.7,19.0
1739761200,2025-02-17 03:00:00,5.0,4325.87,34.42,98.71,0.67,34.81,205.83,262.12,30.4
1739764800,2025-02-17 04:00:00,5.0,6248.47,93.88,105.56,5.05,43.87,274.47,351.17,47.12
1739768400,2025-02-17 05:00:00,5.0,7904.05,128.75,138.46,12.34,51.98,338.18,435.39,72.96
1739772000,2025-02-17 06:00:00,5.0,8438.11,97.45,202.89,35.41,60.56,404.14,516.84,87.14
1739775600,2025-02-17 07:00:00,5.0,9506.23,51.86,285.15,107.29,68.66,557.2,687.02,90.18
1739779200,2025-02-17 08:00:00,5.0,10574.34,26.6,329.02,237.46,65.8,818.79,960.5,76.0
1739782800,2025-02-17 09:00:00,5.0,9292.6,12.52,265.96,371.93,50.07,967.96,1096.63,45.6
1739786400,2025-02-17 10:00:00,5.0,5874.63,4.69,142.57,446.32,33.86,776.46,871.77,24.07
1739790000,2025-02-17 11:00:00,5.0,3524.78,2.68,89.11,377.66,26.23,451.77,527.51,18.24
1739793600,2025-02-17 12:00:00,5.0,2349.85,1.96,77.46,254.63,22.17,249.59,319.25,16.21
1739797200,2025-02-17 13:00:00,5.0,1789.09,0.47,72.66,164.51,19.79,151.88,219.25,13.43
1739800800,2025-02-17 14:00:00,5.0,1682.28,0.01,75.4,103.0,17.17,115.28,182.15,14.19
1739804400,2025-02-17 15:00:00,5.0,1535.42,0.0,65.8,80.11,14.66,95.27,160.1,16.21
1739808000,2025-02-17 16:00:00,5.0,1522.06,0.0,58.26,70.1,15.02,92.52,155.62,19.25
1739811600,2025-02-17 17:00:00,5.0,1735.69,0.0,62.38,45.42,15.02,93.08,153.26,22.8
1739815200,2025-02-17 18:00:00,5.0,1895.9,0.18,66.49,23.25,14.9,94.1,152.63,23.56
1739818800,2025-02-17 19:00:00,5.0,1815.8,1.23,64.43,9.57,13.35,83.18,137.49,19.51
1739822400,2025-02-17 20:00:00,4.0,1588.82,1.34,57.58,7.06,10.97,67.37,114.47,13.17
1739826000,2025-02-17 21:00:00,4.0,1401.9,0.36,50.72,12.7,9.89,60.85,103.59,10.26
1739829600,2025-02-17 22:00:00,4.0,1188.28,0.02,38.73,24.32,8.94,54.74,94.45,8.74
1739833200,2025-02-17 23:00:00,3.0,1001.36,0.0,29.47,33.97,8.58,48.54,86.13,8.04
1739836800,2025-02-18 00:00:00,3.0,934.6,0.0,25.7,37.91,9.18,45.86,82.17,7.85
1739840400,2025-02-18 01:00:00,3.0,988.01,0.0,27.42,36.84,10.37,47.61,83.33,8.36
1739844000,2025-02-18 02:00:00,4.0,1201.63,0.04,37.7,28.61,11.92,54.53,90.77,10.64
1739847600,2025-02-18 03:00:00,5.0,1895.9,7.49,59.63,6.88,15.74,78.06,118.53,17.73
1739851200,2025-02-18 04:00:00,5.0,2964.02,43.36,61.01,8.67,20.98,108.32,154.03,26.85
1739854800,2025-02-18 05:00:00,5.0,3204.35,51.86,64.43,17.7,22.89,112.95,160.19,32.93
1739858400,2025-02-18 06:00:00,5.0,2510.07,28.39,63.06,43.99,20.5,93.76,139.15,29.39
1739862000,2025-02-18 07:00:00,3.0,1201.63,8.16,32.9,85.83,14.07,46.19,84.07,14.82
1739865600,2025-02-18 08:00:00,3.0,794.41,4.41,20.73,100.14,10.25,31.17,63.93,9.25
1739869200,2025-02-18 09:00:00,3.0,707.63,3.8,17.99,98.71,8.7,25.98,57.14,7.41
1739872800,2025-02-18 10:00:00,3.0,694.27,4.19,18.34,87.26,7.39,23.9,57.33,6.9
1739876400,2025-02-18 11:00:00,3.0,720.98,4.92,21.08,72.24,6.85,23.16,58.83,7.09
1739880000,2025-02-18 12:00:00,3.0,761.03,5.03,25.02,57.94,6.38,22.01,56.8,7.09
1739883600,2025-02-18 13:00:00,3.0,894.55,3.46,37.7,34.69,6.56,22.2,54.16,7.79
1739887200,2025-02-18 14:00:00,3.0,961.3,0.69,45.93,16.63,6.62,22.87,51.12,8.23
1739890800,2025-02-18 15:00:00,3.0,921.25,0.32,40.44,19.31,6.68,24.56,50.09,8.99
1739894400,2025-02-18 16:00:00,3.0,907.9,0.08,35.3,26.82,7.21,26.88,51.39,9.88
1739898000,2025-02-18 17:00:00,2.0,761.03,0.01,26.05,38.62,6.68,23.73,46.76,8.61
1739901600,2025-02-18 18:00:00,2.0,627.52,0.0,18.85,47.92,5.84,19.6,42.3,7.09
1739905200,2025-02-18 19:00:00,2.0,500.68,0.0,13.37,56.51,4.65,15.46,40.36,4.69
1739908800,2025-02-18 20:00:00,2.0,407.22,0.0,10.02,63.66,3.87,14.93,43.28,2.63
1739912400,2025-02-18 21:00:00,3.0,360.49,0.0,7.28,68.66,3.87,18.34,51.26,2.09
1739916000,2025-02-18 22:00:00,3.0,350.48,0.0,6.08,70.1,3.99,22.23,56.96,2.15
1739919600,2025-02-18 23:00:00,3.0,383.85,0.0,7.03,67.23,4.95,25.24,57.67,2.88
1739923200,2025-02-19 00:00:00,3.0,440.6,0.0,9.08,62.94,6.56,28.05,57.69,3.93
1739926800,2025-02-19 01:00:00,3.0,527.38,0.0,12.51,58.65,8.46,31.58,59.85,5.0
1739930400,2025-02-19 02:00:00,3.0,574.11,0.0,15.08,55.79,8.58,33.94,60.7,5.32
1739934000,2025-02-19 03:00:00,3.0,720.98,0.17,22.96,50.07,8.58,38.69,66.52,6.9
1739937600,2025-02-19 04:00:00,3.0,801.09,3.05,26.73,51.5,8.7,39.08,68.95,7.35
1739941200,2025-02-19 05:00:00,3.0,720.98,4.58,21.25,61.51,8.23,37.36,67.81,7.22
1739944800,2025-02-19 06:00:00,3.0,580.79,3.35,13.71,72.96,7.15,35.54,66.23,5.89
1739948400,2025-02-19 07:00:00,3.0,453.95,1.93,7.97,80.11,4.83,31.69,60.36,3.51
1739952000,2025-02-19 08:00:00,3.0,410.56,1.48,6.25,82.97,3.99,29.39,56.64,2.56
1739955600,2025-02-19 09:00:00,3.0,387.19,1.27,5.48,84.4,3.31,27.76,55.13,1.98
1739959200,2025-02-19 10:00:00,3.0,380.52,1.3,5.74,81.54,3.16,29.24,59.84,1.82
1739962800,2025-02-19 11:00:00,3.0,393.87,1.45,7.03,75.82,3.37,29.88,59.4,1.96
1739966400,2025-02-19 12:00:00,3.0,407.22,1.29,8.74,69.38,3.13,28.92,54.54,2.06
1739970000,2025-02-19 13:00:00,3.0,440.6,0.66,12.34,62.23,3.07,28.32,51.61,2.22
1739973600,2025-02-19 14:00:00,3.0,433.92,0.02,12.51,65.09,2.8,26.39,48.49,2.22
1739977200,2025-02-19 15:00:00,2.0,407.22,0.0,9.34,73.67,2.56,24.66,46.48,2.34
1739980800,2025-02-19 16:00:00,2.0,407.22,0.0,8.23,77.25,2.77,24.74,47.89,2.72
1739984400,2025-02-19 17:00:00,3.0,403.88,0.0,7.54,77.96,2.95,25.41,50.31,2.88
1739988000,2025-02-19 18:00:00,3.0,413.89,0.0,7.54,77.96,3.22,25.92,51.84,3.23
1739991600,2025-02-19 19:00:00,3.0,403.88,0.0,7.54,77.96,3.22,25.09,50.88,2.85
1739995200,2025-02-19 20:00:00,2.0,363.83,0.0,6.51,80.11,3.16,23.54,48.04,1.84
1739998800,2025-02-19 21:00:00,2.0,357.15,0.0,5.48,82.25,3.49,23.25,46.75,1.77
1740002400,2025-02-19 22:00:00,2.0,397.21,0.0,6.25,80.82,3.67,24.98,47.36,2.6
1740006000,2025-02-19 23:00:00,3.0,460.62,0.0,8.23,77.25,4.23,27.67,50.11,3.58
1740009600,2025-02-20 00:00:00,3.0,534.06,0.0,10.8,72.24,5.36,30.83,54.48,4.43
1740013200,2025-02-20 01:00:00,3.0,727.65,0.0,18.16,62.94,7.75,38.97,64.77,6.33
1740016800,2025-02-20 02:00:00,4.0,1188.28,0.0,37.01,42.92,11.8,58.29,87.82,10.51
1740020400,2025-02-20 03:00:00,5.0,2536.77,12.29,77.46,6.88,20.5,114.52,156.86,21.53
1740024000,2025-02-20 04:00:00,5.0,5287.17,82.25,100.08,7.06,35.76,228.5,295.37,41.04
1740027600,2025-02-20 05:00:00,5.0,8010.86,132.32,148.06,14.66,49.11,353.19,444.8,64.85
1740031200,2025-02-20 06:00:00,5.0,8331.3,89.41,219.35,47.21,54.84,418.13,526.73,73.97
1740034800,2025-02-20 07:00:00,5.0,4966.74,25.48,156.28,128.75,49.59,291.96,398.12,47.12
1740038400,2025-02-20 08:00:00,5.0,3471.37,12.41,106.93,185.97,36.24,230.5,319.86,32.42
1740042000,2025-02-20 09:00:00,5.0,2723.69,9.28,84.31,191.69,26.7,181.37,254.09,24.57
1740045600,2025-02-20 10:00:00,5.0,1922.61,8.05,63.06,157.36,19.07,105.31,162.01,18.75
1740049200,2025-02-20 11:00:00,4.0,1455.31,7.49,52.78,120.16,17.4,57.61,102.74,15.2
1740052800,2025-02-20 12:00:00,3.0,1268.39,5.87,50.72,97.27,16.45,41.44,81.63,12.79
1740056400,2025-02-20 13:00:00,3.0,1482.01,3.46,70.6,62.94,15.97,39.22,78.55,13.93
1740060000,2025-02-20 14:00:00,3.0,1922.61,1.1,100.08,18.24,16.69,47.36,88.99,17.73
1740063600,2025-02-20 15:00:00,4.0,2029.42,3.44,95.96,5.05,17.4,56.45,101.08,21.53
1740067200,2025-02-20 16:00:00,4.0,2082.82,3.58,90.48,4.56,18.12,66.83,115.18,25.33
1740070800,2025-02-20 17:00:00,4.0,1735.69,0.26,72.66,24.32,15.5,62.77,112.38,23.05
1740074400,2025-02-20 18:00:00,4.0,1281.74,0.0,47.98,60.8,12.04,51.07,100.27,18.24
1740078000,2025-02-20 19:00:00,3.0,881.2,0.0,30.5,87.26,9.3,36.67,83.72,11.78
1740081600,2025-02-20 20:00:00,3.0,647.54,0.0,22.62,98.71,8.11,28.27,72.58,7.03
1740085200,2025-02-20 21:00:00,3.0,534.06,0.0,16.79,105.86,8.11,26.77,70.78,5.26
1740088800,2025-02-20 22:00:00,3.0,560.76,0.0,14.91,107.29,9.3,31.75,76.8,6.08
1740092400,2025-02-20 23:00:00,3.0,741.0,0.0,19.71,98.71,11.56,43.64,91.07,9.88
1740096000,2025-02-21 00:00:00,4.0,1081.47,0.0,30.16,80.82,14.78,62.79,113.03,15.96
1740099600,2025-02-21 01:00:00,5.0,1655.58,0.0,50.04,57.22,20.27,92.51,146.62,25.33
1740103200,2025-02-21 02:00:00,5.0,2483.37,0.03,82.25,31.47,26.23,129.5,188.67,36.48
1740106800,2025-02-21 03:00:00,5.0,4379.27,21.9,130.24,2.64,36.72,208.84,279.76,59.78
1740110400,2025-02-21 04:00:00,5.0,7049.56,91.2,156.28,5.36,50.54,303.94,392.21,85.12
1740114000,2025-02-21 05:00:00,5.0,8972.17,132.32,186.44,11.98,61.99,369.19,475.23,100.31
1740117600,2025-02-21 06:00:00,5.0,9399.41,116.23,227.57,27.18,72.48,405.34,525.56,104.37
1740121200,2025-02-21 07:00:00,5.0,9613.04,81.36,282.41,24.68,81.06,444.54,577.22,100.31
1740124800,2025-02-21 08:00:00,5.0,11535.64,96.56,339.98,18.78,86.78,555.76,710.76,106.39
1740128400,2025-02-21 09:00:00,5.0,12817.38,102.82,389.34,17.52,87.74,649.05,821.76,104.37
1740132000,2025-02-21 10:00:00,5.0,12390.14,88.51,422.24,18.6,85.83,683.9,853.88,97.27
1740135600,2025-02-21 11:00:00,5.0,11001.59,70.63,416.76,17.7,83.92,656.98,812.7,90.18
1740139200,2025-02-21 12:00:00,5.0,9719.85,67.95,394.82,11.18,81.06,596.91,738.38,82.08
1740142800,2025-02-21 13:00:00,5.0,9078.98,85.83,367.4,6.88,79.15,535.65,665.61,76.0
1740146400,2025-02-21 14:00:00,5.0,7156.37,78.68,287.89,0.17,63.9,411.59,527.28,58.77
1740150000,2025-02-21 15:00:00,5.0,4325.87,38.0,175.48,0.02,37.19,250.06,349.73,38.0
1740153600,2025-02-21 16:00:00,5.0,2723.69,10.28,112.41,0.89,20.74,153.13,241.42,27.61
1740157200,2025-02-21 17:00:00,5.0,2109.53,2.37,83.63,7.15,15.26,111.12,190.31,25.08
1740160800,2025-02-21 18:00:00,5.0,1708.98,0.16,64.43,23.25,12.52,86.1,153.31,22.8
1740164400,2025-02-21 19:00:00,4.0,1482.01,0.01,54.15,37.91,10.97,71.69,126.02,18.75
1740168000,2025-02-21 20:00:00,5.0,1735.69,0.02,65.8,30.4,12.52,79.66,127.61,19.0
1740171600,2025-02-21 21:00:00,5.0,2189.64,0.08,80.88,18.6,15.5,105.7,152.99,22.8
1740175200,2025-02-21 22:00:00,5.0,2296.45,0.14,77.46,12.52,16.21,120.5,169.44,24.83
1740178800,2025-02-21 23:00:00,5.0,2002.72,0.06,61.69,16.09,15.97,112.98,163.96,24.83
1740182400,2025-02-22 00:00:00,5.0,1815.8,0.03,52.09,17.88,16.93,102.83,156.2,25.59
1740186000,2025-02-22 01:00:00,5.0,1588.82,0.03,43.53,20.56,18.12,92.8,148.91,25.84
1740189600,2025-02-22 02:00:00,5.0,1628.88,0.01,43.53,28.25,20.03,101.39,160.26,29.64
1740193200,2025-02-22 03:00:00,5.0,2429.96,1.96,69.23,21.99,25.75,145.16,206.72,41.04
1740196800,2025-02-22 04:00:00,5.0,2910.61,13.3,78.83,35.76,32.42,164.15,224.72,43.57
1740200400,2025-02-22 05:00:00,5.0,3124.24,20.56,82.94,55.79,37.19,173.46,234.48,43.57
1740204000,2025-02-22 06:00:00,5.0,3124.24,16.76,84.31,94.41,43.39,190.24,252.18,43.57
1740207600,2025-02-22 07:00:00,5.0,4058.84,16.76,111.04,137.33,51.02,267.11,338.62,49.14
1740211200,2025-02-22 08:00:00,5.0,5340.58,16.32,150.8,200.27,55.79,387.24,473.92,52.18
1740214800,2025-02-22 09:00:00,5.0,5661.01,12.74,167.25,274.66,51.98,475.96,575.05,46.61
1740218400,2025-02-22 10:00:00,5.0,4486.08,8.83,143.95,308.99,39.1,458.4,555.24,32.93
1740222000,2025-02-22 11:00:00,5.0,3044.13,5.59,98.71,283.24,28.37,347.83,430.81,20.77
1740225600,2025-02-22 12:00:00,5.0,2002.72,3.24,66.49,231.74,25.51,226.63,295.28,14.69
1740229200,2025-02-22 13:00:00,5.0,1295.09,0.99,47.3,183.11,30.99,136.6,184.88,9.25
1740232800,2025-02-22 14:00:00,5.0,1268.39,0.03,48.67,141.62,27.42,115.0,157.64,9.37
1740236400,2025-02-22 15:00:00,5.0,1241.68,0.0,44.55,125.89,22.41,113.35,156.47,10.77
1740240000,2025-02-22 16:00:00,5.0,1295.09,0.0,43.18,115.87,19.07,117.94,163.61,13.05
1740243600,2025-02-22 17:00:00,5.0,1375.2,0.0,42.16,110.15,17.4,125.26,172.06,15.33
1740247200,2025-02-22 18:00:00,5.0,1495.36,0.0,42.84,107.29,17.17,137.1,185.29,17.73
1740250800,2025-02-22 19:00:00,5.0,1468.66,0.0,42.16,104.43,15.5,138.66,186.64,16.09
1740254400,2025-02-22 20:00:00,5.0,1308.44,0.0,37.01,104.43,12.87,130.88,175.64,11.27
1740258000,2025-02-22 21:00:00,5.0,1174.93,0.0,29.13,108.72,11.68,130.55,172.95,8.49
1740261600,2025-02-22 22:00:00,5.0,1081.47,0.0,21.59,115.87,10.85,135.06,175.56,7.22
1740265200,2025-02-22 23:00:00,5.0,1081.47,0.0,17.65,127.32,10.73,149.7,189.56,6.52
1740268800,2025-02-23 00:00:00,5.0,1228.33,0.0,17.31,141.62,11.68,178.88,219.49,6.02
1740272400,2025-02-23 01:00:00,5.0,1455.31,0.0,20.39,151.63,12.99,212.17,254.04,5.76
1740276000,2025-02-23 02:00:00,5.0,1789.09,0.0,28.45,154.5,13.83,242.07,285.38,6.71
1740279600,2025-02-23 03:00:00,5.0,2456.67,0.28,55.52,130.18,15.5,270.07,317.08,11.27
1740283200,2025-02-23 04:00:00,5.0,3417.97,6.98,98.71,94.41,19.55,287.61,339.03,17.23
1740286800,2025-02-23 05:00:00,5.0,4005.43,17.43,115.16,91.55,23.13,292.74,345.18,21.53
1740290400,2025-02-23 06:00:00,5.0,3471.37,14.98,98.71,124.45,24.56,262.19,310.68,22.04
1740294000,2025-02-23 07:00:00,5.0,1508.71,5.48,36.67,138.76,18.12,121.75,152.41,10.64
1740297600,2025-02-23 08:00:00,5.0,1001.36,3.58,22.96,140.19,12.99,83.52,108.89,8.49
1740301200,2025-02-23 09:00:00,4.0,807.76,3.55,19.36,120.16,9.66,59.73,83.08,7.73
1740304800,2025-02-23 10:00:00,3.0,654.22,4.08,16.28,82.97,6.68,38.8,59.4,6.14
1740308400,2025-02-23 11:00:00,3.0,614.17,4.69,15.59,60.8,5.78,29.59,48.17,5.38
1740312000,2025-02-23 12:00:00,3.0,634.19,4.75,17.82,47.92,5.54,26.55,43.97,5.13
1740315600,2025-02-23 13:00:00,3.0,720.98,3.69,26.39,31.83,5.84,26.65,43.5,5.32
1740319200,2025-02-23 14:00:00,3.0,741.0,0.57,32.56,18.6,5.9,27.37,43.95,5.38
1740322800,2025-02-23 15:00:00,3.0,680.92,0.2,27.08,20.92,5.84,28.58,45.43,5.7
1740326400,2025-02-23 16:00:00,3.0,680.92,0.11,24.68,23.25,6.74,31.3,48.98,6.65
1740330000,2025-02-23 17:00:00,3.0,734.33,0.11,25.02,22.53,7.99,34.98,53.36,7.6
1740333600,2025-02-23 18:00:00,3.0,854.49,0.18,28.1,19.85,9.42,41.6,60.99,8.61
1740337200,2025-02-23 19:00:00,3.0,1014.71,0.58,34.27,13.23,9.78,47.73,69.12,9.5
1740340800,2025-02-23 20:00:00,3.0,1094.82,1.1,38.04,7.33,8.94,49.76,71.09,8.04
1740344400,2025-02-23 21:00:00,4.0,1108.17,1.08,37.7,6.62,9.18,51.61,71.81,7.6
1740348000,2025-02-23 22:00:00,4.0,1014.71,0.39,32.22,10.82,9.06,50.3,67.79,7.28
1740351600,2025-02-23 23:00:00,3.0,907.9,0.12,27.08,16.09,9.3,47.65,62.51,7.35
1740355200,2025-02-24 00:00:00,3.0,894.55,0.09,26.05,17.7,10.49,48.49,62.42,7.85
1740358800,2025-02-24 01:00:00,4.0,1014.71,0.21,30.5,14.48,12.87,51.9,65.36,9.12
1740362400,2025-02-24 02:00:00,4.0,1361.85,2.26,42.5,5.23,16.69,62.46,77.8,12.67
1740366000,2025-02-24 03:00:00,5.0,2403.26,26.38,54.15,0.19,24.32,96.59,118.73,22.8
1740369600,2025-02-24 04:00:00,5.0,3845.21,69.74,68.55,0.78,39.58,145.35,177.86,33.94
1740373200,2025-02-24 05:00:00,5.0,4699.71,92.09,83.63,1.65,55.79,175.0,215.09,41.04
1740376800,2025-02-24 06:00:00,5.0,4699.71,86.72,94.59,2.82,69.62,180.53,224.05,47.12
1740380400,2025-02-24 07:00:00,5.0,5287.17,76.0,131.61,31.83,73.43,233.92,285.71,53.2
1740384000,2025-02-24 08:00:00,5.0,5928.04,44.7,191.93,78.68,62.94,338.6,400.41,48.13
1740387600,2025-02-24 09:00:00,5.0,4806.52,21.68,161.77,124.45,41.96,340.47,400.07,30.91
1740391200,2025-02-24 10:00:00,5.0,2696.99,9.83,89.11,125.89,20.27,207.87,253.52,17.73
1740394800,2025-02-24 11:00:00,5.0,1642.23,7.38,56.21,85.12,11.09,98.43,136.15,13.43
1740398400,2025-02-24 12:00:00,4.0,1201.63,7.04,43.87,40.77,7.99,50.22,82.18,10.77
1740402000,2025-02-24 13:00:00,3.0,1041.41,5.87,42.16,14.48,7.51,36.09,62.27,8.36
1740405600,2025-02-24 14:00:00,3.0,1041.41,6.48,43.18,2.41,7.87,34.88,59.4,8.36
1740409200,2025-02-24 15:00:00,3.0,974.66,4.19,38.73,3.62,7.99,36.8,61.9,9.12
1740412800,2025-02-24 16:00:00,3.0,1121.52,4.75,40.1,3.08,10.01,46.1,74.38,12.16
1740416400,2025-02-24 17:00:00,4.0,1508.71,11.18,42.16,0.46,13.11,65.47,98.4,16.47
1740420000,2025-02-24 18:00:00,5.0,2029.42,20.79,43.87,0.04,16.45,92.69,130.4,20.77
1740423600,2025-02-24 19:00:00,5.0,2349.85,29.06,44.55,0.0,17.88,107.84,147.12,21.28
1740427200,2025-02-24 20:00:00,5.0,2376.56,31.74,45.24,0.0,16.69,106.4,141.5,16.47
1740430800,2025-02-24 21:00:00,5.0,2296.45,29.06,45.24,0.0,15.97,104.04,134.31,13.3
1740434400,2025-02-24 22:00:00,5.0,1949.31,19.67,41.81,0.02,14.19,92.65,116.89,11.4
1740438000,2025-02-24 23:00:00,5.0,1548.77,11.4,35.99,0.09,12.64,77.9,98.6,10.51
1740441600,2025-02-25 00:00:00,4.0,1361.85,7.93,32.56,0.25,12.76,71.44,91.2,10.26
1740445200,2025-02-25 01:00:00,4.0,1428.6,7.93,34.96,0.31,14.42,74.58,95.72,10.89
1740448800,2025-02-25 02:00:00,5.0,1869.2,15.42,41.81,0.09,17.88,92.32,119.97,14.06
1740452400,2025-02-25 03:00:00,5.0,3231.05,50.07,52.09,0.1,25.03,147.86,188.11,25.84
1740456000,2025-02-25 04:00:00,5.0,5928.04,125.17,70.6,1.72,38.15,248.81,307.22,45.6
1740459600,2025-02-25 05:00:00,5.0,8865.36,194.91,112.41,5.1,53.88,371.66,450.33,71.94
1740463200,2025-02-25 06:00:00,5.0,11108.4,184.18,219.35,17.7,69.62,516.63,613.29,95.25
1740466800,2025-02-25 07:00:00,5.0,12176.51,92.98,372.89,76.53,75.34,704.53,818.4,95.25
1740470400,2025-02-25 08:00:00,5.0,11535.64,36.21,394.82,214.58,66.76,859.42,981.04,72.96
1740474000,2025-02-25 09:00:00,5.0,9185.79,17.43,307.08,329.02,52.93,857.95,973.64,47.62
1740477600,2025-02-25 10:00:00,5.0,5607.6,9.28,180.96,320.43,34.81,586.94,674.09,28.88
1740481200,2025-02-25 11:00:00,5.0,3417.97,6.43,116.53,231.74,23.6,319.27,380.97,22.04
1740484800,2025-02-25 12:00:00,5.0,2510.07,5.2,101.45,133.04,17.4,174.83,222.37,19.76
1740488400,2025-02-25 13:00:00,5.0,2216.34,3.41,106.93,49.35,14.9,102.33,139.07,18.75
1740492000,2025-02-25 14:00:00,5.0,2269.74,9.83,105.56,3.4,14.07,76.63,110.39,20.27
1740495600,2025-02-25 15:00:00,4.0,2109.53,17.88,78.14,0.12,13.59,69.42,104.57,21.53
1740499200,2025-02-25 16:00:00,4.0,2082.82,18.33,65.12,0.08,14.78,74.48,112.27,23.56
1740502800,2025-02-25 17:00:00,5.0,1976.01,12.74,59.63,0.34,15.5,77.7,114.48,23.56
1740506400,2025-02-25 18:00:00,4.0,1708.98,4.92,54.84,2.62,14.66,72.35,105.78,21.53
1740510000,2025-02-25 19:00:00,4.0,1401.9,1.45,47.98,7.6,12.52,59.49,88.54,16.21
1740513600,2025-02-25 20:00:00,3.0,1174.93,0.61,42.84,11.35,10.61,48.8,74.2,10.64
1740517200,2025-02-25 21:00:00,3.0,1081.47,0.21,38.04,15.56,10.49,46.97,70.64,8.61
1740520800,2025-02-25 22:00:00,3.0,988.01,0.06,31.53,20.03,10.13,47.28,69.87,8.11
1740524400,2025-02-25 23:00:00,3.0,894.55,0.03,26.05,23.25,9.42,46.03,67.18,7.73
1740528000,2025-02-26 00:00:00,3.0,854.49,0.02,23.99,24.68,9.3,45.82,64.89,7.54
1740531600,2025-02-26 01:00:00,4.0,961.3,0.08,28.1,21.1,10.13,50.34,67.23,8.04
1740535200,2025-02-26 02:00:00,4.0,1361.85,1.82,42.16,8.14,12.99,66.54,84.6,11.02
1740538800,2025-02-26 03:00:00,5.0,2616.88,30.85,52.78,0.2,20.03,116.56,142.7,21.03
1740542400,2025-02-26 04:00:00,5.0,4753.11,96.56,62.38,0.44,30.52,193.38,232.74,33.94
1740546000,2025-02-26 05:00:00,5.0,5767.82,132.32,67.86,0.73,36.24,224.71,271.99,41.04
1740549600,2025-02-26 06:00:00,5.0,5020.14,108.18,69.23,1.92,33.86,194.05,239.27,42.56
1740553200,2025-02-26 07:00:00,5.0,2803.8,40.23,63.75,37.19,25.51,116.02,148.64,27.36
1740556800,2025-02-26 08:00:00,5.0,1815.8,14.08,53.47,82.97,18.36,89.42,115.39,18.75
1740560400,2025-02-26 09:00:00,4.0,1441.96,9.39,43.87,97.27,14.19,72.46,94.85,15.33
1740564000,2025-02-26 10:00:00,4.0,1174.93,8.72,36.33,77.25,10.61,50.1,69.37,13.05
1740567600,2025-02-26 11:00:00,3.0,1148.22,10.28,36.33,51.5,9.54,42.06,60.9,12.29
1740571200,2025-02-26 12:00:00,3.0,1241.68,12.74,41.13,30.04,9.54,40.44,60.11,12.67
1740574800,2025-02-26 13:00:00,3.0,1562.12,21.46,50.04,9.03,10.97,43.81,64.36,14.69
1740578400,2025-02-26 14:00:00,3.0,1735.69,31.29,46.61,0.19,12.04,47.07,67.89,16.21
1740582000,2025-02-26 15:00:00,4.0,1655.58,29.5,38.39,0.01,12.76,51.0,72.94,17.99
1740585600,2025-02-26 16:00:00,4.0,1708.98,27.05,36.33,0.01,15.14,61.7,85.4,20.52
1740589200,2025-02-26 17:00:00,4.0,1815.8,24.81,35.64,0.01,16.45,73.4,98.18,20.27
1740592800,2025-02-26 18:00:00,4.0,1708.98,19.0,34.62,0.06,15.26,74.39,98.97,16.97
1740596400,2025-02-26 19:00:00,4.0,1308.44,9.5,33.59,0.64,11.8,56.9,78.07,11.53
1740600000,2025-02-26 20:00:00,3.0,934.6,2.24,31.19,5.19,9.06,39.02,55.31,7.03
1740603600,2025-02-26 21:00:00,3.0,720.98,0.19,23.99,16.63,8.11,31.72,45.04,5.57
1740607200,2025-02-26 22:00:00,3.0,580.79,0.01,16.11,28.61,7.15,27.19,38.67,4.88
1740610800,2025-02-26 23:00:00,2.0,507.35,0.0,12.17,35.41,6.79,24.37,35.13,4.5
1740614400,2025-02-27 00:00:00,2.0,473.98,0.0,10.97,38.27,7.03,22.86,33.72,4.18
1740618000,2025-02-27 01:00:00,2.0,467.3,0.0,11.65,38.98,7.87,22.42,34.03,4.12
1740621600,2025-02-27 02:00:00,2.0,527.38,0.01,14.91,36.84,8.7,23.92,37.11,4.69
1740625200,2025-02-27 03:00:00,3.0,714.3,0.18,24.33,28.61,10.01,29.05,45.42,6.78
1740628800,2025-02-27 04:00:00,3.0,854.49,1.44,32.56,21.82,10.73,31.21,50.28,7.73
1740632400,2025-02-27 05:00:00,3.0,821.11,2.43,30.5,25.39,10.37,29.9,50.72,7.6
1740636000,2025-02-27 06:00:00,3.0,660.9,2.04,22.62,36.84,9.18,26.63,48.3,6.78
1740639600,2025-02-27 07:00:00,2.0,560.76,2.49,16.11,48.64,7.75,23.91,46.13,5.64
1740643200,2025-02-27 08:00:00,2.0,600.81,3.07,17.14,52.21,7.87,24.46,47.55,5.95
1740646800,2025-02-27 09:00:00,3.0,667.57,4.14,19.36,52.93,8.11,25.54,49.56,6.27
1740650400,2025-02-27 10:00:00,2.0,647.54,5.09,16.62,60.08,7.03,24.89,49.03,5.7
1740654000,2025-02-27 11:00:00,2.0,607.49,3.69,17.14,57.22,6.56,22.94,46.63,5.0
1740657600,2025-02-27 12:00:00,2.0,587.46,2.37,19.02,50.78,6.14,21.43,45.16,4.5
1740661200,2025-02-27 13:00:00,2.0,627.52,0.89,24.68,43.27,6.02,21.51,46.17,4.37
1740664800,2025-02-27 14:00:00,2.0,614.17,0.04,24.68,41.84,5.42,22.27,49.11,4.12
1740668400,2025-02-27 15:00:00,3.0,547.41,0.0,18.51,47.92,4.83,23.34,52.07,4.12
1740672000,2025-02-27 16:00:00,3.0,520.71,0.0,15.25,51.5,4.89,24.26,53.02,4.43
1740675600,2025-02-27 17:00:00,3.0,473.98,0.0,11.82,55.07,4.35,22.82,50.09,3.89
1740679200,2025-02-27 18:00:00,2.0,440.6,0.0,9.6,61.51,3.81,20.01,45.74,3.39
1740682800,2025-02-27 19:00:00,2.0,397.21,0.0,7.8,70.81,3.07,16.27,42.56,2.37
1740686400,2025-02-27 20:00:00,2.0,340.46,0.0,5.74,77.25,2.56,15.36,46.97,1.23
1740690000,2025-02-27 21:00:00,3.0,313.76,0.0,4.11,83.68,2.5,18.35,58.69,0.97
1740693600,2025-02-27 22:00:00,3.0,293.73,0.0,3.13,92.98,2.41,20.87,68.76,0.82
1740697200,2025-02-27 23:00:00,3.0,283.72,0.0,2.87,100.14,2.5,21.07,72.23,0.8
1740700800,2025-02-28 00:00:00,3.0,277.04,0.0,2.87,104.43,2.65,19.33,69.6,0.85
1740704400,2025-02-28 01:00:00,3.0,277.04,0.0,3.26,105.86,2.89,16.73,63.05,0.96
1740708000,2025-02-28 02:00:00,3.0,287.06,0.0,3.86,107.29,2.95,14.16,53.89,1.14
1740711600,2025-02-28 03:00:00,3.0,347.14,0.02,7.03,105.86,3.25,14.01,49.98,2.01
1740715200,2025-02-28 04:00:00,3.0,460.62,0.66,13.02,101.57,4.05,16.1,53.36,3.13
1740718800,2025-02-28 05:00:00,3.0,534.06,2.01,15.94,100.14,4.95,18.7,59.04,4.31
1740722400,2025-02-28 06:00:00,3.0,540.73,2.49,14.57,103.0,5.36,21.61,68.12,5.07
1740726000,2025-02-28 07:00:00,3.0,480.65,2.12,11.48,107.29,4.83,23.73,81.54,4.24
1740729600,2025-02-28 08:00:00,3.0,427.25,1.68,9.0,110.15,4.29,26.46,95.82,3.07
1740733200,2025-02-28 09:00:00,3.0,397.21,1.41,7.8,110.15,3.67,26.53,92.19,2.25
1740736800,2025-02-28 10:00:00,3.0,377.18,1.22,7.03,108.72,3.16,23.56,73.48,1.87
1740740400,2025-02-28 11:00:00,3.0,400.54,1.29,8.31,103.0,3.37,21.99,58.93,2.09
1740744000,2025-02-28 12:00:00,2.0,433.92,1.17,10.71,94.41,3.43,20.09,48.74,2.37
1740747600,2025-02-28 13:00:00,2.0,480.65,0.6,15.59,85.83,3.61,18.92,44.68,2.66
1740751200,2025-02-28 14:00:00,2.0,473.98,0.02,15.77,85.83,3.34,18.21,43.58,2.63
1740754800,2025-02-28 15:00:00,2.0,433.92,0.0,12.0,91.55,3.07,17.93,42.88,2.75
1740758400,2025-02-28 16:00:00,2.0,423.91,0.0,10.02,94.41,3.13,17.74,41.7,2.98
1740762000,2025-02-28 17:00:00,2.0,397.21,0.0,8.05,95.84,2.95,16.79,39.34,2.69
1740765600,2025-02-28 18:00:00,2.0,387.19,0.0,7.03,98.71,2.8,16.43,38.35,2.5
1740769200,2025-02-28 19:00:00,3.0,363.83,0.0,6.25,100.14,2.47,15.77,37.99,1.9
1740772800,2025-02-28 20:00:00,3.0,320.43,0.0,4.93,101.57,2.26,15.01,37.94,1.03
1740776400,2025-02-28 21:00:00,3.0,290.39,0.0,3.0,105.86,1.97,15.56,40.54,0.68
1740780000,2025-02-28 22:00:00,3.0,280.38,0.0,2.38,107.29,2.0,17.36,45.7,0.62
1740783600,2025-02-28 23:00:00,3.0,287.06,0.0,2.53,108.72,2.38,19.71,51.76,0.7
1740787200,2025-03-01 00:00:00,3.0,297.07,0.0,3.0,110.15,2.98,21.94,57.59,0.87
1740790800,2025-03-01 01:00:00,3.0,310.42,0.0,3.81,111.58,3.55,23.58,62.56,1.06
1740794400,2025-03-01 02:00:00,3.0,330.45,0.0,4.97,113.01,3.81,24.97,67.26,1.36
1740798000,2025-03-01 03:00:00,3.0,403.88,0.06,8.91,111.58,4.23,27.01,72.53,2.28
1740801600,2025-03-01 04:00:00,3.0,500.68,0.94,14.22,110.15,5.01,28.68,76.35,3.2
1740805200,2025-03-01 05:00:00,3.0,527.38,1.79,14.39,115.87,5.48,29.57,77.76,3.67
1740808800,2025-03-01 06:00:00,3.0,494.0,1.66,11.48,127.32,5.66,30.26,78.19,3.86
1740812400,2025-03-01 07:00:00,3.0,460.62,1.38,9.25,137.33,5.36,30.51,77.31,3.64
1740816000,2025-03-01 08:00:00,3.0,467.3,1.47,9.51,138.76,5.25,30.47,76.08,3.67
1740819600,2025-03-01 09:00:00,3.0,487.33,1.72,10.8,134.47,4.83,29.49,73.96,3.61
1740823200,2025-03-01 10:00:00,3.0,467.3,1.75,10.8,125.89,4.05,27.24,70.61,3.2
1740826800,2025-03-01 11:00:00,3.0,460.62,1.66,11.14,120.16,3.87,25.51,68.56,2.91
1740830400,2025-03-01 12:00:00,3.0,460.62,1.45,12.85,113.01,3.78,24.01,66.51,2.79
1740834000,2025-03-01 13:00:00,3.0,500.68,0.82,17.48,104.43,3.93,22.64,64.23,2.85
1740837600,2025-03-01 14:00:00,3.0,480.65,0.03,17.48,98.71,3.81,21.07,60.51,2.75
1740841200,2025-03-01 15:00:00,3.0,413.89,0.0,12.0,103.0,3.43,19.73,56.92,2.66
1740844800,2025-03-01 16:00:00,3.0,383.85,0.0,9.17,103.0,3.34,19.08,54.51,2.75
1740848400,2025-03-01 17:00:00,3.0,377.18,0.0,8.23,101.57,3.43,19.01,53.56,2.98
1740852000,2025-03-01 18:00:00,3.0,390.53,0.0,8.14,100.14,3.58,19.65,53.69,3.26
1740855600,2025-03-01 19:00:00,3.0,500.68,0.0,13.19,91.55,4.47,22.81,57.08,4.81
1740859200,2025-03-01 20:00:00,3.0,554.08,0.0,16.96,83.68,4.89,24.27,57.52,4.88
1740862800,2025-03-01 21:00:00,3.0,547.41,0.0,15.77,82.97,5.19,25.03,56.79,4.88
1740866400,2025-03-01 22:00:00,3.0,534.06,0.0,13.88,82.97,5.3,26.2,57.18,5.32
1740870000,2025-03-01 23:00:00,3.0,580.79,0.0,14.57,79.39,6.02,29.07,59.64,5.89
1740873600,2025-03-02 00:00:00,3.0,700.95,0.0,18.34,72.96,7.75,35.13,65.96,6.21
1740877200,2025-03-02 01:00:00,3.0,934.6,0.0,27.08,62.23,11.09,45.94,77.47,6.84
1740880800,2025-03-02 02:00:00,4.0,1281.74,0.0,41.13,50.78,14.54,60.13,93.44,8.74
1740884400,2025-03-02 03:00:00,5.0,2056.12,2.15,73.34,29.33,19.55,89.48,128.6,13.93
1740888000,2025-03-02 04:00:00,5.0,3070.83,22.35,95.96,26.82,26.7,121.07,168.55,20.77
1740891600,2025-03-02 05:00:00,5.0,3791.81,38.44,109.67,36.48,34.81,146.06,200.72,29.39
1740895200,2025-03-02 06:00:00,5.0,3845.21,30.85,119.27,68.66,43.39,168.66,227.83,34.96
1740898800,2025-03-02 07:00:00,5.0,2723.69,12.41,87.74,141.62,47.68,155.79,214.57,25.33
1740902400,2025-03-02 08:00:00,5.0,1922.61,5.64,57.58,205.99,42.44,157.22,214.59,15.96
1740906000,2025-03-02 09:00:00,5.0,1214.98,2.46,30.16,231.74,29.56,127.01,180.49,9.63
1740909600,2025-03-02 10:00:00,5.0,674.25,1.42,15.42,185.97,16.45,63.6,112.33,6.97
1740913200,2025-03-02 11:00:00,3.0,494.0,1.44,12.68,130.18,8.82,33.56,77.11,4.81
1740916800,2025-03-02 12:00:00,3.0,447.27,1.19,12.68,101.57,5.07,22.99,59.96,3.36
1740920400,2025-03-02 13:00:00,3.0,467.3,0.52,16.45,87.98,3.93,19.77,52.06,2.94
1740924000,2025-03-02 14:00:00,2.0,460.62,0.01,16.62,84.4,3.25,18.73,49.45,2.85
1740927600,2025-03-02 15:00:00,3.0,417.23,0.0,12.51,89.41,2.98,19.03,51.87,2.91
1740931200,2025-03-02 16:00:00,3.0,407.22,0.0,10.54,92.98,3.28,20.06,54.9,3.17
1740934800,2025-03-02 17:00:00,3.0,397.21,0.0,9.34,94.41,3.46,20.12,54.09,3.23
1740938400,2025-03-02 18:00:00,3.0,397.21,0.0,9.0,94.41,3.64,19.4,50.9,3.32
1740942000,2025-03-02 19:00:00,2.0,373.84,0.0,8.31,97.27,3.43,17.0,45.89,2.75
1740945600,2025-03-02 20:00:00,3.0,327.11,0.0,6.6,103.0,2.98,14.32,48.2,1.65
1740949200,2025-03-02 21:00:00,3.0,320.43,0.0,5.74,105.86,3.55,15.01,63.43,1.65
1740952800,2025-03-02 22:00:00,3.0,310.42,0.0,4.5,108.72,3.61,17.29,79.19,1.58
1740956400,2025-03-02 23:00:00,3.0,307.08,0.0,3.9,110.15,3.64,20.41,89.41,1.49
1740960000,2025-03-03 00:00:00,3.0,307.08,0.0,3.68,108.72,3.78,24.27,95.94,1.35
1740963600,2025-03-03 01:00:00,4.0,313.76,0.0,3.73,108.72,3.73,29.1,103.61,1.03
1740967200,2025-03-03 02:00:00,4.0,347.14,0.0,5.18,107.29,4.05,34.15,120.27,1.14
1740970800,2025-03-03 03:00:00,4.0,440.6,0.07,9.94,101.57,4.71,37.22,134.5,2.18
1740974400,2025-03-03 04:00:00,4.0,527.38,0.94,14.74,97.27,5.42,36.59,124.5,3.13
1740978000,2025-03-03 05:00:00,4.0,507.35,1.66,12.34,97.27,5.36,35.43,109.86,3.36
1740981600,2025-03-03 06:00:00,4.0,447.27,1.45,8.4,98.71,4.95,37.24,108.38,3.07
1740985200,2025-03-03 07:00:00,4.0,393.87,1.09,5.91,100.14,4.17,38.48,114.41,2.18
1740988800,2025-03-03 08:00:00,4.0,377.18,0.94,5.18,105.86,3.99,39.34,124.09,1.71
1740992400,2025-03-03 09:00:00,4.0,367.16,0.85,5.14,111.58,3.81,40.66,136.72,1.38
1740996000,2025-03-03 10:00:00,4.0,403.88,1.24,7.37,110.15,4.53,41.72,141.16,1.92
1740999600,2025-03-03 11:00:00,4.0,453.95,1.76,10.88,103.0,4.95,42.45,139.72,2.63
1741003200,2025-03-03 12:00:00,4.0,494.0,1.77,14.39,95.84,4.59,42.56,141.4,2.88
1741006800,2025-03-03 13:00:00,4.0,574.11,1.08,21.59,86.55,4.71,43.16,145.2,3.26
1741010400,2025-03-03 14:00:00,4.0,600.81,0.04,24.68,84.4,4.89,44.42,150.19,3.55
1741014000,2025-03-03 15:00:00,4.0,580.79,0.0,21.08,90.84,5.13,46.58,156.47,4.12
1741017600,2025-03-03 16:00:00,4.0,594.14,0.0,19.36,95.84,5.78,49.21,161.26,4.94
1741021200,2025-03-03 17:00:00,4.0,547.41,0.0,16.11,100.14,5.84,49.88,161.58,4.94
1741024800,2025-03-03 18:00:00,4.0,534.06,0.0,14.05,103.0,5.72,50.41,161.43,5.0
1741028400,2025-03-03 19:00:00,4.0,534.06,0.0,14.39,103.0,6.02,47.85,149.8,5.26
1741032000,2025-03-03 20:00:00,4.0,627.52,0.0,20.22,94.41,10.25,47.15,135.43,7.47
1741035600,2025-03-03 21:00:00,4.0,801.09,0.0,26.39,80.82,17.64,54.43,138.48,12.16
1741039200,2025-03-03 22:00:00,4.0,747.68,0.0,22.28,77.25,16.69,57.49,143.54,15.2
1741042800,2025-03-03 23:00:00,4.0,694.27,0.0,19.19,76.53,15.97,52.58,124.52,17.99
1741046400,2025-03-04 00:00:00,4.0,741.0,0.0,20.39,74.39,17.4,46.91,102.3,20.27
1741050000,2025-03-04 01:00:00,3.0,814.44,0.0,23.99,75.82,19.31,42.54,89.15,21.53
1741053600,2025-03-04 02:00:00,3.0,988.01,0.0,31.87,77.25,20.98,43.86,92.01,23.05
1741057200,2025-03-04 03:00:00,4.0,1415.25,1.37,52.09,69.38,22.65,57.77,113.98,27.61
1741060800,2025-03-04 04:00:00,4.0,1976.01,11.62,67.86,60.8,27.18,72.33,130.36,31.92
1741064400,2025-03-04 05:00:00,5.0,2323.15,19.45,72.66,66.52,33.86,84.12,139.22,35.46
1741068000,2025-03-04 06:00:00,5.0,2189.64,16.32,67.86,92.98,39.58,88.14,138.1,34.45
1741071600,2025-03-04 07:00:00,4.0,1602.17,8.94,48.67,131.61,35.76,69.38,107.69,24.32
1741075200,2025-03-04 08:00:00,4.0,1495.36,6.48,44.55,164.51,35.76,74.9,108.9,21.28
1741078800,2025-03-04 09:00:00,5.0,1522.06,5.25,44.55,197.41,39.1,86.31,121.02,19.76
1741082400,2025-03-04 10:00:00,5.0,2162.93,7.82,74.03,200.27,41.96,119.74,159.37,24.83
1741086000,2025-03-04 11:00:00,5.0,3177.64,12.74,122.01,173.09,42.92,160.7,206.23,34.96
1741089600,2025-03-04 12:00:00,5.0,3898.62,16.54,160.4,120.16,42.92,167.45,216.01,42.05
1741093200,2025-03-04 13:00:00,5.0,4753.11,23.92,202.89,43.63,45.3,159.53,208.6,49.65
1741096800,2025-03-04 14:00:00,5.0,5607.6,40.68,216.6,1.54,49.59,160.01,210.28,57.76
1741100400,2025-03-04 15:00:00,5.0,5554.2,41.13,197.41,0.0,52.45,160.71,212.0,60.8
1741104000,2025-03-04 16:00:00,5.0,4592.9,17.21,169.99,0.14,50.54,143.71,195.97,55.22
1741107600,2025-03-04 17:00:00,5.0,3898.62,5.92,135.72,2.64,45.78,137.31,196.28,54.72
1741111200,2025-03-04 18:00:00,5.0,3124.24,0.26,94.59,20.74,38.15,121.93,183.19,51.17
1741114800,2025-03-04 19:00:00,5.0,2403.26,0.0,67.17,45.42,31.47,96.35,152.5,43.06
1741118400,2025-03-04 20:00:00,4.0,1642.23,0.0,46.61,65.8,24.32,59.84,103.41,30.15
1741122000,2025-03-04 21:00:00,3.0,1014.71,0.0,27.76,83.68,18.6,37.19,69.71,21.79
1741125600,2025-03-04 22:00:00,3.0,747.68,0.0,18.16,92.98,16.69,29.73,56.83,18.75
1741129200,2025-03-04 23:00:00,3.0,694.27,0.0,16.11,94.41,16.93,29.0,54.42,18.24
1741132800,2025-03-05 00:00:00,3.0,694.27,0.0,16.11,94.41,17.64,29.27,54.33,17.99
1741309200,2025-03-07 01:00:00,5.0,1789.09,0.3,55.52,14.66,14.78,94.77,135.48,27.11
1741312800,2025-03-07 02:00:00,5.0,2456.67,8.27,72.66,1.61,19.31,122.35,169.48,40.02
1741316400,2025-03-07 03:00:00,5.0,4165.65,55.43,85.68,1.81,28.13,185.24,246.77,61.81
1741320000,2025-03-07 04:00:00,5.0,7476.81,155.57,112.41,6.26,43.39,295.33,375.59,88.16
1741323600,2025-03-07 05:00:00,5.0,11215.21,227.09,194.67,13.23,61.99,440.71,538.32,110.45
1741327200,2025-03-07 06:00:00,5.0,13671.88,171.66,367.4,44.35,77.25,633.52,742.1,119.57
1741330800,2025-03-07 07:00:00,5.0,12924.19,61.69,444.17,164.51,74.39,759.85,867.4,97.27
1741334400,2025-03-07 08:00:00,5.0,9292.6,20.79,309.82,320.43,53.88,671.18,761.0,58.26
1741338000,2025-03-07 09:00:00,5.0,5607.6,10.51,172.73,337.6,34.81,441.89,511.84,32.17
1741341600,2025-03-07 10:00:00,5.0,2830.51,8.61,89.11,205.99,19.79,186.26,241.25,20.52
1741345200,2025-03-07 11:00:00,4.0,1708.98,9.72,59.63,107.29,12.4,68.7,121.63,16.09
1741348800,2025-03-07 12:00:00,3.0,1228.33,8.49,46.61,67.95,8.58,40.27,92.48,11.15
1741352400,2025-03-07 13:00:00,3.0,1121.52,5.14,50.04,45.06,7.39,33.09,83.01,9.25
1741356000,2025-03-07 14:00:00,3.0,1148.22,0.58,59.63,24.68,7.87,34.1,80.57,9.25
1741359600,2025-03-07 15:00:00,3.0,1041.41,0.02,49.35,33.26,8.23,36.91,80.42,9.88
1741363200,2025-03-07 16:00:00,3.0,988.01,0.0,41.13,42.2,7.99,39.55,82.85,11.27
1741366800,2025-03-07 17:00:00,3.0,1001.36,0.0,38.73,42.2,8.11,42.29,87.41,12.92
1741370400,2025-03-07 18:00:00,3.0,1081.47,0.0,39.41,40.05,8.82,47.78,94.33,15.33
1741374000,2025-03-07 19:00:00,3.0,1028.06,0.0,38.04,41.48,8.23,46.07,90.01,14.06
1741377600,2025-03-07 20:00:00,3.0,801.09,0.0,30.5,50.78,6.74,37.58,75.8,9.88
1741381200,2025-03-07 21:00:00,3.0,580.79,0.0,18.85,65.8,5.42,32.09,67.83,7.28
1741384800,2025-03-07 22:00:00,3.0,447.27,0.0,10.54,80.82,4.41,29.74,66.49,6.14
1741388400,2025-03-07 23:00:00,3.0,380.52,0.0,7.03,89.41,3.76,28.54,66.13,5.19
1741392000,2025-03-08 00:00:00,3.0,347.14,0.0,5.65,91.55,3.37,27.23,63.88,4.12
1741395600,2025-03-08 01:00:00,3.0,580.79,0.0,14.39,80.82,6.97,35.51,73.49,9.25
1741399200,2025-03-08 02:00:00,3.0,947.95,0.0,29.13,61.51,10.97,48.24,89.67,17.48
1741402800,2025-03-08 03:00:00,4.0,1575.47,2.54,55.52,35.05,15.02,67.6,114.56,27.61
1741406400,2025-03-08 04:00:00,5.0,2563.48,26.15,72.66,23.25,21.22,92.8,146.49,38.0
1741410000,2025-03-08 05:00:00,5.0,2937.32,37.1,76.77,30.76,25.51,101.6,159.55,41.54
1741413600,2025-03-08 06:00:00,5.0,2269.74,20.12,67.17,64.37,32.42,86.49,145.29,33.94
1741417200,2025-03-08 07:00:00,4.0,1148.22,6.37,34.96,110.15,46.73,55.42,103.8,16.72
1741420800,2025-03-08 08:00:00,3.0,787.73,3.19,21.08,131.61,28.61,40.3,73.78,9.63
1741424400,2025-03-08 09:00:00,3.0,720.98,2.57,18.16,137.33,16.69,34.01,62.5,7.73
1741428000,2025-03-08 10:00:00,3.0,647.54,2.35,16.45,127.32,11.21,30.32,60.94,6.65
1741431600,2025-03-08 11:00:00,3.0,614.17,2.43,16.62,108.72,7.15,29.03,67.02,5.89
1741435200,2025-03-08 12:00:00,3.0,580.79,2.24,17.48,87.98,4.35,28.49,73.92,4.81
1741438800,2025-03-08 13:00:00,3.0,640.87,1.38,23.99,69.38,3.61,29.51,77.03,4.43
1741442400,2025-03-08 14:00:00,3.0,720.98,0.08,31.19,54.36,3.81,31.51,76.37,5.19
1741446000,2025-03-08 15:00:00,3.0,734.33,0.0,30.5,50.07,4.29,33.66,76.85,6.71
1741449600,2025-03-08 16:00:00,3.0,807.76,0.0,31.19,47.21,5.42,37.11,78.82,9.12
1741453200,2025-03-08 17:00:00,3.0,821.11,0.0,29.47,49.35,6.2,38.88,76.93,10.26
1741456800,2025-03-08 18:00:00,3.0,854.49,0.0,27.76,55.07,6.97,41.08,76.74,11.78
1741460400,2025-03-08 19:00:00,3.0,814.44,0.0,25.7,60.08,6.68,39.48,72.94,11.15
1741464000,2025-03-08 20:00:00,3.0,700.95,0.0,21.76,62.94,5.6,34.98,64.94,8.74
1741467600,2025-03-08 21:00:00,3.0,620.84,0.0,17.48,65.8,5.25,33.81,60.77,8.36
1741471200,2025-03-08 22:00:00,3.0,627.52,0.0,15.77,65.09,5.25,36.19,60.92,9.88
1741474800,2025-03-08 23:00:00,3.0,714.3,0.0,17.82,58.65,6.08,41.26,64.94,12.79
1741478400,2025-03-09 00:00:00,3.0,854.49,0.0,22.28,48.64,7.75,48.42,73.04,16.21
1741482000,2025-03-09 01:00:00,4.0,1094.82,0.0,31.19,35.76,10.49,58.56,88.47,21.79
1741485600,2025-03-09 02:00:00,4.0,1522.06,0.09,48.67,21.99,15.02,73.49,112.23,28.37
1741489200,2025-03-09 03:00:00,5.0,2536.77,13.19,74.71,9.39,23.37,106.98,155.58,40.02
1741492800,2025-03-09 04:00:00,5.0,4058.84,52.3,91.85,16.45,32.9,150.7,209.35,53.7
1741496400,2025-03-09 05:00:00,5.0,5393.98,71.53,126.12,28.61,40.05,198.47,265.53,64.34
1741500000,2025-03-09 06:00:00,5.0,6034.85,46.04,175.48,80.11,46.25,260.63,334.45,67.89
1741503600,2025-03-09 07:00:00,5.0,6462.1,19.22,197.41,214.58,52.45,372.19,450.58,69.92
1741507200,2025-03-09 08:00:00,5.0,6782.53,9.61,191.93,406.27,56.27,545.2,625.0,66.88
1741510800,2025-03-09 09:00:00,5.0,6408.69,5.14,159.03,572.2,49.59,701.07,778.56,52.69
1741514400,2025-03-09 10:00:00,5.0,4325.87,2.96,97.33,537.87,30.04,574.12,637.85,32.93
1741518000,2025-03-09 11:00:00,5.0,2590.18,2.65,65.8,357.63,16.93,304.85,359.37,23.05
1741521600,2025-03-09 12:00:00,5.0,1642.23,3.16,54.15,181.67,10.37,125.27,174.77,17.48
1741525200,2025-03-09 13:00:00,4.0,1321.79,2.82,57.58,74.39,7.51,57.15,99.9,12.03
1741528800,2025-03-09 14:00:00,3.0,1281.74,0.45,64.43,24.68,7.09,42.26,80.87,10.89
1741532400,2025-03-09 15:00:00,3.0,1121.52,0.12,52.78,23.6,7.15,41.14,78.58,11.27
1741536000,2025-03-09 16:00:00,3.0,1054.76,0.0,42.16,41.84,8.23,46.65,85.57,12.79
1741539600,2025-03-09 17:00:00,4.0,1081.47,0.0,38.04,50.07,9.3,52.97,92.87,14.95
1741543200,2025-03-09 18:00:00,4.0,1134.87,0.0,37.01,51.5,9.78,57.35,97.72,16.97
1741546800,2025-03-09 19:00:00,4.0,1108.17,0.0,36.67,50.07,9.06,56.34,95.5,15.96
1741550400,2025-03-09 20:00:00,4.0,1001.36,0.0,34.27,50.07,8.11,51.69,87.07,13.3
1741554000,2025-03-09 21:00:00,4.0,974.66,0.0,31.87,50.07,8.82,51.37,84.45,14.06
1741557600,2025-03-09 22:00:00,4.0,907.9,0.0,26.73,51.5,8.94,50.44,82.95,15.2
1741561200,2025-03-09 23:00:00,3.0,814.44,0.0,21.59,52.93,8.46,47.7,81.76,15.07
1741564800,2025-03-10 00:00:00,3.0,767.71,0.0,19.36,52.93,8.46,46.67,83.29,14.31
1741568400,2025-03-10 01:00:00,4.0,854.49,0.0,22.96,48.64,9.54,50.52,88.56,15.2
1741572000,2025-03-10 02:00:00,4.0,1161.58,0.01,36.67,35.05,11.56,61.89,99.39,19.0
1741575600,2025-03-10 03:00:00,5.0,2082.82,10.39,65.12,7.87,16.21,92.58,132.65,29.13
1741579200,2025-03-10 04:00:00,5.0,3578.19,59.01,71.97,7.42,22.41,132.73,177.58,41.04
1741582800,2025-03-10 05:00:00,5.0,4165.65,74.21,82.25,16.27,24.8,145.31,190.32,43.57
1741586400,2025-03-10 06:00:00,5.0,3524.78,42.47,93.22,46.49,22.89,133.11,174.6,37.49
1741590000,2025-03-10 07:00:00,5.0,2296.45,15.65,69.92,101.57,17.17,95.68,132.27,25.59
1741593600,2025-03-10 08:00:00,4.0,1562.12,8.05,47.3,130.18,13.23,69.34,103.37,17.99
1741597200,2025-03-10 09:00:00,4.0,1241.68,6.71,37.7,123.02,11.21,53.96,86.85,13.93
1741600800,2025-03-10 10:00:00,3.0,1041.41,6.54,32.22,100.14,8.94,40.11,72.6,11.15
1741604400,2025-03-10 11:00:00,3.0,1001.36,7.15,33.59,81.54,8.23,34.92,69.1,10.39
1741608000,2025-03-10 12:00:00,3.0,1054.76,7.49,39.07,63.66,8.11,32.47,66.95,10.13
1741611600,2025-03-10 13:00:00,3.0,1268.39,7.49,55.52,31.11,8.82,32.28,64.83,11.15
1741615200,2025-03-10 14:00:00,3.0,1441.96,8.83,65.12,3.13,9.18,33.23,63.36,12.54
1741618800,2025-03-10 15:00:00,3.0,1441.96,12.29,53.47,0.36,9.42,36.5,65.97,14.82
1741622400,2025-03-10 16:00:00,3.0,1562.12,13.52,50.04,0.23,11.09,45.95,76.98,19.25
1741626000,2025-03-10 17:00:00,4.0,1682.28,13.08,48.67,0.22,12.99,56.52,88.85,23.31
1741629600,2025-03-10 18:00:00,4.0,1789.09,12.52,48.67,0.25,14.19,65.76,99.56,26.35
1741633200,2025-03-10 19:00:00,4.0,1682.28,10.28,47.98,0.41,12.99,61.27,93.81,24.07
1741636800,2025-03-10 20:00:00,3.0,1415.25,5.81,47.3,1.27,10.85,49.27,77.81,19.0
1741640400,2025-03-10 21:00:00,3.0,1188.28,1.44,43.18,5.81,10.01,42.44,68.23,17.23
1741644000,2025-03-10 22:00:00,3.0,947.95,0.1,32.22,17.7,9.06,37.06,61.04,16.72
1741647600,2025-03-10 23:00:00,3.0,787.73,0.01,23.99,27.18,8.34,33.0,55.9,15.71
1741651200,2025-03-11 00:00:00,3.0,747.68,0.0,21.76,31.11,8.58,32.3,55.33,14.44
1741654800,2025-03-11 01:00:00,3.0,881.2,0.01,27.08,27.89,10.25,37.44,61.6,16.09
1741658400,2025-03-11 02:00:00,4.0,1361.85,1.02,45.93,12.7,14.19,55.0,82.23,24.32
1741662000,2025-03-11 03:00:00,5.0,2803.8,33.08,63.75,4.6,22.89,107.51,143.53,43.06
1741665600,2025-03-11 04:00:00,5.0,6034.85,123.38,91.85,7.6,39.58,223.63,277.24,73.97
1741669200,2025-03-11 05:00:00,5.0,9933.47,191.33,180.96,15.91,55.79,386.53,459.78,98.29
1741672800,2025-03-11 06:00:00,5.0,11856.08,128.75,337.24,57.22,63.9,566.45,652.17,101.33
1741676400,2025-03-11 07:00:00,5.0,9933.47,42.02,339.98,191.69,53.41,611.21,693.69,72.96
1741680000,2025-03-11 08:00:00,5.0,6622.31,14.98,213.86,323.3,34.81,509.5,579.47,41.04
1741683600,2025-03-11 09:00:00,5.0,4165.65,8.49,126.12,323.3,21.7,349.52,409.58,25.33
1741687200,2025-03-11 10:00:00,5.0,2429.96,8.49,77.46,194.55,13.11,159.6,209.7,19.25
1741690800,2025-03-11 11:00:00,4.0,1762.39,12.52,58.95,90.12,10.25,67.44,110.48,16.72
1741694400,2025-03-11 12:00:00,3.0,1495.36,15.42,50.72,45.78,8.94,43.11,80.65,13.81
1741698000,2025-03-11 13:00:00,3.0,1361.85,14.75,50.72,21.28,7.99,32.96,65.79,11.4
1741701600,2025-03-11 14:00:00,3.0,1388.55,16.76,50.72,1.74,7.87,32.04,63.46,11.65
1741705200,2025-03-11 15:00:00,3.0,1255.04,17.66,37.7,0.08,7.75,33.3,64.66,12.16
1741708800,2025-03-11 16:00:00,3.0,1201.63,12.07,35.64,0.33,8.58,37.29,69.03,13.17
1741712400,2025-03-11 17:00:00,3.0,1134.87,4.02,38.39,3.53,9.3,40.23,71.8,13.81
1741716000,2025-03-11 18:00:00,3.0,1028.06,0.37,35.99,16.45,9.18,40.56,72.01,13.55
1741719600,2025-03-11 19:00:00,3.0,854.49,0.02,30.5,29.68,7.87,34.57,65.03,10.26
1741723200,2025-03-11 20:00:00,3.0,714.3,0.01,26.73,35.05,6.85,28.76,56.68,7.09
1741726800,2025-03-11 21:00:00,3.0,634.19,0.0,22.28,39.7,6.91,27.5,53.44,6.27
1741730400,2025-03-11 22:00:00,3.0,574.11,0.0,17.31,43.27,6.74,27.39,51.18,6.21
1741734000,2025-03-11 23:00:00,3.0,534.06,0.0,14.39,45.06,6.44,27.13,49.0,6.08
1741737600,2025-03-12 00:00:00,3.0,534.06,0.0,13.88,44.35,6.56,27.43,48.16,5.95
1741741200,2025-03-12 01:00:00,3.0,580.79,0.0,16.45,41.48,7.21,29.15,49.71,6.08
1741744800,2025-03-12 02:00:00,3.0,680.92,0.01,22.28,36.12,7.87,31.79,52.66,6.71
1741748400,2025-03-12 03:00:00,3.0,1028.06,3.41,36.33,23.25,9.3,40.26,64.13,9.75
1741752000,2025-03-12 04:00:00,3.0,1548.77,19.89,42.84,21.46,11.32,49.76,77.79,13.3
1741755600,2025-03-12 05:00:00,3.0,1642.23,24.14,43.87,30.4,11.8,49.79,79.98,15.33
1741759200,2025-03-12 06:00:00,3.0,1335.14,15.2,37.7,52.21,10.73,44.25,74.84,14.82
1741762800,2025-03-12 07:00:00,3.0,907.9,7.49,25.36,75.1,8.34,35.21,63.91,10.64
1741766400,2025-03-12 08:00:00,3.0,720.98,5.36,19.71,82.25,7.15,31.03,57.84,8.04
1741770000,2025-03-12 09:00:00,3.0,667.57,5.03,18.34,80.11,6.62,28.8,54.41,6.78
1741773600,2025-03-12 10:00:00,3.0,600.81,4.64,16.62,74.39,5.6,26.4,52.25,5.51
1741777200,2025-03-12 11:00:00,3.0,587.46,4.53,16.79,67.23,5.19,26.5,54.21,4.88
1741780800,2025-03-12 12:00:00,3.0,600.81,4.25,19.36,60.08,5.01,27.51,57.69,4.62
1741784400,2025-03-12 13:00:00,3.0,680.92,3.1,27.42,47.21,5.07,28.83,61.46,4.69
1741788000,2025-03-12 14:00:00,3.0,660.9,0.24,30.5,40.05,4.65,29.43,63.86,4.43
1741791600,2025-03-12 15:00:00,3.0,574.11,0.0,22.62,50.07,4.17,30.11,65.91,4.43
1741795200,2025-03-12 16:00:00,3.0,534.06,0.0,17.65,59.37,4.17,31.01,68.21,4.56
1741798800,2025-03-12 17:00:00,3.0,494.0,0.0,14.05,65.8,4.05,30.79,67.99,4.37
1741802400,2025-03-12 18:00:00,3.0,473.98,0.0,11.82,70.81,3.93,30.18,66.24,4.12
1741806000,2025-03-12 19:00:00,3.0,433.92,0.0,10.02,75.1,3.43,28.02,61.49,3.04
1741809600,2025-03-12 20:00:00,3.0,370.5,0.0,7.45,78.68,2.86,25.46,55.16,1.58
1741813200,2025-03-12 21:00:00,3.0,340.46,0.0,5.18,81.54,2.77,24.5,51.18,1.28
1741816800,2025-03-12 22:00:00,2.0,330.45,0.0,3.9,82.97,2.77,23.9,48.3,1.35
1741820400,2025-03-12 23:00:00,2.0,340.46,0.0,4.03,82.25,3.22,23.97,47.55,1.71
1741824000,2025-03-13 00:00:00,2.0,357.15,0.0,4.67,81.54,3.93,24.11,47.45,2.15
1741827600,2025-03-13 01:00:00,2.0,387.19,0.0,6.25,79.39,4.89,24.73,47.97,2.79
1741831200,2025-03-13 02:00:00,3.0,433.92,0.0,9.0,76.53,5.36,25.85,49.93,3.32
1741834800,2025-03-13 03:00:00,3.0,607.49,0.45,17.82,67.95,6.2,29.86,57.02,5.19
1741838400,2025-03-13 04:00:00,3.0,834.47,4.14,27.42,60.08,7.63,34.13,65.57,7.16
1741842000,2025-03-13 05:00:00,3.0,827.79,5.81,25.36,67.95,8.23,34.9,69.25,7.79
1741845600,2025-03-13 06:00:00,3.0,687.6,4.02,18.16,85.12,7.99,33.98,69.99,7.09
1741849200,2025-03-13 07:00:00,3.0,580.79,2.68,13.02,95.84,6.68,32.15,69.44,5.57
1741852800,2025-03-13 08:00:00,3.0,587.46,2.71,13.02,98.71,6.2,32.29,70.57,5.32
1741856400,2025-03-13 09:00:00,3.0,620.84,3.13,14.91,97.27,5.9,32.46,71.41,5.32
1741860000,2025-03-13 10:00:00,3.0,594.14,3.19,14.74,90.12,5.01,30.41,68.9,4.75
1741863600,2025-03-13 11:00:00,3.0,574.11,3.19,15.08,79.39,4.59,28.63,65.98,4.37
1741867200,2025-03-13 12:00:00,3.0,580.79,2.96,17.31,68.66,4.35,27.7,64.64,4.18
1741870800,2025-03-13 13:00:00,3.0,634.19,1.9,23.99,55.79,4.29,27.35,64.5,4.18
1741874400,2025-03-13 14:00:00,3.0,600.81,0.1,24.33,52.21,3.87,26.83,64.45,3.89
1741878000,2025-03-13 15:00:00,3.0,514.03,0.0,16.79,60.8,3.37,26.37,63.06,3.61
1741881600,2025-03-13 16:00:00,3.0,473.98,0.0,12.68,67.95,3.4,26.24,61.41,3.64
1741885200,2025-03-13 17:00:00,3.0,447.27,0.0,10.28,73.67,3.4,26.52,61.82,3.55
1741888800,2025-03-13 18:00:00,3.0,427.25,0.0,9.08,77.25,3.4,27.46,63.32,3.48
1741892400,2025-03-13 19:00:00,3.0,400.54,0.0,8.14,80.11,3.13,27.21,63.39,2.79
1741896000,2025-03-13 20:00:00,3.0,350.48,0.0,6.34,82.97,2.71,26.03,62.27,1.6
1741899600,2025-03-13 21:00:00,3.0,327.11,0.0,4.67,85.83,2.71,26.52,63.14,1.31
1741903200,2025-03-13 22:00:00,3.0,340.46,0.0,4.67,84.4,2.53,28.4,63.21,1.8
1741906800,2025-03-13 23:00:00,3.0,353.81,0.0,5.06,82.25,2.68,30.15,63.68,2.22
1741910400,2025-03-14 00:00:00,3.0,370.5,0.0,5.57,80.82,3.04,31.7,65.81,2.47
1741914000,2025-03-14 01:00:00,3.0,393.87,0.0,6.94,78.68,3.49,32.93,67.83,2.79
1741917600,2025-03-14 02:00:00,3.0,417.23,0.0,8.48,77.25,3.4,32.88,68.15,3.1
1741921200,2025-03-14 03:00:00,3.0,560.76,0.31,16.45,70.1,3.93,34.76,71.88,5.13
1741924800,2025-03-14 04:00:00,3.0,554.08,1.51,15.25,77.96,4.17,29.06,73.07,3.99
1741928400,2025-03-14 05:00:00,3.0,567.44,2.51,14.39,82.25,4.47,27.83,71.29,4.18
1741932000,2025-03-14 06:00:00,3.0,534.06,2.32,11.65,90.84,4.59,28.17,71.49,4.24
1741935600,2025-03-14 07:00:00,3.0,487.33,1.87,9.25,97.27,4.23,26.94,68.89,3.67
1741939200,2025-03-14 08:00:00,3.0,480.65,1.82,8.91,100.14,4.23,25.62,67.28,3.45
1741942800,2025-03-14 09:00:00,3.0,494.0,2.04,9.94,100.14,4.23,24.29,67.16,3.42
1741946400,2025-03-14 10:00:00,3.0,487.33,2.18,10.62,95.84,3.99,23.28,67.42,3.32
1741950000,2025-03-14 11:00:00,3.0,494.0,2.32,11.65,89.41,3.93,22.26,66.46,3.29
1741953600,2025-03-14 12:00:00,3.0,507.35,2.24,13.88,82.97,3.7,21.31,66.19,3.26
1741957200,2025-03-14 13:00:00,3.0,554.08,1.54,19.71,74.39,3.67,20.71,66.48,3.36
1741960800,2025-03-14 14:00:00,3.0,554.08,0.11,21.42,72.96,3.4,20.28,65.52,3.26
1741964400,2025-03-14 15:00:00,3.0,507.35,0.0,16.45,80.11,3.16,20.6,65.3,3.36
1741968000,2025-03-14 16:00:00,3.0,494.0,0.0,13.54,83.68,3.34,22.1,67.75,3.61
1741971600,2025-03-14 17:00:00,3.0,453.95,0.0,10.62,87.98,3.22,23.11,71.08,3.29
1741975200,2025-03-14 18:00:00,3.0,427.25,0.0,8.91,92.98,3.13,23.92,73.74,2.98
1741978800,2025-03-14 19:00:00,3.0,410.56,0.0,8.4,95.84,3.04,23.46,72.64,2.47
1741982400,2025-03-14 20:00:00,3.0,380.52,0.0,7.97,94.41,3.16,22.04,68.92,1.92
1741986000,2025-03-14 21:00:00,3.0,353.81,0.0,5.91,95.84,3.22,20.79,65.29,2.06
1741989600,2025-03-14 22:00:00,3.0,367.16,0.0,5.57,92.98,3.31,20.19,60.75,3.2
1741993200,2025-03-14 23:00:00,3.0,407.22,0.0,6.85,90.84,3.81,20.52,56.42,5.07
1741996800,2025-03-15 00:00:00,3.0,473.98,0.0,9.34,87.98,5.01,22.08,55.84,7.66
1742000400,2025-03-15 01:00:00,3.0,594.14,0.0,14.22,81.54,6.91,25.75,59.77,11.27
1742004000,2025-03-15 02:00:00,3.0,794.41,0.0,22.96,71.53,9.3,32.18,69.0,15.83
1742007600,2025-03-15 03:00:00,3.0,1255.04,1.98,42.5,54.36,13.59,45.6,87.74,23.05
1742011200,2025-03-15 04:00:00,4.0,1842.5,13.41,59.63,47.21,20.98,61.44,108.99,29.39
1742014800,2025-03-15 05:00:00,5.0,2376.56,21.9,72.66,55.79,28.37,82.22,133.11,35.46
1742018400,2025-03-15 06:00:00,5.0,2590.18,17.66,80.2,95.84,34.33,107.63,160.71,38.0
1742022000,2025-03-15 07:00:00,4.0,1188.28,4.25,31.87,160.22,21.93,55.51,103.26,17.73
1742025600,2025-03-15 08:00:00,5.0,867.84,2.1,19.36,191.69,15.74,50.46,93.8,12.79
1742029200,2025-03-15 09:00:00,5.0,674.25,1.7,15.42,185.97,10.97,41.68,84.47,9.5
1742032800,2025-03-15 10:00:00,4.0,507.35,1.63,12.68,154.5,8.23,29.21,78.39,6.08
1742036400,2025-03-15 11:00:00,4.0,467.3,1.51,12.0,141.62,9.54,25.95,81.89,4.24
1742040000,2025-03-15 12:00:00,3.0,460.62,1.24,12.68,135.9,10.13,24.79,80.32,3.32
1742043600,2025-03-15 13:00:00,3.0,514.03,0.83,17.99,125.89,10.73,25.46,80.75,3.39
1742047200,2025-03-15 14:00:00,3.0,540.73,0.07,21.59,113.01,10.25,26.56,84.79,3.74
1742050800,2025-03-15 15:00:00,3.0,507.35,0.0,17.99,110.15,8.82,27.17,87.67,4.18
1742054400,2025-03-15 16:00:00,3.0,500.68,0.0,15.59,108.72,7.75,28.21,89.87,4.81
1742058000,2025-03-15 17:00:00,3.0,453.95,0.0,12.17,108.72,6.08,27.09,86.53,4.56
1742061600,2025-03-15 18:00:00,3.0,423.91,0.0,9.85,105.86,4.23,25.23,80.14,4.18
1742065200,2025-03-15 19:00:00,3.0,370.5,0.0,7.54,105.86,2.83,22.08,71.1,3.01
1742068800,2025-03-15 20:00:00,3.0,310.42,0.0,5.1,110.15,2.12,19.83,65.4,1.69
1742072400,2025-03-15 21:00:00,3.0,280.38,0.0,3.13,113.01,1.94,19.37,64.38,1.35
1742076000,2025-03-15 22:00:00,3.0,277.04,0.0,2.31,114.44,1.86,23.47,76.44,1.41
1742079600,2025-03-15 23:00:00,3.0,287.06,0.0,2.74,110.15,2.26,29.65,96.39,2.06
1742083200,2025-03-16 00:00:00,4.0,303.75,0.0,3.68,104.43,2.98,30.73,106.13,3.07
1742086800,2025-03-16 01:00:00,4.0,357.15,0.0,6.17,98.71,4.41,29.4,105.69,5.26
1742090400,2025-03-16 02:00:00,4.0,527.38,0.0,13.88,86.55,7.09,33.67,108.73,10.01
1742094000,2025-03-16 03:00:00,4.0,1094.82,1.84,38.04,61.51,12.52,52.2,128.02,20.27
1742097600,2025-03-16 04:00:00,5.0,2162.93,17.43,68.55,42.56,22.41,87.47,170.78,33.44
1742101200,2025-03-16 05:00:00,5.0,2723.69,26.15,81.57,52.93,29.56,112.77,202.99,38.5
1742104800,2025-03-16 06:00:00,5.0,2616.88,17.43,80.2,95.84,31.95,128.91,221.47,36.98
1742108400,2025-03-16 07:00:00,4.0,907.9,3.02,21.93,153.06,17.17,56.19,135.23,13.81
1742112000,2025-03-16 08:00:00,4.0,574.11,1.09,9.25,167.37,10.85,42.38,106.36,8.87
1742115600,2025-03-16 09:00:00,4.0,500.68,0.87,7.54,165.94,8.7,37.45,95.12,7.6
1742119200,2025-03-16 10:00:00,4.0,487.33,1.29,9.85,144.48,7.87,34.69,100.23,6.84
1742122800,2025-03-16 11:00:00,4.0,527.38,1.75,13.71,133.04,10.25,37.2,111.16,5.76
1742126400,2025-03-16 12:00:00,4.0,567.44,1.68,17.65,125.89,10.97,37.42,110.11,5.13
1742130000,2025-03-16 13:00:00,4.0,640.87,1.06,25.36,110.15,9.66,35.93,107.13,5.19
1742133600,2025-03-16 14:00:00,4.0,647.54,0.06,27.76,98.71,8.46,35.83,108.77,5.19
1742137200,2025-03-16 15:00:00,4.0,594.14,0.0,22.96,97.27,7.03,36.24,110.82,5.51
1742140800,2025-03-16 16:00:00,4.0,627.52,0.0,21.93,94.41,6.79,37.67,112.22,6.9
1742144400,2025-03-16 17:00:00,4.0,774.38,0.0,26.05,87.98,8.23,43.41,116.57,9.88
1742148000,2025-03-16 18:00:00,4.0,974.66,0.0,32.22,79.39,10.37,51.55,124.27,14.06
1742151600,2025-03-16 19:00:00,4.0,961.3,0.0,32.22,75.1,9.89,50.32,120.65,14.95
1742155200,2025-03-16 20:00:00,4.0,827.79,0.0,27.76,75.1,8.34,43.91,110.95,13.43
1742158800,2025-03-16 21:00:00,4.0,787.73,0.0,24.68,75.82,8.58,42.96,108.45,14.69
1742162400,2025-03-16 22:00:00,4.0,741.0,0.0,20.22,76.53,8.34,42.95,106.34,16.47
1742166000,2025-03-16 23:00:00,4.0,754.36,0.0,19.19,75.82,8.7,44.37,106.13,17.99
1742169600,2025-03-17 00:00:00,4.0,854.49,0.0,22.28,71.53,10.13,49.33,110.12,19.51
1742173200,2025-03-17 01:00:00,4.0,1121.52,0.0,31.53,61.51,12.76,60.35,121.67,23.31
1742176800,2025-03-17 02:00:00,5.0,1548.77,0.01,50.04,44.7,15.5,76.44,140.0,29.13
1742180400,2025-03-17 03:00:00,5.0,2590.18,10.73,84.31,18.6,20.27,113.54,184.02,40.53
1742184000,2025-03-17 04:00:00,5.0,4112.24,54.09,100.08,18.42,26.46,161.77,240.52,51.68
1742187600,2025-03-17 05:00:00,5.0,4539.49,60.8,113.79,32.54,28.37,178.11,261.51,51.17
1742191200,2025-03-17 06:00:00,5.0,3417.97,28.61,102.82,80.11,24.8,153.36,237.69,37.49
1742194800,2025-03-17 07:00:00,5.0,1522.06,7.38,45.93,140.19,17.4,83.29,165.09,17.73
1742198400,2025-03-17 08:00:00,4.0,1161.58,4.97,34.27,155.93,12.99,71.11,152.66,14.06
1742202000,2025-03-17 09:00:00,4.0,1028.06,4.97,31.53,141.62,10.25,61.44,141.51,11.65
1742205600,2025-03-17 10:00:00,4.0,867.84,5.03,27.42,115.87,7.63,47.35,124.8,9.25
1742209200,2025-03-17 11:00:00,4.0,754.36,4.75,25.36,97.27,6.68,38.61,114.17,7.66
1742212800,2025-03-17 12:00:00,4.0,714.3,4.02,26.39,85.83,6.38,33.93,105.1,6.78
1742216400,2025-03-17 13:00:00,4.0,801.09,2.82,35.3,68.66,6.68,32.32,100.39,6.84
1742220000,2025-03-17 14:00:00,4.0,894.55,0.32,45.24,49.35,6.85,33.59,100.21,7.85
1742223600,2025-03-17 15:00:00,4.0,894.55,0.0,41.47,47.92,6.91,36.47,102.51,9.5
1742227200,2025-03-17 16:00:00,4.0,921.25,0.0,38.04,52.93,7.75,40.22,104.72,11.65
1742230800,2025-03-17 17:00:00,3.0,814.44,0.0,29.82,63.66,7.33,38.87,97.83,11.27
1742234400,2025-03-17 18:00:00,3.0,694.27,0.0,22.96,72.96,6.44,35.98,90.97,10.01
1742238000,2025-03-17 19:00:00,3.0,574.11,0.0,18.34,76.53,5.25,31.6,85.13,7.47
1742241600,2025-03-17 20:00:00,3.0,480.65,0.0,14.74,77.25,4.59,28.35,82.39,5.0
1742245200,2025-03-17 21:00:00,3.0,433.92,0.0,11.48,77.25,4.89,28.04,83.13,4.31
1742248800,2025-03-17 22:00:00,3.0,473.98,0.0,11.31,73.67,5.13,30.98,84.18,4.62
1742252400,2025-03-17 23:00:00,3.0,620.84,0.0,15.25,67.23,6.14,37.77,88.7,6.02
1742256000,2025-03-18 00:00:00,4.0,827.79,0.0,21.42,60.08,8.23,47.62,100.24,7.98
1742259600,2025-03-18 01:00:00,4.0,1161.58,0.0,33.24,47.92,11.21,63.03,118.99,10.64
1742263200,2025-03-18 02:00:00,5.0,1588.82,0.04,52.09,31.11,13.83,79.7,139.67,13.93
1742266800,2025-03-18 03:00:00,5.0,2483.37,14.75,75.4,10.55,17.88,110.73,177.88,21.28
1742270400,2025-03-18 04:00:00,5.0,3845.21,59.9,82.94,13.77,23.13,150.1,225.57,30.65
1742274000,2025-03-18 05:00:00,5.0,4058.84,62.58,94.59,26.82,22.89,153.22,226.71,33.44
1742277600,2025-03-18 06:00:00,5.0,2883.91,28.61,85.0,67.95,17.64,118.42,181.26,26.35
1742281200,2025-03-18 07:00:00,3.0,747.68,3.97,20.39,114.44,9.3,34.93,79.2,7.66
1742284800,2025-03-18 08:00:00,3.0,423.91,1.7,9.25,115.87,6.38,24.16,64.79,4.12
1742288400,2025-03-18 09:00:00,3.0,367.16,1.33,7.11,110.15,5.07,20.56,59.8,3.04
1742292000,2025-03-18 10:00:00,3.0,360.49,1.31,6.94,104.43,3.93,16.55,50.45,2.6
1742295600,2025-03-18 11:00:00,2.0,420.57,1.9,10.2,98.71,4.47,15.31,44.94,3.23
1742299200,2025-03-18 12:00:00,2.0,487.33,2.21,14.74,90.84,4.83,13.78,38.71,3.83
1742302800,2025-03-18 13:00:00,2.0,600.81,1.82,24.33,77.96,5.54,13.31,35.36,4.62
1742306400,2025-03-18 14:00:00,2.0,647.54,0.17,30.5,67.23,5.84,13.53,35.26,5.32
1742310000,2025-03-18 15:00:00,2.0,627.52,0.0,26.73,70.1,5.78,15.15,38.85,6.21
1742313600,2025-03-18 16:00:00,2.0,640.87,0.0,24.68,72.96,6.5,18.3,45.09,7.41
1742317200,2025-03-18 17:00:00,2.0,594.14,0.0,21.08,76.53,6.85,19.49,48.74,7.41
1742320800,2025-03-18 18:00:00,3.0,560.76,0.0,18.51,78.68,6.97,20.42,52.27,7.16
1742324400,2025-03-18 19:00:00,3.0,620.84,0.0,21.59,72.96,7.03,22.66,56.98,7.6
1742328000,2025-03-18 20:00:00,3.0,620.84,0.0,23.31,67.23,6.2,22.03,55.95,6.27
1742331600,2025-03-18 21:00:00,3.0,547.41,0.0,19.19,69.38,5.54,20.74,52.27,5.19
1742335200,2025-03-18 22:00:00,2.0,453.95,0.0,12.85,75.82,4.77,18.81,46.9,4.56
1742338800,2025-03-18 23:00:00,2.0,370.5,0.0,8.4,82.25,4.05,15.69,40.61,3.67
1742342400,2025-03-19 00:00:00,2.0,323.77,0.0,6.17,86.55,3.81,13.21,36.42,2.79
1742346000,2025-03-19 01:00:00,2.0,310.42,0.0,5.74,87.98,4.11,12.23,35.63,2.34
1742349600,2025-03-19 02:00:00,2.0,353.81,0.0,7.88,85.83,4.71,13.35,38.34,2.98
1742353200,2025-03-19 03:00:00,2.0,500.68,0.54,14.91,80.11,5.84,17.25,45.82,5.07
1742356800,2025-03-19 04:00:00,3.0,600.81,2.71,18.85,79.39,6.91,19.44,51.79,6.14
1742360400,2025-03-19 05:00:00,3.0,574.11,3.3,16.45,87.26,7.39,20.31,54.64,6.33
1742364000,2025-03-19 06:00:00,3.0,487.33,2.24,10.97,100.14,7.03,20.04,54.66,5.38
1742367600,2025-03-19 07:00:00,3.0,380.52,1.23,6.6,110.15,4.83,17.08,49.13,3.39
1742371200,2025-03-19 08:00:00,3.0,357.15,0.99,5.48,114.44,4.23,15.33,43.43,2.63
1742374800,2025-03-19 09:00:00,3.0,347.14,0.94,5.27,114.44,3.81,14.43,40.44,2.31
1742378400,2025-03-19 10:00:00,3.0,370.5,1.2,6.6,110.15,3.93,14.68,40.35,2.47
1742382000,2025-03-19 11:00:00,3.0,433.92,1.93,10.28,100.14,4.71,16.77,44.9,3.23
1742385600,2025-03-19 12:00:00,2.0,494.0,2.37,14.57,87.26,4.83,18.17,48.06,3.74
1742389200,2025-03-19 13:00:00,3.0,567.44,1.96,21.76,70.81,5.07,19.62,50.72,4.12
1742392800,2025-03-19 14:00:00,3.0,567.44,0.19,25.02,60.08,4.89,20.73,53.3,4.24
1742396400,2025-03-19 15:00:00,3.0,514.03,0.0,19.71,62.23,4.53,22.55,57.55,4.37
1742400000,2025-03-19 16:00:00,3.0,500.68,0.0,16.96,62.23,4.77,25.13,63.36,4.81
1742403600,2025-03-19 17:00:00,3.0,467.3,0.0,14.05,63.66,4.77,26.08,66.14,4.62
1742407200,2025-03-19 18:00:00,3.0,447.27,0.0,12.34,65.09,4.65,26.62,67.67,4.43
1742410800,2025-03-19 19:00:00,3.0,447.27,0.0,13.02,63.66,4.47,26.76,67.63,4.18
1742414400,2025-03-19 20:00:00,3.0,423.91,0.0,13.02,61.51,4.23,25.63,64.96,3.23
1742418000,2025-03-19 21:00:00,3.0,400.54,0.0,11.14,62.23,4.53,25.86,63.6,3.1
1742421600,2025-03-19 22:00:00,3.0,380.52,0.0,8.74,62.94,4.53,26.27,63.27,3.26
1742425200,2025-03-19 23:00:00,3.0,353.81,0.0,7.2,64.37,4.59,25.63,62.4,3.17
1742428800,2025-03-20 00:00:00,3.0,343.8,0.0,6.68,66.52,5.01,24.67,60.88,2.98
1742432400,2025-03-20 01:00:00,3.0,327.11,0.0,6.0,68.66,4.95,22.91,58.63,2.37
1742436000,2025-03-20 02:00:00,3.0,367.16,0.0,7.88,69.38,5.3,22.72,57.05,2.85
1742439600,2025-03-20 03:00:00,3.0,480.65,0.5,13.54,68.66,6.08,24.14,57.5,4.24
1742443200,2025-03-20 04:00:00,3.0,614.17,2.91,18.68,70.1,7.45,25.8,58.15,5.64
1742446800,2025-03-20 05:00:00,3.0,620.84,3.86,17.99,79.39,8.23,26.66,58.24,6.27
1742450400,2025-03-20 06:00:00,3.0,554.08,2.93,13.88,95.84,8.23,27.18,58.53,6.14
1742454000,2025-03-20 07:00:00,3.0,580.79,2.88,14.39,104.43,8.34,29.19,60.8,6.59
1742457600,2025-03-20 08:00:00,3.0,667.57,3.63,18.16,104.43,8.46,31.25,63.29,7.47
1742461200,2025-03-20 09:00:00,3.0,747.68,4.47,22.62,100.14,8.23,31.95,64.38,7.92
1742464800,2025-03-20 10:00:00,3.0,687.6,4.25,21.42,91.55,6.62,28.3,59.39,6.71
1742468400,2025-03-20 11:00:00,3.0,587.46,3.35,18.16,87.98,5.25,24.06,52.41,5.07
1742472000,2025-03-20 12:00:00,2.0,514.03,2.21,16.11,87.26,4.29,20.85,47.28,3.7
1742475600,2025-03-20 13:00:00,2.0,514.03,1.08,19.02,85.83,4.05,19.74,46.64,3.2
1742479200,2025-03-20 14:00:00,2.0,567.44,0.07,23.31,81.54,4.53,20.63,49.62,3.67
1742482800,2025-03-20 15:00:00,3.0,574.11,0.0,21.93,82.25,5.25,22.65,54.29,4.69
1742486400,2025-03-20 16:00:00,3.0,614.17,0.0,22.28,81.54,6.62,25.84,60.33,6.08
1742490000,2025-03-20 17:00:00,3.0,614.17,0.0,20.56,81.54,7.03,27.6,63.2,6.52
1742493600,2025-03-20 18:00:00,3.0,607.49,0.0,19.02,82.25,6.85,28.42,63.95,6.4
1742497200,2025-03-20 19:00:00,3.0,554.08,0.0,17.14,82.97,6.2,26.16,60.01,5.07
1742500800,2025-03-20 20:00:00,3.0,480.65,0.0,14.57,84.4,5.9,23.14,54.65,3.55
1742504400,2025-03-20 21:00:00,3.0,433.92,0.0,11.48,87.26,6.2,22.6,53.24,3.29
1742508000,2025-03-20 22:00:00,3.0,534.06,0.0,13.19,82.97,6.14,27.42,57.19,4.56
1742511600,2025-03-20 23:00:00,3.0,714.3,0.0,18.16,74.39,6.91,36.15,65.98,6.4
1742515200,2025-03-21 00:00:00,3.0,921.25,0.0,24.68,64.37,8.94,47.18,78.87,8.49
1742518800,2025-03-21 01:00:00,4.0,1321.79,0.0,39.07,48.64,12.4,65.5,99.87,11.91
1742522400,2025-03-21 02:00:00,5.0,1895.9,0.14,63.75,25.39,15.97,89.86,128.45,15.96
1742526000,2025-03-21 03:00:00,5.0,3070.83,22.35,89.11,7.69,21.46,129.94,177.68,24.57
1742529600,2025-03-21 04:00:00,5.0,4539.49,67.06,101.45,14.48,28.61,169.86,227.23,32.93
1742533200,2025-03-21 05:00:00,5.0,5981.45,87.62,143.95,26.46,37.19,229.84,295.36,45.09
1742536800,2025-03-21 06:00:00,5.0,6301.88,54.54,194.67,76.53,45.3,290.43,359.57,51.17
1742540400,2025-03-21 07:00:00,5.0,5233.76,20.79,175.48,185.97,44.35,313.8,381.17,41.54
1742544000,2025-03-21 08:00:00,5.0,4379.27,10.73,139.83,277.52,32.42,326.78,393.34,30.65
1742547600,2025-03-21 09:00:00,5.0,3204.35,7.26,100.08,277.52,21.22,248.71,313.03,22.55
1742551200,2025-03-21 10:00:00,5.0,2029.42,7.6,67.86,173.09,12.16,115.29,176.29,17.23
1742554800,2025-03-21 11:00:00,4.0,1361.85,9.05,47.3,87.98,7.87,51.36,109.11,12.41
1742558400,2025-03-21 12:00:00,3.0,947.95,6.65,34.27,63.66,5.42,34.45,85.97,7.92
1742562000,2025-03-21 13:00:00,3.0,647.54,2.01,26.05,65.8,4.35,27.38,73.1,4.5
1742565600,2025-03-21 14:00:00,3.0,647.54,0.14,29.82,61.51,4.47,27.64,67.89,4.62
1742569200,2025-03-21 15:00:00,3.0,607.49,0.0,24.68,75.1,4.71,28.88,66.92,5.32
1742572800,2025-03-21 16:00:00,3.0,627.52,0.0,22.62,77.25,5.6,32.68,70.95,6.46
1742576400,2025-03-21 17:00:00,3.0,614.17,0.0,19.88,76.53,6.02,35.48,74.55,6.78
1742580000,2025-03-21 18:00:00,3.0,600.81,0.0,18.16,82.97,6.32,36.71,76.83,6.71
1742583600,2025-03-21 19:00:00,3.0,580.79,0.0,18.34,87.98,6.26,35.03,74.15,5.83
1742587200,2025-03-21 20:00:00,3.0,534.06,0.0,17.65,88.69,6.14,31.52,66.98,4.56
1742590800,2025-03-21 21:00:00,3.0,467.3,0.0,13.19,92.98,5.78,29.4,61.96,4.02
1742594400,2025-03-21 22:00:00,3.0,417.23,0.0,9.42,97.27,5.3,27.44,57.03,4.05
1742598000,2025-03-21 23:00:00,3.0,387.19,0.0,7.63,100.14,4.89,24.68,50.82,3.93
1742601600,2025-03-22 00:00:00,3.0,373.84,0.0,7.11,100.14,4.71,22.32,45.52,3.64
1742605200,2025-03-22 01:00:00,2.0,387.19,0.0,7.97,98.71,4.89,21.09,42.79,3.55
1742608800,2025-03-22 02:00:00,2.0,433.92,0.0,10.71,95.84,5.3,21.2,43.01,3.86
1742612400,2025-03-22 03:00:00,2.0,594.14,0.64,19.19,88.69,6.26,24.32,48.57,5.64
1742616000,2025-03-22 04:00:00,3.0,907.9,4.97,32.56,76.53,7.99,30.39,58.83,8.49
1742619600,2025-03-22 05:00:00,3.0,1148.22,9.16,39.07,75.1,8.7,35.96,68.83,10.89
1742623200,2025-03-22 06:00:00,3.0,1108.17,7.93,34.62,91.55,8.23,38.3,73.87,11.91
1742626800,2025-03-22 07:00:00,3.0,847.82,4.81,23.99,110.15,6.44,34.72,70.08,9.5
1742630400,2025-03-22 08:00:00,3.0,660.9,3.3,17.14,114.44,5.19,30.05,64.22,6.84
1742634000,2025-03-22 09:00:00,3.0,560.76,2.71,13.71,108.72,4.47,26.03,59.85,5.0
1742637600,2025-03-22 10:00:00,3.0,467.3,2.18,10.97,100.14,3.73,22.31,56.48,3.67
1742641200,2025-03-22 11:00:00,3.0,453.95,2.21,11.14,91.55,3.61,21.07,55.5,3.29
1742644800,2025-03-22 12:00:00,3.0,460.62,2.12,13.02,83.68,3.58,19.79,53.78,3.17
1742648400,2025-03-22 13:00:00,3.0,520.71,1.61,19.02,73.67,3.87,19.18,52.22,3.39
1742652000,2025-03-22 14:00:00,3.0,540.73,0.16,22.96,66.52,3.99,19.02,51.01,3.7
1742655600,2025-03-22 15:00:00,3.0,514.03,0.0,19.36,69.38,3.99,19.58,50.2,4.18
1742659200,2025-03-22 16:00:00,3.0,520.71,0.0,17.65,71.53,4.47,20.95,51.32,4.94
1742662800,2025-03-22 17:00:00,3.0,507.35,0.0,15.59,73.67,4.59,21.29,51.33,5.13
1742666400,2025-03-22 18:00:00,3.0,494.0,0.0,14.39,75.1,4.59,21.58,51.54,5.26
1742670000,2025-03-22 19:00:00,2.0,453.95,0.0,13.19,76.53,4.11,20.36,49.83,4.37
1742673600,2025-03-22 20:00:00,2.0,387.19,0.0,10.97,78.68,3.64,18.13,46.2,2.88
1742677200,2025-03-22 21:00:00,2.0,347.14,0.0,8.31,81.54,3.64,17.65,44.7,2.47
1742680800,2025-03-22 22:00:00,2.0,323.77,0.0,6.0,83.68,3.52,17.1,42.95,2.34
1742684400,2025-03-22 23:00:00,2.0,310.42,0.0,4.93,85.12,3.4,16.15,40.88,2.22
1742688000,2025-03-23 00:00:00,2.0,307.08,0.0,4.63,85.83,3.49,15.57,38.93,2.12
1742691600,2025-03-23 01:00:00,2.0,317.1,0.0,5.31,85.83,3.81,15.94,38.63,2.22
1742695200,2025-03-23 02:00:00,2.0,340.46,0.0,6.77,85.12,4.05,16.66,39.12,2.47
1742698800,2025-03-23 03:00:00,2.0,467.3,0.53,13.02,80.82,4.77,19.75,43.42,3.99
1742702400,2025-03-23 04:00:00,2.0,700.95,3.63,22.62,74.39,6.14,24.13,49.98,6.14
1742706000,2025-03-23 05:00:00,3.0,807.76,5.87,25.7,77.96,6.85,27.12,54.77,7.79
1742709600,2025-03-23 06:00:00,3.0,761.03,4.92,21.93,92.98,6.85,28.83,57.86,8.49
1742713200,2025-03-23 07:00:00,3.0,620.84,3.24,15.94,105.86,5.78,27.38,56.56,6.9
1742716800,2025-03-23 08:00:00,3.0,554.08,2.63,13.37,108.72,5.3,26.18,55.53,5.7
1742720400,2025-03-23 09:00:00,3.0,540.73,2.65,13.19,105.86,5.19,25.06,55.73,5.19
1742724000,2025-03-23 10:00:00,3.0,507.35,2.63,12.68,98.71,4.71,22.64,55.75,4.56
1742727600,2025-03-23 11:00:00,3.0,500.68,2.63,13.37,91.55,4.65,21.34,57.74,4.24
1742731200,2025-03-23 12:00:00,3.0,514.03,2.46,15.42,86.55,4.77,21.24,60.47,4.12
1742734800,2025-03-23 13:00:00,3.0,580.79,1.76,21.93,79.39,5.25,22.94,63.72,4.5
1742738400,2025-03-23 14:00:00,3.0,614.17,0.19,26.39,76.53,5.6,25.54,65.86,5.0
1742742000,2025-03-23 15:00:00,3.0,580.79,0.0,22.62,85.12,5.72,27.9,65.24,5.76
1742745600,2025-03-23 16:00:00,3.0,594.14,0.0,20.73,87.26,6.2,30.23,63.44,7.03
1742749200,2025-03-23 17:00:00,3.0,587.46,0.0,17.99,85.83,6.26,30.94,60.16,7.92
1742752800,2025-03-23 18:00:00,3.0,574.11,0.0,16.28,83.68,6.02,31.13,57.83,8.36
1742756400,2025-03-23 19:00:00,3.0,514.03,0.0,14.57,83.68,5.19,29.02,53.98,7.03
1742760000,2025-03-23 20:00:00,3.0,427.25,0.0,11.48,85.83,4.53,25.77,49.19,5.07
1742763600,2025-03-23 21:00:00,3.0,407.22,0.0,9.68,86.55,5.19,25.41,48.31,5.13
1742767200,2025-03-23 22:00:00,2.0,377.18,0.0,7.45,88.69,5.07,24.59,46.57,4.94
1742770800,2025-03-23 23:00:00,2.0,360.49,0.0,6.25,90.12,4.89,23.31,43.83,4.5
1742774400,2025-03-24 00:00:00,2.0,357.15,0.0,6.08,91.55,5.01,22.2,41.63,4.24
1742778000,2025-03-24 01:00:00,2.0,377.18,0.0,7.11,91.55,5.48,22.0,41.24,4.56
1742781600,2025-03-24 02:00:00,2.0,447.27,0.0,10.45,88.69,6.2,23.67,43.49,5.89
1742785200,2025-03-24 03:00:00,3.0,654.22,0.91,20.56,79.39,7.57,29.56,51.46,8.87
1742788800,2025-03-24 04:00:00,3.0,894.55,4.92,30.16,72.96,9.54,34.66,58.91,11.53
1742792400,2025-03-24 05:00:00,3.0,867.84,5.7,27.08,83.68,10.25,33.79,59.01,11.02
1742796000,2025-03-24 06:00:00,3.0,654.22,3.44,17.48,105.86,9.78,29.74,55.81,8.74
1742799600,2025-03-24 07:00:00,3.0,377.18,1.08,6.34,121.59,4.95,18.63,41.44,3.61
1742803200,2025-03-24 08:00:00,3.0,347.14,0.84,5.01,121.59,4.11,16.59,37.15,2.82
1742806800,2025-03-24 09:00:00,3.0,347.14,0.86,5.14,121.59,3.99,16.22,35.79,2.69
1742810400,2025-03-24 10:00:00,3.0,410.56,1.41,8.14,115.87,5.3,18.73,38.43,3.7
1742814000,2025-03-24 11:00:00,3.0,473.98,2.01,11.82,105.86,6.02,20.97,39.96,4.43
1742817600,2025-03-24 12:00:00,2.0,534.06,2.32,16.28,92.98,6.08,22.7,41.18,4.94
1742821200,2025-03-24 13:00:00,2.0,634.19,1.87,25.02,75.82,6.26,24.22,43.06,5.51
1742824800,2025-03-24 14:00:00,2.0,660.9,0.18,30.16,63.66,5.96,24.98,44.47,5.89
1742828400,2025-03-24 15:00:00,3.0,627.52,0.0,26.05,65.09,5.6,25.95,46.57,6.59
1742832000,2025-03-24 16:00:00,3.0,614.17,0.0,21.93,69.38,5.78,26.97,48.56,7.35
1742835600,2025-03-24 17:00:00,3.0,520.71,0.0,16.11,75.82,5.25,25.73,46.89,6.52
1742839200,2025-03-24 18:00:00,2.0,453.95,0.0,11.82,80.82,4.59,24.51,45.06,5.45
1742842800,2025-03-24 19:00:00,2.0,397.21,0.0,9.34,85.12,3.87,22.71,42.72,3.99
1742846400,2025-03-24 20:00:00,2.0,353.81,0.0,7.71,86.55,3.7,21.68,41.18,2.88
1742850000,2025-03-24 21:00:00,2.0,337.12,0.0,6.25,86.55,4.05,22.26,41.85,2.85
1742853600,2025-03-24 22:00:00,2.0,340.46,0.0,5.48,87.26,4.17,23.01,42.34,3.1
1742857200,2025-03-24 23:00:00,2.0,350.48,0.0,5.74,87.26,4.41,23.44,42.45,3.39
1742860800,2025-03-25 00:00:00,2.0,363.83,0.0,6.34,87.26,4.89,23.7,42.34,3.58
1742864400,2025-03-25 01:00:00,2.0,387.19,0.0,7.71,87.26,5.6,24.04,42.59,3.83
1742868000,2025-03-25 02:00:00,2.0,403.88,0.0,9.25,87.26,5.78,23.65,42.02,4.02
1742871600,2025-03-25 03:00:00,2.0,480.65,0.54,13.71,85.83,5.96,24.65,43.61,5.0
1742875200,2025-03-25 04:00:00,2.0,514.03,1.93,14.57,90.12,5.78,23.7,42.46,4.88
1742878800,2025-03-25 05:00:00,2.0,494.0,2.29,12.51,97.27,5.48,23.66,42.62,4.69
1742882400,2025-03-25 06:00:00,3.0,433.92,1.62,8.48,104.43,4.89,24.0,43.45,4.18
1742886000,2025-03-25 07:00:00,3.0,377.18,1.13,6.0,107.29,3.99,23.41,43.59,3.32
1742889600,2025-03-25 08:00:00,3.0,380.52,1.19,6.08,105.86,4.11,23.92,45.26,3.2
1742893200,2025-03-25 09:00:00,3.0,400.54,1.41,7.11,103.0,4.23,24.63,47.08,3.26
1742896800,2025-03-25 10:00:00,2.0,397.21,1.47,7.45,95.84,3.87,24.55,48.11,3.07
1742900400,2025-03-25 11:00:00,2.0,390.53,1.38,8.05,85.12,3.7,24.51,49.03,2.88
1742904000,2025-03-25 12:00:00,3.0,393.87,1.09,9.42,75.1,3.43,24.8,50.34,2.69
1742907600,2025-03-25 13:00:00,3.0,423.91,0.55,13.02,65.09,3.4,25.17,51.75,2.63
1742911200,2025-03-25 14:00:00,3.0,427.25,0.05,14.05,60.8,3.34,25.75,54.63,2.6
1742914800,2025-03-25 15:00:00,3.0,407.22,0.0,11.65,62.94,3.28,26.91,59.63,2.79
1742918400,2025-03-25 16:00:00,3.0,407.22,0.0,10.45,63.66,3.58,28.61,65.67,3.1
1742922000,2025-03-25 17:00:00,3.0,390.53,0.0,9.0,65.8,3.61,29.96,70.97,3.01
1742925600,2025-03-25 18:00:00,3.0,383.85,0.0,8.31,70.81,3.64,30.96,75.51,2.94
1742929200,2025-03-25 19:00:00,3.0,363.83,0.0,7.88,77.25,3.52,30.72,77.01,2.41
1742932800,2025-03-25 20:00:00,3.0,323.77,0.0,6.68,82.25,3.37,29.57,76.35,1.49
1742936400,2025-03-25 21:00:00,3.0,300.41,0.0,5.31,86.55,3.55,29.39,76.17,1.3
1742940000,2025-03-25 22:00:00,3.0,290.39,0.0,4.37,89.41,3.55,29.16,74.45,1.3
1742943600,2025-03-25 23:00:00,3.0,290.39,0.0,3.98,92.98,3.52,28.47,70.67,1.36
1742947200,2025-03-26 00:00:00,3.0,290.39,0.0,3.9,97.27,3.52,27.25,66.23,1.41
1743037200,2025-03-27 01:00:00,4.0,390.53,0.0,7.28,111.58,5.72,36.75,147.73,4.75
1743040800,2025-03-27 02:00:00,4.0,527.38,0.01,14.39,95.84,10.97,40.23,148.51,8.49
1743044400,2025-03-27 03:00:00,4.0,841.14,1.42,30.16,79.39,25.03,44.51,142.0,13.68
1743048000,2025-03-27 04:00:00,4.0,1108.17,5.98,39.41,77.96,28.13,42.86,120.56,15.71
1743051600,2025-03-27 05:00:00,3.0,1081.47,6.54,34.96,94.41,23.84,38.22,99.85,15.58
1743055200,2025-03-27 06:00:00,3.0,934.6,4.36,26.39,123.02,20.98,35.66,88.97,14.69
1743058800,2025-03-27 07:00:00,4.0,647.54,2.21,15.25,148.77,13.83,25.14,62.17,9.63
1743062400,2025-03-27 08:00:00,4.0,554.08,1.63,12.0,161.65,11.09,20.24,47.63,7.28
1743066000,2025-03-27 09:00:00,4.0,534.06,1.52,12.0,168.8,10.37,19.06,43.54,6.65
1743069600,2025-03-27 10:00:00,4.0,527.38,1.65,13.37,168.8,10.37,17.58,39.91,6.08
1743073200,2025-03-27 11:00:00,4.0,560.76,2.01,17.14,160.22,12.16,16.84,36.48,5.83
1743076800,2025-03-27 12:00:00,4.0,600.81,2.01,21.42,151.63,13.11,16.1,33.61,5.51
1743080400,2025-03-27 13:00:00,3.0,787.73,1.79,35.3,131.61,13.47,17.71,35.26,6.71
1743084000,2025-03-27 14:00:00,3.0,974.66,0.28,48.67,104.43,12.52,20.94,40.77,8.87
1743087600,2025-03-27 15:00:00,2.0,1001.36,0.0,45.93,94.41,10.73,24.81,48.45,11.02
1743091200,2025-03-27 16:00:00,3.0,1041.41,0.0,42.5,91.55,9.89,29.68,56.22,13.43
1743094800,2025-03-27 17:00:00,3.0,881.2,0.0,31.53,101.57,8.7,28.2,53.92,13.17
1743098400,2025-03-27 18:00:00,3.0,667.57,0.0,20.05,113.01,6.91,22.3,47.13,10.51
1743102000,2025-03-27 19:00:00,3.0,487.33,0.0,12.17,124.45,5.3,15.02,38.52,6.27
1743105600,2025-03-27 20:00:00,3.0,460.62,0.0,11.65,120.16,6.44,13.5,36.4,6.14
1743109200,2025-03-27 21:00:00,3.0,460.62,0.0,12.51,115.87,10.73,13.58,35.61,8.61
1743112800,2025-03-27 22:00:00,3.0,467.3,0.0,12.85,108.72,12.99,14.48,36.79,11.02
1743116400,2025-03-27 23:00:00,3.0,494.0,0.0,13.02,105.86,12.76,16.04,38.64,12.79
1743120000,2025-03-28 00:00:00,3.0,547.41,0.0,14.91,104.43,13.71,18.45,41.76,14.31
1743123600,2025-03-28 01:00:00,2.0,674.25,0.0,19.88,98.71,16.69,22.7,48.14,16.47
1743127200,2025-03-28 02:00:00,3.0,961.3,0.07,31.87,90.12,20.74,31.64,61.03,20.77
1743130800,2025-03-28 03:00:00,4.0,1655.58,4.75,58.95,72.24,27.18,53.93,88.43,30.15
1743134400,2025-03-28 04:00:00,5.0,2643.59,20.56,87.74,58.65,36.24,83.35,122.73,40.02
1743138000,2025-03-28 05:00:00,5.0,3284.45,29.5,105.56,68.66,45.3,110.15,153.96,46.61
1743141600,2025-03-28 06:00:00,5.0,3391.27,22.35,111.04,111.58,51.98,135.6,182.66,47.12
1743145200,2025-03-28 07:00:00,5.0,3471.37,15.42,115.16,170.23,55.31,172.05,221.21,43.57
1743148800,2025-03-28 08:00:00,5.0,4058.84,13.86,131.61,220.3,52.93,230.8,281.84,41.54
1743152400,2025-03-28 09:00:00,5.0,3845.21,11.85,130.24,243.19,41.96,233.53,280.78,34.45
1743156000,2025-03-28 10:00:00,5.0,2696.99,10.17,98.71,197.41,27.66,146.76,185.86,23.81
1743159600,2025-03-28 11:00:00,4.0,1869.2,8.72,72.66,147.34,21.93,71.06,102.41,17.23
1743163200,2025-03-28 12:00:00,3.0,1201.63,5.03,50.04,133.04,17.88,36.59,59.04,10.77
1743166800,2025-03-28 13:00:00,3.0,720.98,0.73,33.24,133.04,13.59,19.63,35.52,6.46
1743170400,2025-03-28 14:00:00,3.0,974.66,0.04,46.61,107.29,13.11,21.41,36.73,9.37
1743174000,2025-03-28 15:00:00,3.0,1161.58,0.0,50.04,95.84,13.95,28.2,44.81,13.68
1743177600,2025-03-28 16:00:00,3.0,1628.88,0.0,64.43,77.25,18.36,48.04,68.92,23.31
1743181200,2025-03-28 17:00:00,4.0,2189.64,0.0,80.88,57.94,23.6,74.77,100.01,33.44
1743184800,2025-03-28 18:00:00,5.0,2563.48,0.0,91.85,44.35,27.66,96.64,124.38,40.53
1743188400,2025-03-28 19:00:00,5.0,2670.29,0.0,98.71,34.69,28.85,101.61,128.77,40.02
1743192000,2025-03-28 20:00:00,5.0,2483.37,0.0,93.22,33.62,26.94,89.28,112.95,33.44
1743195600,2025-03-28 21:00:00,4.0,2109.53,0.0,75.4,40.77,23.6,74.19,94.97,28.37
1743199200,2025-03-28 22:00:00,4.0,1628.88,0.0,52.78,50.78,19.31,58.14,77.21,25.84
1743202800,2025-03-28 23:00:00,4.0,1401.9,0.0,42.16,55.07,18.84,53.32,73.13,26.35
1743206400,2025-03-29 00:00:00,4.0,1428.6,0.0,41.13,54.36,21.46,58.75,84.17,29.39
1743210000,2025-03-29 01:00:00,4.0,1495.36,0.0,42.5,52.93,23.84,65.62,102.58,33.44
1743213600,2025-03-29 02:00:00,4.0,1655.58,0.02,49.35,50.07,25.27,73.49,122.95,36.48
1743217200,2025-03-29 03:00:00,5.0,2429.96,3.13,78.83,35.41,30.28,100.63,161.0,44.58
1743220800,2025-03-29 04:00:00,5.0,3524.78,22.58,105.56,30.76,36.72,132.5,202.39,53.2
1743224400,2025-03-29 05:00:00,5.0,4112.24,36.21,119.27,46.49,39.58,147.72,223.66,55.73
1743228000,2025-03-29 06:00:00,5.0,3738.4,23.47,112.41,98.71,39.58,147.86,221.94,50.16
1743231600,2025-03-29 07:00:00,5.0,2029.42,7.26,60.32,188.83,38.62,98.9,157.15,28.88
1743235200,2025-03-29 08:00:00,5.0,2109.53,5.53,60.32,246.05,42.92,126.23,182.86,25.84
1743238800,2025-03-29 09:00:00,5.0,2323.15,5.09,66.49,283.24,44.35,158.02,214.22,23.81
1743242400,2025-03-29 10:00:00,5.0,2590.18,4.19,71.29,340.46,41.01,226.21,286.98,21.53
1743246000,2025-03-29 11:00:00,5.0,2563.48,2.51,63.06,400.54,36.72,289.19,350.74,18.24
1743249600,2025-03-29 12:00:00,5.0,1949.31,1.17,45.93,377.66,32.9,248.67,303.69,14.44
1743253200,2025-03-29 13:00:00,5.0,1361.85,0.45,40.78,286.1,30.99,154.31,199.51,11.65
1743256800,2025-03-29 14:00:00,5.0,1308.44,0.03,48.67,208.85,29.8,114.14,154.47,11.53
1743260400,2025-03-29 15:00:00,5.0,1268.39,0.0,46.61,173.09,28.85,102.95,140.99,12.79
1743264000,2025-03-29 16:00:00,5.0,1361.85,0.0,47.98,151.63,28.37,107.08,145.0,16.47
1743267600,2025-03-29 17:00:00,5.0,1482.01,0.0,48.67,134.47,26.94,114.27,152.19,20.27
1743271200,2025-03-29 18:00:00,5.0,1535.42,0.0,47.98,120.16,23.84,117.45,155.26,22.8
1743274800,2025-03-29 19:00:00,5.0,1401.9,0.0,43.87,111.58,19.79,107.99,143.32,20.77
1743278400,2025-03-29 20:00:00,5.0,1014.71,0.0,31.53,117.3,15.02,87.22,118.0,14.57
1743282000,2025-03-29 21:00:00,4.0,654.22,0.0,17.65,130.18,11.92,70.25,98.03,10.13
1743285600,2025-03-29 22:00:00,4.0,453.95,0.0,9.51,137.33,9.3,55.23,80.66,7.54
1743289200,2025-03-29 23:00:00,4.0,487.33,0.0,9.94,130.18,8.46,50.74,74.42,9.88
1743292800,2025-03-30 00:00:00,4.0,580.79,0.0,12.85,121.59,9.54,52.51,76.17,13.43
1743728400,2025-04-04 01:00:00,4.0,1495.36,0.0,42.5,52.93,23.84,65.62,102.58,33.44
1743732000,2025-04-04 02:00:00,4.0,1655.58,0.02,49.35,50.07,25.27,73.49,122.95,36.48
1743735600,2025-04-04 03:00:00,5.0,2429.96,3.13,78.83,35.41,30.28,100.63,161.0,44.58
1743739200,2025-04-04 04:00:00,5.0,3524.78,22.58,105.56,30.76,36.72,132.5,202.39,53.2
1743742800,2025-04-04 05:00:00,5.0,4112.24,36.21,119.27,46.49,39.58,147.72,223.66,55.73
1743746400,2025-04-04 06:00:00,5.0,3738.4,23.47,112.41,98.71,39.58,147.86,221.94,50.16
1743750000,2025-04-04 07:00:00,5.0,2029.42,7.26,60.32,188.83,38.62,98.9,157.15,28.88
1743753600,2025-04-04 08:00:00,5.0,2109.53,5.53,60.32,246.05,42.92,126.23,182.86,25.84
1743757200,2025-04-04 09:00:00,5.0,2323.15,5.09,66.49,283.24,44.35,158.02,214.22,23.81
1743760800,2025-04-04 10:00:00,5.0,2590.18,4.19,71.29,340.46,41.01,226.21,286.98,21.53
1743764400,2025-04-04 11:00:00,5.0,2563.48,2.51,63.06,400.54,36.72,289.19,350.74,18.24
1743768000,2025-04-04 12:00:00,5.0,1949.31,1.17,45.93,377.66,32.9,248.67,303.69,14.44
1743771600,2025-04-04 13:00:00,5.0,1361.85,0.45,40.78,286.1,30.99,154.31,199.51,11.65
1743775200,2025-04-04 14:00:00,5.0,1308.44,0.03,48.67,208.85,29.8,114.14,154.47,11.53
1743778800,2025-04-04 15:00:00,5.0,1268.39,0.0,46.61,173.09,28.85,102.95,140.99,12.79
1743782400,2025-04-04 16:00:00,5.0,1361.85,0.0,47.98,151.63,28.37,107.08,145.0,16.47
1743786000,2025-04-04 17:00:00,5.0,1482.01,0.0,48.67,134.47,26.94,114.27,152.19,20.27
1743789600,2025-04-04 18:00:00,5.0,1535.42,0.0,47.98,120.16,23.84,117.45,155.26,22.8
1743793200,2025-04-04 19:00:00,5.0,1401.9,0.0,43.87,111.58,19.79,107.99,143.32,20.77
1743796800,2025-04-04 20:00:00,5.0,1014.71,0.0,31.53,117.3,15.02,87.22,118.0,14.57
1743800400,2025-04-04 21:00:00,4.0,654.22,0.0,17.65,130.18,11.92,70.25,98.03,10.13
1743804000,2025-04-04 22:00:00,4.0,453.95,0.0,9.51,137.33,9.3,55.23,80.66,7.54
1743807600,2025-04-04 23:00:00,4.0,487.33,0.0,9.94,130.18,8.46,50.74,74.42,9.88
1743811200,2025-04-05 00:00:00,4.0,580.79,0.0,12.85,121.59,9.54,52.51,76.17,13.43
1743901200,2025-04-06 01:00:00,3.0,112.48,0.0,0.06,102.7,0.32,15.51,47.59,0.04
1743904800,2025-04-06 02:00:00,3.0,112.4,0.0,0.08,102.64,0.32,15.75,47.83,0.04
1743908400,2025-04-06 03:00:00,3.0,112.32,0.0,0.1,101.42,0.32,15.97,47.88,0.03
1743912000,2025-04-06 04:00:00,3.0,112.19,0.01,0.09,100.18,0.31,16.18,48.08,0.03
1743915600,2025-04-06 05:00:00,2.0,112.02,0.01,0.07,99.18,0.31,16.46,48.87,0.02
1743919200,2025-04-06 06:00:00,2.0,111.83,0.01,0.06,98.19,0.3,16.77,49.95,0.02
1743922800,2025-04-06 07:00:00,3.0,111.3,0.01,0.05,96.93,0.3,17.03,51.09,0.02
1743926400,2025-04-06 08:00:00,3.0,110.62,0.01,0.05,95.17,0.3,17.26,52.17,0.01
1743930000,2025-04-06 09:00:00,3.0,109.83,0.01,0.05,93.32,0.32,17.46,53.23,0.01
1743933600,2025-04-06 10:00:00,3.0,109.62,0.01,0.05,92.13,0.33,17.62,54.02,0.01
1743937200,2025-04-06 11:00:00,3.0,109.17,0.01,0.05,91.5,0.35,17.57,53.5,0.01
1743940800,2025-04-06 12:00:00,3.0,109.18,0.01,0.06,91.79,0.37,17.44,52.14,0.01
1743944400,2025-04-06 13:00:00,3.0,109.7,0.0,0.08,92.83,0.39,17.36,50.6,0.0
1743948000,2025-04-06 14:00:00,2.0,109.93,0.0,0.11,93.1,0.41,17.23,48.4,0.0
1743951600,2025-04-06 15:00:00,2.0,110.05,0.0,0.11,92.18,0.43,16.98,45.3,0.0
1743955200,2025-04-06 16:00:00,2.0,109.92,0.0,0.11,92.29,0.45,16.63,41.96,0.0
1743958800,2025-04-06 17:00:00,2.0,110.13,0.0,0.1,92.14,0.47,16.32,38.67,0.0
1743962400,2025-04-06 18:00:00,2.0,110.46,0.0,0.09,91.9,0.47,16.08,35.82,0.01
1743966000,2025-04-06 19:00:00,2.0,110.96,0.0,0.09,92.48,0.47,15.96,34.38,0.01
1743969600,2025-04-06 20:00:00,2.0,111.47,0.0,0.08,93.29,0.47,16.01,34.51,0.02
1743973200,2025-04-06 21:00:00,2.0,111.81,0.0,0.08,93.35,0.46,16.15,35.49,0.01
1743976800,2025-04-06 22:00:00,2.0,111.49,0.0,0.08,92.7,0.45,16.33,36.99,0.01
1743980400,2025-04-06 23:00:00,2.0,111.11,0.0,0.07,91.53,0.44,16.5,38.25,0.01
1743984000,2025-04-07 00:00:00,2.0,110.67,0.0,0.07,90.25,0.43,16.64,39.22,0.0
1743987600,2025-04-07 01:00:00,2.0,110.26,0.0,0.07,89.07,0.42,16.76,40.14,0.0
1743991200,2025-04-07 02:00:00,2.0,110.0,0.0,0.08,87.03,0.41,16.92,41.05,0.0
1743994800,2025-04-07 03:00:00,2.0,109.91,0.0,0.1,84.92,0.4,17.0,41.79,0.0
1743998400,2025-04-07 04:00:00,2.0,109.55,0.01,0.09,82.78,0.39,16.99,42.22,0.0
1744002000,2025-04-07 05:00:00,2.0,109.3,0.01,0.07,80.33,0.38,17.0,42.75,0.0
1744005600,2025-04-07 06:00:00,2.0,108.85,0.01,0.06,77.68,0.37,17.0,43.33,0.0
1744009200,2025-04-07 07:00:00,2.0,108.13,0.01,0.05,75.09,0.36,16.96,43.91,0.0
1744012800,2025-04-07 08:00:00,2.0,107.42,0.01,0.05,72.46,0.36,16.94,44.87,0.0
1744016400,2025-04-07 09:00:00,2.0,106.59,0.01,0.04,70.07,0.35,16.96,46.03,0.0
1744020000,2025-04-07 10:00:00,2.0,106.53,0.01,0.04,68.92,0.36,17.09,47.66,0.0
1744023600,2025-04-07 11:00:00,3.0,106.85,0.01,0.05,68.87,0.36,17.42,50.06,0.0
1744027200,2025-04-07 12:00:00,3.0,107.4,0.01,0.06,69.0,0.37,17.91,52.44,0.0
1744030800,2025-04-07 13:00:00,3.0,108.46,0.0,0.07,68.81,0.37,18.47,54.25,0.0
1744034400,2025-04-07 14:00:00,3.0,109.5,0.0,0.1,66.99,0.36,18.96,54.85,0.0
1744038000,2025-04-07 15:00:00,3.0,110.55,0.0,0.11,64.82,0.36,19.45,55.38,0.0
1744041600,2025-04-07 16:00:00,3.0,111.2,0.0,0.11,63.37,0.36,19.84,56.35,0.0
1744045200,2025-04-07 17:00:00,3.0,111.72,0.0,0.11,62.93,0.36,20.14,57.53,0.0
1744048800,2025-04-07 18:00:00,3.0,111.9,0.0,0.11,63.01,0.37,20.38,58.64,0.0
1744052400,2025-04-07 19:00:00,3.0,111.71,0.0,0.1,63.49,0.37,20.79,61.07,0.0
1744056000,2025-04-07 20:00:00,3.0,111.87,0.0,0.1,63.62,0.37,21.2,63.74,0.0
1744059600,2025-04-07 21:00:00,3.0,112.03,0.0,0.1,63.49,0.36,21.54,66.35,0.0
1744063200,2025-04-07 22:00:00,3.0,111.96,0.0,0.1,63.2,0.34,21.85,69.37,0.0
1744066800,2025-04-07 23:00:00,3.0,112.0,0.0,0.1,63.05,0.33,22.11,71.62,0.0
1744070400,2025-04-08 00:00:00,3.0,112.0,0.0,0.1,63.13,0.32,22.25,72.72,0.0
1744074000,2025-04-08 01:00:00,3.0,112.21,0.0,0.1,63.12,0.32,22.37,73.39,0.0
1744077600,2025-04-08 02:00:00,3.0,112.45,0.0,0.1,63.31,0.32,22.5,74.02,0.0
1744081200,2025-04-08 03:00:00,3.0,112.78,0.0,0.11,63.22,0.32,22.62,74.49,0.0
1744084800,2025-04-08 04:00:00,3.0,112.9,0.01,0.09,62.78,0.33,22.62,74.28,0.0
1744088400,2025-04-08 05:00:00,3.0,112.98,0.01,0.07,61.83,0.33,22.5,73.82,0.0
1744092000,2025-04-08 06:00:00,3.0,112.84,0.01,0.06,60.57,0.33,22.34,73.63,0.0
1744095600,2025-04-08 07:00:00,3.0,112.41,0.01,0.05,59.39,0.32,22.11,73.85,0.0
1744099200,2025-04-08 08:00:00,3.0,111.82,0.01,0.05,58.38,0.32,21.88,74.18,0.0
1744102800,2025-04-08 09:00:00,3.0,111.33,0.01,0.05,57.84,0.32,21.66,74.52,0.0
1744106400,2025-04-08 10:00:00,3.0,111.22,0.01,0.05,58.0,0.32,21.52,75.15,0.0
1744110000,2025-04-08 11:00:00,3.0,110.94,0.01,0.05,58.56,0.32,21.29,75.25,0.0
1744113600,2025-04-08 12:00:00,3.0,110.86,0.01,0.06,59.42,0.32,21.0,75.04,0.0
1744117200,2025-04-08 13:00:00,3.0,111.13,0.01,0.08,60.38,0.32,20.82,74.92,0.0
1744120800,2025-04-08 14:00:00,3.0,111.31,0.0,0.11,61.28,0.31,20.58,74.47,0.0
1744124400,2025-04-08 15:00:00,3.0,111.48,0.0,0.11,61.85,0.3,20.3,73.77,0.0
1744128000,2025-04-08 16:00:00,3.0,111.35,0.0,0.11,61.95,0.28,20.0,72.79,0.0
1744131600,2025-04-08 17:00:00,3.0,111.37,0.0,0.11,61.96,0.26,19.72,71.65,0.0
1744135200,2025-04-08 18:00:00,3.0,111.46,0.0,0.11,61.97,0.25,19.41,70.21,0.0
1744138800,2025-04-08 19:00:00,3.0,111.12,0.0,0.11,61.56,0.24,19.0,68.22,0.0
1744142400,2025-04-08 20:00:00,3.0,111.05,0.0,0.11,61.4,0.22,18.57,66.29,0.0
1744146000,2025-04-08 21:00:00,3.0,110.94,0.0,0.1,61.29,0.21,18.15,64.43,0.0
1744149600,2025-04-08 22:00:00,3.0,110.86,0.0,0.1,61.54,0.21,17.63,62.4,0.0
1744153200,2025-04-08 23:00:00,3.0,110.63,0.0,0.09,61.84,0.2,17.07,59.86,0.0
1744156800,2025-04-09 00:00:00,3.0,110.24,0.0,0.08,62.39,0.2,16.53,57.55,0.0
1744160400,2025-04-09 01:00:00,3.0,109.96,0.0,0.08,63.23,0.19,16.04,56.02,0.0
1744164000,2025-04-09 02:00:00,3.0,109.6,0.0,0.08,64.25,0.19,15.68,54.76,0.0
1744167600,2025-04-09 03:00:00,3.0,109.51,0.0,0.09,65.35,0.2,15.44,53.82,0.0
1744171200,2025-04-09 04:00:00,3.0,109.22,0.01,0.07,66.23,0.21,15.26,53.46,0.0
1744174800,2025-04-09 05:00:00,3.0,108.97,0.01,0.05,66.98,0.21,15.14,53.79,0.0
1744178400,2025-04-09 06:00:00,3.0,108.63,0.01,0.04,66.92,0.22,15.05,54.37,0.0
1744182000,2025-04-09 07:00:00,3.0,108.23,0.01,0.04,66.04,0.22,14.93,54.64,0.0
1744185600,2025-04-09 08:00:00,3.0,107.74,0.01,0.04,64.55,0.22,14.77,54.4,0.0
1744189200,2025-04-09 09:00:00,3.0,107.31,0.01,0.04,63.24,0.22,14.59,54.41,0.0
1744192800,2025-04-09 10:00:00,3.0,107.63,0.01,0.04,62.41,0.23,14.45,54.88,0.0
1744196400,2025-04-09 11:00:00,3.0,107.78,0.01,0.04,61.87,0.23,14.3,55.22,0.0
1744200000,2025-04-09 12:00:00,3.0,108.1,0.01,0.05,61.81,0.23,14.22,55.6,0.0
1744203600,2025-04-09 13:00:00,3.0,109.0,0.0,0.07,62.2,0.23,14.28,56.35,0.0
1744207200,2025-04-09 14:00:00,3.0,109.64,0.0,0.09,62.45,0.22,14.36,56.83,0.0
1744210800,2025-04-09 15:00:00,3.0,110.08,0.0,0.09,62.48,0.21,14.47,57.2,0.0
1744214400,2025-04-09 16:00:00,3.0,110.24,0.0,0.09,62.62,0.2,14.55,57.17,0.0
1744218000,2025-04-09 17:00:00,3.0,110.4,0.0,0.09,63.55,0.2,14.67,56.51,0.0
1744221600,2025-04-09 18:00:00,3.0,110.92,0.0,0.09,65.08,0.21,14.86,54.9,0.0
1744225200,2025-04-09 19:00:00,3.0,111.56,0.0,0.09,66.61,0.22,15.07,52.34,0.0
1744228800,2025-04-09 20:00:00,3.0,112.22,0.0,0.08,68.27,0.23,15.29,50.28,0.0
1744232400,2025-04-09 21:00:00,2.0,112.71,0.0,0.08,69.72,0.23,15.57,49.27,0.0
1744236000,2025-04-09 22:00:00,2.0,113.42,0.0,0.07,70.79,0.24,15.99,48.98,0.0
1744239600,2025-04-09 23:00:00,2.0,114.35,0.0,0.07,71.35,0.25,16.45,49.22,0.0
1744243200,2025-04-10 00:00:00,2.0,115.21,0.0,0.07,71.66,0.25,16.92,49.8,0.0
1744246800,2025-04-10 01:00:00,3.0,116.19,0.0,0.07,71.72,0.26,17.39,50.81,0.0
1744250400,2025-04-10 02:00:00,3.0,117.44,0.0,0.07,71.81,0.27,17.92,52.29,0.0
1744254000,2025-04-10 03:00:00,3.0,118.83,0.0,0.08,71.75,0.28,18.51,54.22,0.0
1744257600,2025-04-10 04:00:00,3.0,119.82,0.01,0.07,71.29,0.28,19.05,56.45,0.0
1744261200,2025-04-10 05:00:00,3.0,120.84,0.01,0.05,70.81,0.29,19.55,59.18,0.0
1744264800,2025-04-10 06:00:00,3.0,121.77,0.01,0.05,69.95,0.28,19.99,62.68,0.0
1744268400,2025-04-10 07:00:00,3.0,122.33,0.01,0.04,68.95,0.27,20.42,67.67,0.0
1744272000,2025-04-10 08:00:00,3.0,122.39,0.01,0.04,67.74,0.27,20.79,72.96,0.0
1744275600,2025-04-10 09:00:00,3.0,122.25,0.01,0.04,66.41,0.26,21.04,76.68,0.0
1744279200,2025-04-10 10:00:00,3.0,122.43,0.01,0.04,65.63,0.26,21.26,79.68,0.0
1744282800,2025-04-10 11:00:00,3.0,121.93,0.01,0.04,65.22,0.26,21.19,81.01,0.0
1744286400,2025-04-10 12:00:00,3.0,121.46,0.01,0.05,65.0,0.27,20.99,81.03,0.0
1744290000,2025-04-10 13:00:00,3.0,121.6,0.0,0.07,65.33,0.27,20.8,80.64,0.0
1744293600,2025-04-10 14:00:00,3.0,121.74,0.0,0.09,65.34,0.27,20.56,79.78,0.0
1744297200,2025-04-10 15:00:00,3.0,121.97,0.0,0.09,65.29,0.27,20.29,79.15,0.0
1744300800,2025-04-10 16:00:00,3.0,121.99,0.0,0.09,64.97,0.27,19.99,78.78,0.0
1744304400,2025-04-10 17:00:00,3.0,122.31,0.0,0.09,64.28,0.27,19.64,77.3,0.0
1744308000,2025-04-10 18:00:00,3.0,122.75,0.0,0.09,63.62,0.28,19.39,75.8,0.0
1744311600,2025-04-10 19:00:00,3.0,123.24,0.0,0.09,62.97,0.29,19.22,74.09,0.0
1744315200,2025-04-10 20:00:00,3.0,123.93,0.0,0.09,62.62,0.3,19.17,72.67,0.0
1744318800,2025-04-10 21:00:00,3.0,124.82,0.0,0.09,62.65,0.31,19.24,71.89,0.0
1744322400,2025-04-10 22:00:00,3.0,125.87,0.0,0.08,63.24,0.32,19.53,72.58,0.0
1744326000,2025-04-10 23:00:00,3.0,126.52,0.0,0.08,63.78,0.32,19.86,74.06,0.0
1744329600,2025-04-11 00:00:00,3.0,127.06,0.0,0.08,64.32,0.32,20.17,76.1,0.0
1744333200,2025-04-11 01:00:00,3.0,127.25,0.0,0.08,65.18,0.32,20.53,79.02,0.0
1744336800,2025-04-11 02:00:00,3.0,127.41,0.0,0.08,66.5,0.32,20.91,81.94,0.0
1744340400,2025-04-11 03:00:00,3.0,127.57,0.0,0.09,67.9,0.32,21.37,84.58,0.0
1744344000,2025-04-11 04:00:00,3.0,127.38,0.01,0.08,68.78,0.32,21.83,86.47,0.0
1744347600,2025-04-11 05:00:00,3.0,127.06,0.01,0.06,68.86,0.32,22.37,88.18,0.0
1744351200,2025-04-11 06:00:00,3.0,126.54,0.01,0.05,68.13,0.33,23.1,90.27,0.0
1744354800,2025-04-11 07:00:00,3.0,125.81,0.01,0.05,67.33,0.33,24.19,93.76,0.0
1744358400,2025-04-11 08:00:00,3.0,124.8,0.01,0.05,66.98,0.33,25.66,98.65,0.0
1744362000,2025-04-11 09:00:00,4.0,124.3,0.01,0.05,67.53,0.34,27.57,104.76,0.0
1744365600,2025-04-11 10:00:00,4.0,124.95,0.01,0.05,69.12,0.37,29.99,112.23,0.0
1744369200,2025-04-11 11:00:00,4.0,126.27,0.01,0.05,71.71,0.41,32.62,119.91,0.0
1744372800,2025-04-11 12:00:00,4.0,128.34,0.01,0.07,74.66,0.46,35.0,126.39,0.0
1744376400,2025-04-11 13:00:00,4.0,130.88,0.01,0.09,77.99,0.52,36.73,130.64,0.0
1744380000,2025-04-11 14:00:00,4.0,132.51,0.0,0.12,80.49,0.58,37.31,130.88,0.0
1744383600,2025-04-11 15:00:00,4.0,133.0,0.0,0.13,81.97,0.61,36.8,127.38,0.0
1744387200,2025-04-11 16:00:00,4.0,132.46,0.0,0.12,82.25,0.64,35.8,122.66,0.0
1744390800,2025-04-11 17:00:00,4.0,131.68,0.0,0.12,82.64,0.67,35.37,120.13,0.0
1744394400,2025-04-11 18:00:00,4.0,131.1,0.0,0.12,84.05,0.72,35.99,121.03,0.0
1744398000,2025-04-11 19:00:00,4.0,130.75,0.0,0.12,86.43,0.79,37.2,123.4,0.0
1744401600,2025-04-11 20:00:00,4.0,130.4,0.0,0.12,88.15,0.82,38.29,125.29,0.0
1744405200,2025-04-11 21:00:00,4.0,130.11,0.0,0.12,88.5,0.83,38.84,126.18,0.0
1744408800,2025-04-11 22:00:00,4.0,129.85,0.0,0.11,88.13,0.81,38.7,125.91,0.0
1744412400,2025-04-11 23:00:00,4.0,129.49,0.0,0.11,87.34,0.79,38.0,124.35,0.0
1744416000,2025-04-12 00:00:00,4.0,129.36,0.0,0.11,86.23,0.76,37.05,121.6,0.0
1744419600,2025-04-12 01:00:00,4.0,129.33,0.0,0.1,85.47,0.73,36.21,118.43,0.0
1744423200,2025-04-12 02:00:00,4.0,129.55,0.0,0.11,84.22,0.7,35.4,115.85,0.0
1744426800,2025-04-12 03:00:00,4.0,129.88,0.0,0.12,82.74,0.66,34.53,113.66,0.0
1744430400,2025-04-12 04:00:00,4.0,129.84,0.01,0.1,80.81,0.63,33.55,111.59,0.0
1744434000,2025-04-12 05:00:00,4.0,129.67,0.01,0.08,78.38,0.58,32.26,108.5,0.0
1744437600,2025-04-12 06:00:00,4.0,129.15,0.01,0.07,75.03,0.53,30.51,103.42,0.0
1744441200,2025-04-12 07:00:00,3.0,127.74,0.01,0.06,71.24,0.47,28.31,96.15,0.0
1744444800,2025-04-12 08:00:00,3.0,125.98,0.01,0.06,68.04,0.42,26.28,88.77,0.0
1744448400,2025-04-12 09:00:00,3.0,124.36,0.01,0.06,65.74,0.39,24.72,82.97,0.0
1744452000,2025-04-12 10:00:00,3.0,123.62,0.01,0.06,64.68,0.37,23.73,78.86,0.0
1744455600,2025-04-12 11:00:00,3.0,122.92,0.01,0.06,64.22,0.35,23.06,75.03,0.0
1744459200,2025-04-12 12:00:00,3.0,122.49,0.01,0.07,64.24,0.35,22.54,71.64,0.0
1744462800,2025-04-12 13:00:00,3.0,122.4,0.01,0.09,65.0,0.35,22.23,69.35,0.0
1744466400,2025-04-12 14:00:00,3.0,122.13,0.0,0.11,65.76,0.35,22.1,67.88,0.0
1744470000,2025-04-12 15:00:00,3.0,121.98,0.0,0.11,66.49,0.35,22.12,67.26,0.0
1744473600,2025-04-12 16:00:00,3.0,121.59,0.0,0.1,66.85,0.35,22.25,67.02,0.0
1744477200,2025-04-12 17:00:00,3.0,121.61,0.0,0.1,67.11,0.34,22.51,67.16,0.0
1744480800,2025-04-12 18:00:00,3.0,121.74,0.0,0.09,66.94,0.33,22.78,67.24,0.0
1744484400,2025-04-12 19:00:00,3.0,121.8,0.0,0.09,66.07,0.33,22.96,66.95,0.0
1744488000,2025-04-12 20:00:00,3.0,122.21,0.0,0.09,64.72,0.33,23.19,66.96,0.0
1744491600,2025-04-12 21:00:00,3.0,122.56,0.0,0.09,63.55,0.33,23.47,67.36,0.0
1744495200,2025-04-12 22:00:00,3.0,122.96,0.0,0.09,62.55,0.34,23.78,68.07,0.0
1744498800,2025-04-12 23:00:00,3.0,123.22,0.0,0.09,61.99,0.34,24.13,69.17,0.0
1744502400,2025-04-13 00:00:00,3.0,123.51,0.0,0.09,61.98,0.34,24.5,70.25,0.0
1744506000,2025-04-13 01:00:00,3.0,123.61,0.0,0.09,62.32,0.33,24.83,71.2,0.0
1744509600,2025-04-13 02:00:00,3.0,123.83,0.0,0.1,63.06,0.33,25.12,71.96,0.0
1744513200,2025-04-13 03:00:00,3.0,123.95,0.01,0.1,63.93,0.32,25.37,72.59,0.0
1744516800,2025-04-13 04:00:00,3.0,123.41,0.01,0.08,64.84,0.31,25.51,72.89,0.0
1744520400,2025-04-13 05:00:00,3.0,123.27,0.01,0.07,65.45,0.3,25.73,73.3,0.0
1744524000,2025-04-13 06:00:00,3.0,123.04,0.01,0.06,65.43,0.29,25.95,73.6,0.0
1744527600,2025-04-13 07:00:00,3.0,122.62,0.01,0.05,64.81,0.28,26.13,73.61,0.0
1744531200,2025-04-13 08:00:00,3.0,122.25,0.01,0.05,63.66,0.27,26.27,73.48,0.0
1744534800,2025-04-13 09:00:00,3.0,121.94,0.01,0.04,62.07,0.27,26.4,73.3,0.0
1744538400,2025-04-13 10:00:00,3.0,122.17,0.01,0.05,60.48,0.27,26.57,73.13,0.0
1744542000,2025-04-13 11:00:00,3.0,122.38,0.01,0.05,59.15,0.28,26.64,72.76,0.0
1744545600,2025-04-13 12:00:00,3.0,122.47,0.01,0.06,58.63,0.28,26.61,72.2,0.0
1744549200,2025-04-13 13:00:00,3.0,122.86,0.01,0.07,58.93,0.29,26.46,71.39,0.0
1744552800,2025-04-13 14:00:00,3.0,123.13,0.0,0.09,59.21,0.3,26.22,70.61,0.0
1744556400,2025-04-13 15:00:00,3.0,123.29,0.0,0.09,59.35,0.31,25.94,70.17,0.0
1744560000,2025-04-13 16:00:00,3.0,123.3,0.0,0.09,59.43,0.31,25.58,69.55,0.0
1744563600,2025-04-13 17:00:00,3.0,123.48,0.0,0.09,59.83,0.31,25.25,68.75,0.0
1744567200,2025-04-13 18:00:00,3.0,123.68,0.0,0.08,60.44,0.31,24.89,67.55,0.0
1744570800,2025-04-13 19:00:00,3.0,123.76,0.0,0.08,61.22,0.31,24.5,65.85,0.0
1744574400,2025-04-13 20:00:00,3.0,123.81,0.0,0.08,61.86,0.3,24.22,64.29,0.0
1744578000,2025-04-13 21:00:00,3.0,124.13,0.0,0.08,62.02,0.3,24.07,63.11,0.0
1744581600,2025-04-13 22:00:00,3.0,124.88,0.0,0.08,61.87,0.31,23.99,62.14,0.0
1744585200,2025-04-13 23:00:00,3.0,125.56,0.0,0.08,61.79,0.31,23.92,61.19,0.0
1744588800,2025-04-14 00:00:00,3.0,126.08,0.0,0.08,62.02,0.31,23.87,60.25,0.0
1744592400,2025-04-14 01:00:00,3.0,126.86,0.0,0.08,62.59,0.31,23.72,58.92,0.0
1744596000,2025-04-14 02:00:00,3.0,127.62,0.0,0.09,63.11,0.3,23.56,57.59,0.0
1744599600,2025-04-14 03:00:00,3.0,128.76,0.0,0.09,63.68,0.3,23.46,56.5,0.0
1744603200,2025-04-14 04:00:00,3.0,129.52,0.01,0.08,63.97,0.3,23.34,55.54,0.0
1744606800,2025-04-14 05:00:00,3.0,130.23,0.01,0.06,64.06,0.3,23.24,54.79,0.0
1744610400,2025-04-14 06:00:00,3.0,130.64,0.01,0.05,63.52,0.29,23.13,54.24,0.0
1744614000,2025-04-14 07:00:00,3.0,131.2,0.01,0.05,62.49,0.29,22.96,53.66,0.0
1744617600,2025-04-14 08:00:00,3.0,131.41,0.01,0.04,61.27,0.28,22.69,52.75,0.0
1744621200,2025-04-14 09:00:00,3.0,131.53,0.01,0.04,60.07,0.28,22.16,51.39,0.0
1744624800,2025-04-14 10:00:00,2.0,131.44,0.01,0.04,59.35,0.27,21.33,49.95,0.0
1744628400,2025-04-14 11:00:00,2.0,130.49,0.01,0.05,58.28,0.28,20.42,49.36,0.0
1744632000,2025-04-14 12:00:00,2.0,129.3,0.01,0.05,57.19,0.3,19.52,49.57,0.0
1744635600,2025-04-14 13:00:00,3.0,128.78,0.01,0.07,56.69,0.31,18.76,50.35,0.0
1744639200,2025-04-14 14:00:00,3.0,127.99,0.0,0.09,56.39,0.32,17.97,50.7,0.0
1744642800,2025-04-14 15:00:00,3.0,127.15,0.0,0.09,56.14,0.32,17.14,50.59,0.0
1744646400,2025-04-14 16:00:00,3.0,126.06,0.0,0.09,55.77,0.33,16.31,50.21,0.0
1744650000,2025-04-14 17:00:00,3.0,125.22,0.0,0.09,55.21,0.33,15.61,50.08,0.0
1744653600,2025-04-14 18:00:00,2.0,124.51,0.0,0.09,54.56,0.34,14.96,49.89,0.0
1744657200,2025-04-14 19:00:00,2.0,123.44,0.0,0.09,53.83,0.35,14.34,49.48,0.0
1744660800,2025-04-14 20:00:00,2.0,122.43,0.0,0.09,53.31,0.36,13.86,49.7,0.0
1744664400,2025-04-14 21:00:00,3.0,121.27,0.0,0.09,52.9,0.37,13.46,50.25,0.0
1744668000,2025-04-14 22:00:00,3.0,120.19,0.0,0.09,52.99,0.37,13.11,51.18,0.0
1744671600,2025-04-14 23:00:00,3.0,119.13,0.0,0.09,53.47,0.36,12.99,52.86,0.0
1744675200,2025-04-15 00:00:00,3.0,118.09,0.0,0.09,54.11,0.35,13.04,54.9,0.0
1744678800,2025-04-15 01:00:00,3.0,117.63,0.0,0.09,54.64,0.35,13.21,57.3,0.0
1744682400,2025-04-15 02:00:00,3.0,117.25,0.0,0.1,54.67,0.34,13.39,59.95,0.0
1744686000,2025-04-15 03:00:00,3.0,116.92,0.01,0.1,54.11,0.34,13.54,62.45,0.0
1744689600,2025-04-15 04:00:00,3.0,116.79,0.01,0.09,53.45,0.34,13.66,64.71,0.0
1744693200,2025-04-15 05:00:00,3.0,117.04,0.01,0.07,53.02,0.34,13.8,66.7,0.0
1744696800,2025-04-15 06:00:00,3.0,117.21,0.01,0.06,52.53,0.33,13.92,67.88,0.0
1744700400,2025-04-15 07:00:00,3.0,117.12,0.01,0.06,51.77,0.32,14.02,67.95,0.0
1744704000,2025-04-15 08:00:00,3.0,116.87,0.01,0.05,50.59,0.31,14.09,66.75,0.0
1744707600,2025-04-15 09:00:00,3.0,116.54,0.01,0.05,49.27,0.31,14.16,64.94,0.0
1744711200,2025-04-15 10:00:00,3.0,116.8,0.01,0.05,48.46,0.31,14.31,63.28,0.0
1744714800,2025-04-15 11:00:00,3.0,116.77,0.01,0.05,48.12,0.32,14.46,61.64,0.0
1744718400,2025-04-15 12:00:00,3.0,116.83,0.01,0.06,48.45,0.32,14.64,60.11,0.0
1744722000,2025-04-15 13:00:00,3.0,117.35,0.01,0.08,49.23,0.33,14.86,58.66,0.0
1744725600,2025-04-15 14:00:00,3.0,117.65,0.0,0.1,49.65,0.34,15.05,57.15,0.0
1744729200,2025-04-15 15:00:00,3.0,117.6,0.0,0.1,49.94,0.35,15.22,56.3,0.0
1744732800,2025-04-15 16:00:00,3.0,117.26,0.0,0.1,50.27,0.36,15.27,56.3,0.0
1744736400,2025-04-15 17:00:00,3.0,116.89,0.0,0.1,50.97,0.36,15.29,56.77,0.0
1744740000,2025-04-15 18:00:00,3.0,116.46,0.0,0.1,51.69,0.36,15.18,57.04,0.0
1744743600,2025-04-15 19:00:00,3.0,115.63,0.0,0.1,52.15,0.36,14.95,56.83,0.0
1744747200,2025-04-15 20:00:00,3.0,114.91,0.0,0.1,52.49,0.36,14.66,56.5,0.0
1744750800,2025-04-15 21:00:00,3.0,114.28,0.0,0.1,52.33,0.36,14.34,56.3,0.0
1744754400,2025-04-15 22:00:00,3.0,113.71,0.0,0.1,51.8,0.35,14.03,56.22,0.0
1744758000,2025-04-15 23:00:00,3.0,113.31,0.0,0.1,51.12,0.36,13.69,56.18,0.0
1744761600,2025-04-16 00:00:00,3.0,112.8,0.0,0.1,50.41,0.36,13.4,56.42,0.0
1744765200,2025-04-16 01:00:00,3.0,112.24,0.0,0.1,49.89,0.36,13.15,57.16,0.0
1744768800,2025-04-16 02:00:00,3.0,111.4,0.0,0.11,49.51,0.35,12.92,58.03,0.0
1744772400,2025-04-16 03:00:00,3.0,110.68,0.01,0.11,49.26,0.35,12.71,58.7,0.0
1744776000,2025-04-16 04:00:00,3.0,109.8,0.01,0.09,49.36,0.34,12.54,59.07,0.0
1744779600,2025-04-16 05:00:00,3.0,109.26,0.02,0.08,49.38,0.33,12.39,59.15,0.0
1744783200,2025-04-16 06:00:00,3.0,108.44,0.01,0.07,49.04,0.33,12.22,58.89,0.0
1744786800,2025-04-16 07:00:00,3.0,107.63,0.01,0.06,48.39,0.33,11.97,58.17,0.0
1744790400,2025-04-16 08:00:00,3.0,106.78,0.01,0.05,47.88,0.32,11.67,57.18,0.0
1744794000,2025-04-16 09:00:00,3.0,105.79,0.01,0.05,47.35,0.32,11.39,56.21,0.0
1744797600,2025-04-16 10:00:00,3.0,105.52,0.01,0.05,46.78,0.33,11.14,55.28,0.0
1744801200,2025-04-16 11:00:00,3.0,105.32,0.01,0.05,46.22,0.34,10.94,53.97,0.0
1744804800,2025-04-16 12:00:00,3.0,105.24,0.01,0.06,46.01,0.35,10.81,52.67,0.0
1744808400,2025-04-16 13:00:00,3.0,105.41,0.01,0.08,46.35,0.36,10.81,51.72,0.0
1744812000,2025-04-16 14:00:00,3.0,105.58,0.0,0.1,46.98,0.36,10.92,51.18,0.0
1744815600,2025-04-16 15:00:00,3.0,105.25,0.0,0.1,47.89,0.37,11.03,50.65,0.0
1744819200,2025-04-16 16:00:00,2.0,104.54,0.0,0.1,49.09,0.36,11.07,49.88,0.0
1744822800,2025-04-16 17:00:00,2.0,103.87,0.0,0.1,50.37,0.36,11.06,48.99,0.0
1744826400,2025-04-16 18:00:00,2.0,103.21,0.0,0.09,51.66,0.36,11.0,47.92,0.0
1744830000,2025-04-16 19:00:00,2.0,102.66,0.0,0.09,52.72,0.35,10.92,46.84,0.0
1744833600,2025-04-16 20:00:00,2.0,102.39,0.0,0.09,53.43,0.35,10.94,46.43,0.0
1744837200,2025-04-16 21:00:00,2.0,102.35,0.0,0.09,53.67,0.36,11.04,46.63,0.0
1744840800,2025-04-16 22:00:00,2.0,102.68,0.0,0.09,53.88,0.36,11.15,47.08,0.0
1744844400,2025-04-16 23:00:00,2.0,102.98,0.0,0.09,53.84,0.36,11.27,47.67,0.0
1744848000,2025-04-17 00:00:00,2.0,103.14,0.0,0.09,52.97,0.37,11.41,48.69,0.0
1744851600,2025-04-17 01:00:00,2.0,103.64,0.0,0.1,51.96,0.37,11.47,49.54,0.0
1744855200,2025-04-17 02:00:00,3.0,104.48,0.0,0.11,51.29,0.38,11.52,50.21,0.0
1744858800,2025-04-17 03:00:00,3.0,105.24,0.01,0.11,50.97,0.38,11.6,51.2,0.0
1744862400,2025-04-17 04:00:00,3.0,105.56,0.01,0.09,51.51,0.37,11.65,51.9,0.0
1744866000,2025-04-17 05:00:00,3.0,105.7,0.01,0.07,52.89,0.35,11.78,52.48,0.0
1744869600,2025-04-17 06:00:00,3.0,105.77,0.01,0.06,53.96,0.34,11.95,52.93,0.0
1744873200,2025-04-17 07:00:00,3.0,105.54,0.01,0.05,54.66,0.32,12.07,52.93,0.0
1744876800,2025-04-17 08:00:00,3.0,105.05,0.01,0.05,54.44,0.31,12.13,52.77,0.0
1744880400,2025-04-17 09:00:00,3.0,104.77,0.01,0.05,53.06,0.31,12.06,52.68,0.0
1744884000,2025-04-17 10:00:00,3.0,104.92,0.01,0.05,51.1,0.31,11.95,52.72,0.0
1744887600,2025-04-17 11:00:00,3.0,104.88,0.01,0.05,49.26,0.32,11.8,52.72,0.0
1744891200,2025-04-17 12:00:00,3.0,104.93,0.01,0.06,48.4,0.33,11.84,53.36,0.0
1744894800,2025-04-17 13:00:00,3.0,105.27,0.01,0.08,48.26,0.35,12.09,55.03,0.0
1744898400,2025-04-17 14:00:00,3.0,105.7,0.0,0.1,48.04,0.36,12.43,57.22,0.0
1744902000,2025-04-17 15:00:00,3.0,106.02,0.0,0.11,47.64,0.38,12.75,59.89,0.0
1744905600,2025-04-17 16:00:00,3.0,106.19,0.0,0.11,47.41,0.4,13.06,62.63,0.0
1744909200,2025-04-17 17:00:00,3.0,106.46,0.0,0.11,47.69,0.43,13.37,65.43,0.0
1744912800,2025-04-17 18:00:00,3.0,106.91,0.0,0.11,48.27,0.46,13.7,68.32,0.0
1744916400,2025-04-17 19:00:00,3.0,106.98,0.0,0.12,48.94,0.5,14.06,71.24,0.0
1744920000,2025-04-17 20:00:00,3.0,107.32,0.0,0.12,50.16,0.55,14.6,75.05,0.0
1744923600,2025-04-17 21:00:00,3.0,108.05,0.0,0.13,51.72,0.61,15.29,79.27,0.0
1744927200,2025-04-17 22:00:00,3.0,108.75,0.0,0.13,53.71,0.67,16.03,83.12,0.0
1744930800,2025-04-17 23:00:00,3.0,109.29,0.0,0.13,55.68,0.7,16.57,85.33,0.0
1744934400,2025-04-18 00:00:00,3.0,109.64,0.0,0.13,56.53,0.69,16.66,85.3,0.0
1744938000,2025-04-18 01:00:00,3.0,109.6,0.0,0.13,56.17,0.65,16.31,83.33,0.0
1744941600,2025-04-18 02:00:00,3.0,109.3,0.0,0.14,54.69,0.59,15.66,80.28,0.0
1744945200,2025-04-18 03:00:00,3.0,108.78,0.01,0.14,52.72,0.54,14.84,77.0,0.0
1744948800,2025-04-18 04:00:00,3.0,108.05,0.02,0.11,51.01,0.51,14.0,73.93,0.0
1744952400,2025-04-18 05:00:00,3.0,107.33,0.02,0.09,49.47,0.48,13.3,71.64,0.0
1744956000,2025-04-18 06:00:00,3.0,106.49,0.02,0.07,47.66,0.44,12.77,70.05,0.0
1744959600,2025-04-18 07:00:00,3.0,105.51,0.02,0.06,45.86,0.42,12.35,68.72,0.0
1744963200,2025-04-18 08:00:00,3.0,104.78,0.01,0.06,44.69,0.4,12.07,67.39,0.0
1744966800,2025-04-18 09:00:00,3.0,104.05,0.01,0.06,44.15,0.39,11.86,65.77,0.0
1744970400,2025-04-18 10:00:00,3.0,103.71,0.01,0.05,44.47,0.39,11.72,63.86,0.0
1744974000,2025-04-18 11:00:00,3.0,103.15,0.01,0.06,45.24,0.39,11.56,61.67,0.0
1744977600,2025-04-18 12:00:00,3.0,102.57,0.01,0.06,46.75,0.39,11.45,59.99,0.0
1744981200,2025-04-18 13:00:00,3.0,102.56,0.01,0.08,49.1,0.41,11.54,59.45,0.0
1744984800,2025-04-18 14:00:00,3.0,102.33,0.0,0.1,51.36,0.43,11.76,59.67,0.0
1744988400,2025-04-18 15:00:00,3.0,102.54,0.0,0.11,53.56,0.47,12.2,61.18,0.0
1744992000,2025-04-18 16:00:00,3.0,102.9,0.0,0.12,55.87,0.52,12.86,64.27,0.0
1744995600,2025-04-18 17:00:00,3.0,103.74,0.0,0.12,58.01,0.57,13.64,68.05,0.0
1744999200,2025-04-18 18:00:00,3.0,104.47,0.0,0.13,59.84,0.61,14.42,71.92,0.0
1745002800,2025-04-18 19:00:00,3.0,105.03,0.0,0.13,61.33,0.64,15.12,75.52,0.0
1745006400,2025-04-18 20:00:00,3.0,105.45,0.0,0.13,63.01,0.67,15.82,79.13,0.0
1745010000,2025-04-18 21:00:00,3.0,106.16,0.0,0.13,64.86,0.7,16.58,83.12,0.0
1745013600,2025-04-18 22:00:00,3.0,107.06,0.0,0.14,67.28,0.75,17.49,87.82,0.0
1745017200,2025-04-18 23:00:00,3.0,107.85,0.0,0.14,69.62,0.79,18.38,92.18,0.0
1745020800,2025-04-19 00:00:00,3.0,108.44,0.0,0.14,72.1,0.84,19.16,95.34,0.0
1745110800,2025-04-20 01:00:00,4.0,139.06,0.0,0.1,104.12,0.67,43.3,198.8,0.01
1745114400,2025-04-20 02:00:00,5.0,140.64,0.0,0.12,105.05,0.63,46.99,214.83,0.02
1745118000,2025-04-20 03:00:00,5.0,141.7,0.01,0.15,105.72,0.59,49.63,224.7,0.03
1745121600,2025-04-20 04:00:00,5.0,142.31,0.01,0.13,105.72,0.55,51.04,228.1,0.03
1745125200,2025-04-20 05:00:00,5.0,142.78,0.01,0.1,105.02,0.5,51.65,227.49,0.04
1745128800,2025-04-20 06:00:00,5.0,143.25,0.01,0.09,103.65,0.46,51.54,224.74,0.04
1745132400,2025-04-20 07:00:00,5.0,143.71,0.01,0.08,101.3,0.43,50.88,220.78,0.05
1745136000,2025-04-20 08:00:00,5.0,143.91,0.01,0.07,98.85,0.4,50.27,217.58,0.06
1745139600,2025-04-20 09:00:00,5.0,144.06,0.01,0.07,96.65,0.37,49.8,214.53,0.07
1745143200,2025-04-20 10:00:00,5.0,144.24,0.01,0.07,96.1,0.36,49.09,211.72,0.08
1745146800,2025-04-20 11:00:00,5.0,144.01,0.01,0.08,95.55,0.35,48.46,209.47,0.08
1745150400,2025-04-20 12:00:00,5.0,143.52,0.01,0.09,95.72,0.34,48.1,208.42,0.08
1745154000,2025-04-20 13:00:00,5.0,143.7,0.01,0.11,97.0,0.34,47.82,207.78,0.09
1745157600,2025-04-20 14:00:00,5.0,143.7,0.0,0.13,97.25,0.33,47.97,207.35,0.1
1745161200,2025-04-20 15:00:00,5.0,143.62,0.0,0.13,97.43,0.32,48.13,206.22,0.1
1745164800,2025-04-20 16:00:00,5.0,143.15,0.0,0.13,97.45,0.32,48.1,204.25,0.1
1745168400,2025-04-20 17:00:00,5.0,143.29,0.0,0.12,97.41,0.32,48.34,203.19,0.1
1745172000,2025-04-20 18:00:00,5.0,143.38,0.0,0.11,97.34,0.31,48.48,201.91,0.1
1745175600,2025-04-20 19:00:00,5.0,142.98,0.0,0.11,97.1,0.31,48.62,201.11,0.1
1745179200,2025-04-20 20:00:00,5.0,142.29,0.0,0.1,96.79,0.31,48.82,201.13,0.1
1745182800,2025-04-20 21:00:00,5.0,141.66,0.0,0.1,96.02,0.31,49.05,201.04,0.09
1745186400,2025-04-20 22:00:00,4.0,140.78,0.0,0.09,95.19,0.3,48.91,198.92,0.09
1745190000,2025-04-20 23:00:00,4.0,139.59,0.0,0.09,94.84,0.3,48.03,193.25,0.08
1745193600,2025-04-21 00:00:00,4.0,138.26,0.0,0.09,95.09,0.3,46.35,185.14,0.09
1745197200,2025-04-21 01:00:00,4.0,136.22,0.0,0.08,97.53,0.3,43.48,175.65,0.11
1745200800,2025-04-21 02:00:00,4.0,135.17,0.0,0.1,100.29,0.29,41.43,169.8,0.13
1745204400,2025-04-21 03:00:00,4.0,134.88,0.0,0.1,101.3,0.28,40.49,167.43,0.14
1745208000,2025-04-21 04:00:00,4.0,133.66,0.01,0.08,100.72,0.26,39.99,166.29,0.14
1745211600,2025-04-21 05:00:00,4.0,133.01,0.01,0.06,99.06,0.25,39.73,165.64,0.13
1745215200,2025-04-21 06:00:00,4.0,132.13,0.01,0.05,96.64,0.24,39.5,165.25,0.13
1745218800,2025-04-21 07:00:00,4.0,130.87,0.01,0.04,93.71,0.22,39.32,165.48,0.13
1745222400,2025-04-21 08:00:00,4.0,129.2,0.01,0.04,90.84,0.21,38.84,165.11,0.13
1745226000,2025-04-21 09:00:00,4.0,127.57,0.01,0.04,88.61,0.2,38.11,164.19,0.14
1745229600,2025-04-21 10:00:00,4.0,126.58,0.01,0.04,87.18,0.19,37.47,163.4,0.14
1745233200,2025-04-21 11:00:00,4.0,125.52,0.01,0.04,85.98,0.19,37.08,162.91,0.14
1745236800,2025-04-21 12:00:00,4.0,124.92,0.01,0.05,85.91,0.18,36.82,162.86,0.15
1745240400,2025-04-21 13:00:00,4.0,124.89,0.0,0.06,87.14,0.19,36.69,163.17,0.15
1745244000,2025-04-21 14:00:00,4.0,124.92,0.0,0.08,88.09,0.19,36.73,163.47,0.15
1745247600,2025-04-21 15:00:00,4.0,125.07,0.0,0.09,88.91,0.2,36.97,164.14,0.15
1745251200,2025-04-21 16:00:00,4.0,124.96,0.0,0.09,89.45,0.21,37.36,164.73,0.15
1745254800,2025-04-21 17:00:00,4.0,125.16,0.0,0.08,89.62,0.22,37.99,165.39,0.13
1745258400,2025-04-21 18:00:00,4.0,125.58,0.0,0.08,89.62,0.24,38.76,165.81,0.12
1745262000,2025-04-21 19:00:00,4.0,125.8,0.0,0.08,89.9,0.25,39.29,164.27,0.1
1745265600,2025-04-21 20:00:00,4.0,126.29,0.0,0.07,90.12,0.27,39.6,160.38,0.08
1745269200,2025-04-21 21:00:00,4.0,126.78,0.0,0.07,89.81,0.28,39.63,154.95,0.06
1745272800,2025-04-21 22:00:00,4.0,127.07,0.0,0.07,90.0,0.29,39.09,149.22,0.05
1745276400,2025-04-21 23:00:00,4.0,127.65,0.0,0.07,90.14,0.29,38.64,145.16,0.05
1745280000,2025-04-22 00:00:00,4.0,128.09,0.0,0.06,89.81,0.28,38.43,144.42,0.05
1745283600,2025-04-22 01:00:00,4.0,128.29,0.0,0.06,89.69,0.27,38.21,145.53,0.06
1745287200,2025-04-22 02:00:00,4.0,128.4,0.0,0.07,89.95,0.25,37.65,143.43,0.08
1745290800,2025-04-22 03:00:00,4.0,128.37,0.0,0.08,90.52,0.23,36.72,138.99,0.09
1745294400,2025-04-22 04:00:00,4.0,127.89,0.01,0.06,90.53,0.22,35.67,133.77,0.1
1745298000,2025-04-22 05:00:00,4.0,127.37,0.01,0.05,90.02,0.21,34.71,129.04,0.11
1745301600,2025-04-22 06:00:00,4.0,126.77,0.01,0.04,88.85,0.19,33.84,124.48,0.12
1745305200,2025-04-22 07:00:00,4.0,126.17,0.01,0.04,87.12,0.18,33.09,120.64,0.12
1745308800,2025-04-22 08:00:00,4.0,125.23,0.01,0.04,85.11,0.17,32.34,117.29,0.13
1745312400,2025-04-22 09:00:00,4.0,124.11,0.01,0.04,83.7,0.17,31.47,114.15,0.14
1745316000,2025-04-22 10:00:00,4.0,123.51,0.01,0.04,83.77,0.17,30.4,110.81,0.16
1745319600,2025-04-22 11:00:00,4.0,122.67,0.01,0.04,83.79,0.18,29.43,107.4,0.17
1745323200,2025-04-22 12:00:00,4.0,122.07,0.01,0.05,84.67,0.2,28.6,104.67,0.18
1745326800,2025-04-22 13:00:00,4.0,122.22,0.0,0.06,86.83,0.21,27.92,102.41,0.2
1745330400,2025-04-22 14:00:00,4.0,122.3,0.0,0.08,87.56,0.22,27.66,101.31,0.2
1745334000,2025-04-22 15:00:00,4.0,122.73,0.0,0.09,87.92,0.23,27.64,101.14,0.19
1745337600,2025-04-22 16:00:00,4.0,122.92,0.0,0.08,88.12,0.24,27.71,101.27,0.18
1745341200,2025-04-22 17:00:00,4.0,123.66,0.0,0.08,88.2,0.25,28.02,102.28,0.17
1745344800,2025-04-22 18:00:00,4.0,124.32,0.0,0.08,88.5,0.26,28.37,103.43,0.16
1745348400,2025-04-22 19:00:00,4.0,124.75,0.0,0.08,88.84,0.27,28.61,104.35,0.15
1745352000,2025-04-22 20:00:00,4.0,124.94,0.0,0.08,89.18,0.28,28.74,105.06,0.15
1745355600,2025-04-22 21:00:00,4.0,125.07,0.0,0.07,89.29,0.29,28.96,105.76,0.14
1745359200,2025-04-22 22:00:00,4.0,125.35,0.0,0.07,89.99,0.29,29.45,106.88,0.14
1745362800,2025-04-22 23:00:00,4.0,125.71,0.0,0.07,90.72,0.29,30.13,108.56,0.14
1745366400,2025-04-23 00:00:00,4.0,126.02,0.0,0.07,91.46,0.29,30.91,110.78,0.14
1745370000,2025-04-23 01:00:00,4.0,126.39,0.0,0.06,92.1,0.28,31.82,113.12,0.14
1745373600,2025-04-23 02:00:00,4.0,126.95,0.0,0.08,92.65,0.28,32.87,116.02,0.13
1745377200,2025-04-23 03:00:00,4.0,127.48,0.0,0.08,92.9,0.28,34.04,120.22,0.13
1745380800,2025-04-23 04:00:00,4.0,127.58,0.01,0.06,92.84,0.29,35.01,124.84,0.12
1745384400,2025-04-23 05:00:00,4.0,127.15,0.01,0.05,91.95,0.29,35.83,130.04,0.11
1745388000,2025-04-23 06:00:00,4.0,126.33,0.01,0.04,90.04,0.29,36.42,135.59,0.1
1745391600,2025-04-23 07:00:00,4.0,125.21,0.01,0.04,87.59,0.29,36.7,140.27,0.1
1745395200,2025-04-23 08:00:00,4.0,123.87,0.01,0.04,84.59,0.29,36.54,142.14,0.09
1745398800,2025-04-23 09:00:00,4.0,122.62,0.01,0.04,81.88,0.29,36.11,141.02,0.07
1745402400,2025-04-23 10:00:00,4.0,122.2,0.01,0.04,80.64,0.3,35.49,137.71,0.06
1745406000,2025-04-23 11:00:00,4.0,121.61,0.01,0.04,80.48,0.31,34.43,130.92,0.05
1745409600,2025-04-23 12:00:00,4.0,121.52,0.01,0.05,81.94,0.32,33.22,122.36,0.03
1745413200,2025-04-23 13:00:00,4.0,122.38,0.0,0.06,85.02,0.33,32.09,113.74,0.02
1745416800,2025-04-23 14:00:00,4.0,123.58,0.0,0.09,87.76,0.36,31.24,106.17,0.01
1745420400,2025-04-23 15:00:00,4.0,125.47,0.0,0.1,90.4,0.38,30.64,100.17,0.0
1745424000,2025-04-23 16:00:00,3.0,127.19,0.0,0.09,92.26,0.4,30.3,95.95,0.0
1745427600,2025-04-23 17:00:00,3.0,128.67,0.0,0.09,93.05,0.41,30.26,93.64,0.0
1745431200,2025-04-23 18:00:00,3.0,130.18,0.0,0.09,92.96,0.42,30.33,92.26,0.0
1745434800,2025-04-23 19:00:00,3.0,130.9,0.0,0.09,92.73,0.43,30.28,90.78,0.0
1745438400,2025-04-23 20:00:00,3.0,131.6,0.0,0.08,93.6,0.44,29.97,88.76,0.0
1745442000,2025-04-23 21:00:00,3.0,131.72,0.0,0.08,94.5,0.45,29.83,87.51,0.0
1745445600,2025-04-23 22:00:00,3.0,131.68,0.0,0.08,95.79,0.45,30.04,87.5,0.0
1745449200,2025-04-23 23:00:00,3.0,131.9,0.0,0.08,96.47,0.44,30.34,87.71,0.0
1745452800,2025-04-24 00:00:00,3.0,132.11,0.0,0.07,96.97,0.43,30.54,87.35,0.0
1745456400,2025-04-24 01:00:00,3.0,132.04,0.0,0.07,97.75,0.43,30.5,86.3,0.0
1745460000,2025-04-24 02:00:00,3.0,132.1,0.0,0.09,98.13,0.42,30.53,85.63,0.0
1745463600,2025-04-24 03:00:00,3.0,131.91,0.0,0.09,97.43,0.41,30.67,85.41,0.0
1745467200,2025-04-24 04:00:00,3.0,131.59,0.01,0.07,95.94,0.4,30.79,85.05,0.0
1745470800,2025-04-24 05:00:00,3.0,131.02,0.01,0.06,94.27,0.39,30.75,84.32,0.0
1745474400,2025-04-24 06:00:00,3.0,130.32,0.01,0.05,92.18,0.38,30.55,83.46,0.0
1745478000,2025-04-24 07:00:00,3.0,129.41,0.01,0.04,89.61,0.37,30.15,82.58,0.0
1745481600,2025-04-24 08:00:00,3.0,128.27,0.01,0.04,86.18,0.36,29.82,82.41,0.0
1745485200,2025-04-24 09:00:00,3.0,126.99,0.01,0.04,82.76,0.36,29.54,82.83,0.0
1745488800,2025-04-24 10:00:00,3.0,125.92,0.01,0.05,80.35,0.36,29.31,83.84,0.0
1745492400,2025-04-24 11:00:00,3.0,124.44,0.01,0.05,78.95,0.38,29.04,84.5,0.0
1745496000,2025-04-24 12:00:00,3.0,123.22,0.01,0.07,78.64,0.39,28.93,85.18,0.0
1745499600,2025-04-24 13:00:00,3.0,122.22,0.01,0.09,78.73,0.41,29.21,86.6,0.0
1745503200,2025-04-24 14:00:00,3.0,121.28,0.0,0.11,78.17,0.42,29.75,88.84,0.0
1745506800,2025-04-24 15:00:00,3.0,120.35,0.0,0.12,77.01,0.43,30.48,92.01,0.0
1745510400,2025-04-24 16:00:00,3.0,119.18,0.0,0.12,75.72,0.44,31.26,96.11,0.0
1745514000,2025-04-24 17:00:00,4.0,118.23,0.0,0.11,74.3,0.44,32.09,100.8,0.0
1745517600,2025-04-24 18:00:00,4.0,117.46,0.0,0.11,72.31,0.43,32.94,105.78,0.0
1745521200,2025-04-24 19:00:00,4.0,116.68,0.0,0.11,70.08,0.43,33.71,110.63,0.0
1745524800,2025-04-24 20:00:00,4.0,116.06,0.0,0.1,68.32,0.42,34.4,115.42,0.0
1745528400,2025-04-24 21:00:00,4.0,115.69,0.0,0.1,66.96,0.41,34.99,119.99,0.0
1745532000,2025-04-24 22:00:00,4.0,115.37,0.0,0.1,65.75,0.39,35.54,124.25,0.0
1745535600,2025-04-24 23:00:00,4.0,115.08,0.0,0.1,64.77,0.38,36.03,127.3,0.0
1745539200,2025-04-25 00:00:00,4.0,114.88,0.0,0.1,64.14,0.38,36.44,129.88,0.0
1745542800,2025-04-25 01:00:00,4.0,114.66,0.0,0.1,64.01,0.38,36.83,132.96,0.0
1745546400,2025-04-25 02:00:00,4.0,114.54,0.0,0.11,63.82,0.38,37.21,135.27,0.0
1745550000,2025-04-25 03:00:00,4.0,114.25,0.01,0.11,63.25,0.37,37.43,136.03,0.0
1745553600,2025-04-25 04:00:00,4.0,113.68,0.01,0.09,62.41,0.36,37.42,135.42,0.0
1745557200,2025-04-25 05:00:00,4.0,113.31,0.01,0.08,61.52,0.35,37.41,134.71,0.0
1745560800,2025-04-25 06:00:00,4.0,112.88,0.01,0.07,60.19,0.35,37.39,134.61,0.0
1745564400,2025-04-25 07:00:00,4.0,112.55,0.01,0.06,58.82,0.34,37.38,135.16,0.0
1745568000,2025-04-25 08:00:00,4.0,112.11,0.01,0.06,57.39,0.34,37.31,135.97,0.0
1745571600,2025-04-25 09:00:00,4.0,111.61,0.01,0.06,56.04,0.34,37.26,137.45,0.0
1745575200,2025-04-25 10:00:00,4.0,111.72,0.01,0.06,55.26,0.34,37.37,139.89,0.0
1745578800,2025-04-25 11:00:00,4.0,111.61,0.01,0.06,54.75,0.34,37.37,141.35,0.0
1745582400,2025-04-25 12:00:00,4.0,111.52,0.01,0.07,54.88,0.35,37.41,142.43,0.0
1745586000,2025-04-25 13:00:00,4.0,112.01,0.01,0.09,55.76,0.37,37.66,143.28,0.0
1745589600,2025-04-25 14:00:00,4.0,112.32,0.0,0.11,56.32,0.38,37.75,141.86,0.0
1745593200,2025-04-25 15:00:00,4.0,112.36,0.0,0.12,56.55,0.39,37.67,138.94,0.0
1745596800,2025-04-25 16:00:00,4.0,112.36,0.0,0.12,57.11,0.4,37.6,136.02,0.0
1745600400,2025-04-25 17:00:00,4.0,112.56,0.0,0.12,57.98,0.41,37.62,133.72,0.0
1745604000,2025-04-25 18:00:00,4.0,112.64,0.0,0.12,58.73,0.42,37.68,131.86,0.0
1745607600,2025-04-25 19:00:00,4.0,112.52,0.0,0.12,59.84,0.42,37.75,130.92,0.0
1745611200,2025-04-25 20:00:00,4.0,112.67,0.0,0.11,61.48,0.42,37.95,131.19,0.0
1745614800,2025-04-25 21:00:00,4.0,112.81,0.0,0.11,62.7,0.43,38.35,131.79,0.0
1745618400,2025-04-25 22:00:00,4.0,113.0,0.0,0.11,64.02,0.42,38.85,132.65,0.0
1745622000,2025-04-25 23:00:00,4.0,113.04,0.0,0.11,65.23,0.42,39.25,133.58,0.0
1745625600,2025-04-26 00:00:00,4.0,113.08,0.0,0.1,66.78,0.41,39.49,135.47,0.0
1745629200,2025-04-26 01:00:00,4.0,113.18,0.0,0.1,69.58,0.4,39.87,141.04,0.0
1745632800,2025-04-26 02:00:00,4.0,113.12,0.0,0.11,71.66,0.39,40.13,144.79,0.0
1745636400,2025-04-26 03:00:00,4.0,112.97,0.01,0.11,72.94,0.38,40.26,146.63,0.0
1745640000,2025-04-26 04:00:00,4.0,112.99,0.01,0.09,73.77,0.38,40.54,148.96,0.0
1745643600,2025-04-26 05:00:00,4.0,113.18,0.01,0.08,73.91,0.38,41.06,151.1,0.0
1745647200,2025-04-26 06:00:00,4.0,113.39,0.01,0.07,73.35,0.39,41.71,153.47,0.0
1745650800,2025-04-26 07:00:00,4.0,113.4,0.01,0.06,72.59,0.41,42.37,156.53,0.0
1745654400,2025-04-26 08:00:00,4.0,113.45,0.01,0.06,71.94,0.43,42.94,160.02,0.0
1745658000,2025-04-26 09:00:00,4.0,113.41,0.01,0.06,71.16,0.45,43.4,162.58,0.0
1745661600,2025-04-26 10:00:00,4.0,113.6,0.01,0.06,70.17,0.46,43.7,163.43,0.0
1745665200,2025-04-26 11:00:00,4.0,113.26,0.01,0.07,68.64,0.47,43.62,161.5,0.0
1745668800,2025-04-26 12:00:00,4.0,113.09,0.01,0.08,68.39,0.49,43.56,159.64,0.0
1745672400,2025-04-26 13:00:00,4.0,113.38,0.01,0.1,69.48,0.51,43.75,158.63,0.0
1745676000,2025-04-26 14:00:00,4.0,113.72,0.0,0.13,70.01,0.51,43.55,154.97,0.0
1745679600,2025-04-26 15:00:00,4.0,113.48,0.0,0.14,68.84,0.48,42.71,147.44,0.0
1745683200,2025-04-26 16:00:00,4.0,112.79,0.0,0.13,66.52,0.44,41.4,138.37,0.0
1745686800,2025-04-26 17:00:00,4.0,111.99,0.0,0.12,64.53,0.41,40.11,130.52,0.0
1745690400,2025-04-26 18:00:00,4.0,111.29,0.0,0.12,62.95,0.37,38.98,124.64,0.0
1745694000,2025-04-26 19:00:00,4.0,110.4,0.0,0.11,61.76,0.34,38.05,121.27,0.0
1745697600,2025-04-26 20:00:00,4.0,109.82,0.0,0.1,61.41,0.32,37.54,120.77,0.0
1745701200,2025-04-26 21:00:00,4.0,109.54,0.0,0.1,61.94,0.29,37.43,123.1,0.0
1745704800,2025-04-26 22:00:00,4.0,109.51,0.0,0.1,63.26,0.27,37.7,127.51,0.0
1745708400,2025-04-26 23:00:00,4.0,109.48,0.0,0.1,64.35,0.26,38.2,131.45,0.0
1745712000,2025-04-27 00:00:00,4.0,109.45,0.0,0.1,64.95,0.25,38.73,134.34,0.0
1745715600,2025-04-27 01:00:00,4.0,109.19,0.0,0.1,65.19,0.25,39.35,137.06,0.0
1745719200,2025-04-27 02:00:00,4.0,109.22,0.0,0.11,64.78,0.26,39.8,138.05,0.0
1745722800,2025-04-27 03:00:00,4.0,109.3,0.01,0.12,64.24,0.27,40.14,138.71,0.0
1745726400,2025-04-27 04:00:00,4.0,109.18,0.01,0.1,63.5,0.27,40.22,139.08,0.0
1745730000,2025-04-27 05:00:00,4.0,109.06,0.01,0.09,62.93,0.29,40.3,139.18,0.0
1745733600,2025-04-27 06:00:00,4.0,108.76,0.01,0.08,62.12,0.3,40.37,138.74,0.0
1745737200,2025-04-27 07:00:00,4.0,108.38,0.01,0.07,61.39,0.31,40.36,137.98,0.0
1745740800,2025-04-27 08:00:00,4.0,107.9,0.01,0.07,61.19,0.31,40.42,137.74,0.0
1745744400,2025-04-27 09:00:00,4.0,107.68,0.01,0.06,61.85,0.3,40.7,139.23,0.0
1745748000,2025-04-27 10:00:00,4.0,107.81,0.01,0.06,64.06,0.29,41.24,143.11,0.0
1745751600,2025-04-27 11:00:00,4.0,107.25,0.01,0.07,65.25,0.28,40.93,142.99,0.0
1745755200,2025-04-27 12:00:00,4.0,106.56,0.01,0.08,65.83,0.27,39.92,140.29,0.0
1745758800,2025-04-27 13:00:00,4.0,106.1,0.01,0.09,66.83,0.26,38.74,137.31,0.0
1745762400,2025-04-27 14:00:00,4.0,105.43,0.0,0.11,67.91,0.25,37.65,134.17,0.0
1745766000,2025-04-27 15:00:00,4.0,105.03,0.0,0.12,69.16,0.25,37.07,132.3,0.0
1745769600,2025-04-27 16:00:00,4.0,104.73,0.0,0.11,70.47,0.25,37.18,131.97,0.0
1745773200,2025-04-27 17:00:00,4.0,104.78,0.0,0.11,71.61,0.26,37.75,130.99,0.0
1745776800,2025-04-27 18:00:00,4.0,105.01,0.0,0.1,72.4,0.27,38.43,128.85,0.0
1745780400,2025-04-27 19:00:00,4.0,104.98,0.0,0.1,73.03,0.28,39.09,126.86,0.0
1745784000,2025-04-27 20:00:00,4.0,104.82,0.0,0.09,73.94,0.29,39.6,124.99,0.0
1745787600,2025-04-27 21:00:00,4.0,104.74,0.0,0.09,75.23,0.3,40.15,123.01,0.0
1745791200,2025-04-27 22:00:00,4.0,104.84,0.0,0.09,76.48,0.3,40.71,121.68,0.0
1745794800,2025-04-27 23:00:00,4.0,104.79,0.0,0.09,77.06,0.31,41.21,121.78,0.0
1745798400,2025-04-28 00:00:00,4.0,104.63,0.0,0.09,77.14,0.33,41.69,123.08,0.0
1745802000,2025-04-28 01:00:00,4.0,104.53,0.0,0.09,77.28,0.35,42.27,125.38,0.0
1745805600,2025-04-28 02:00:00,4.0,104.75,0.0,0.13,77.46,0.37,42.88,127.39,0.0
1745809200,2025-04-28 03:00:00,4.0,104.97,0.01,0.13,77.93,0.39,43.22,128.1,0.0
1745812800,2025-04-28 04:00:00,4.0,105.3,0.01,0.12,78.45,0.4,43.15,126.7,0.0
1745816400,2025-04-28 05:00:00,4.0,105.37,0.01,0.1,78.64,0.4,42.7,123.37,0.0
1745820000,2025-04-28 06:00:00,4.0,104.93,0.01,0.08,77.76,0.4,41.78,118.26,0.0
1745823600,2025-04-28 07:00:00,4.0,104.25,0.01,0.07,76.07,0.39,40.3,111.83,0.0
1745827200,2025-04-28 08:00:00,4.0,103.27,0.01,0.07,73.75,0.37,38.44,104.38,0.0
1745830800,2025-04-28 09:00:00,3.0,102.43,0.01,0.07,71.73,0.36,36.61,96.94,0.0
1745834400,2025-04-28 10:00:00,3.0,101.96,0.01,0.07,70.54,0.36,34.83,89.66,0.0
1745838000,2025-04-28 11:00:00,3.0,101.66,0.01,0.07,70.33,0.35,33.05,82.59,0.0
1745841600,2025-04-28 12:00:00,3.0,101.6,0.01,0.08,71.27,0.35,31.41,76.65,0.0
1745845200,2025-04-28 13:00:00,3.0,102.05,0.01,0.09,73.54,0.35,30.02,71.9,0.0
1745848800,2025-04-28 14:00:00,3.0,102.29,0.0,0.11,76.34,0.35,28.73,67.62,0.0
1745852400,2025-04-28 15:00:00,3.0,102.68,0.0,0.11,79.1,0.35,27.68,64.19,0.0
1745856000,2025-04-28 16:00:00,3.0,102.76,0.0,0.11,81.62,0.36,26.85,61.56,0.0
1745859600,2025-04-28 17:00:00,3.0,102.83,0.0,0.1,83.51,0.37,26.37,60.08,0.0
1745863200,2025-04-28 18:00:00,3.0,102.97,0.0,0.1,85.02,0.38,26.06,59.39,0.0
1745866800,2025-04-28 19:00:00,3.0,103.34,0.0,0.09,85.73,0.39,25.98,59.32,0.0
1745870400,2025-04-28 20:00:00,3.0,103.47,0.0,0.09,85.89,0.38,25.94,58.96,0.0
1745874000,2025-04-28 21:00:00,3.0,103.76,0.0,0.09,85.95,0.37,25.97,58.53,0.0
1745877600,2025-04-28 22:00:00,3.0,103.82,0.0,0.09,85.67,0.35,26.06,58.25,0.0
1745881200,2025-04-28 23:00:00,3.0,103.95,0.0,0.09,85.14,0.35,26.25,58.5,0.0
1745884800,2025-04-29 00:00:00,3.0,104.25,0.0,0.09,84.43,0.36,26.45,59.07,0.0
1745888400,2025-04-29 01:00:00,3.0,104.8,0.0,0.09,84.01,0.36,26.6,59.53,0.0
1745892000,2025-04-29 02:00:00,3.0,105.4,0.0,0.11,83.49,0.36,26.75,59.97,0.0
1745895600,2025-04-29 03:00:00,3.0,106.02,0.01,0.13,81.98,0.36,26.92,60.63,0.0
1745899200,2025-04-29 04:00:00,3.0,106.11,0.01,0.11,79.72,0.35,26.76,60.36,0.0
1745902800,2025-04-29 05:00:00,3.0,106.32,0.01,0.09,77.59,0.34,26.35,59.24,0.0
1745906400,2025-04-29 06:00:00,3.0,106.16,0.01,0.08,75.54,0.32,25.79,57.67,0.0
1745910000,2025-04-29 07:00:00,3.0,105.77,0.01,0.07,73.15,0.31,25.14,55.98,0.0
1745913600,2025-04-29 08:00:00,3.0,105.25,0.01,0.06,70.9,0.3,24.59,54.63,0.0
1745917200,2025-04-29 09:00:00,3.0,104.69,0.01,0.06,68.93,0.29,24.19,53.72,0.0
1745920800,2025-04-29 10:00:00,3.0,104.38,0.01,0.06,67.96,0.29,23.93,53.17,0.0
1745924400,2025-04-29 11:00:00,3.0,103.79,0.01,0.06,67.44,0.29,23.68,52.69,0.0
1745928000,2025-04-29 12:00:00,3.0,103.4,0.01,0.07,67.32,0.29,23.57,52.55,0.0
1745931600,2025-04-29 13:00:00,3.0,103.65,0.01,0.08,67.81,0.3,23.57,52.78,0.0
1745935200,2025-04-29 14:00:00,3.0,103.99,0.0,0.1,68.76,0.3,23.64,53.06,0.0
1745938800,2025-04-29 15:00:00,3.0,104.56,0.0,0.11,69.42,0.3,23.88,53.49,0.0
1745942400,2025-04-29 16:00:00,3.0,104.81,0.0,0.1,69.52,0.3,24.26,53.98,0.0
1745946000,2025-04-29 17:00:00,3.0,105.04,0.0,0.1,69.26,0.31,24.85,55.02,0.0
1745949600,2025-04-29 18:00:00,3.0,105.32,0.0,0.1,68.91,0.32,25.53,56.47,0.0
1745953200,2025-04-29 19:00:00,3.0,105.43,0.0,0.1,69.12,0.33,26.19,58.0,0.0
1745956800,2025-04-29 20:00:00,3.0,105.59,0.0,0.1,69.38,0.34,26.74,59.52,0.0
1745960400,2025-04-29 21:00:00,3.0,105.7,0.0,0.1,69.52,0.35,27.24,61.11,0.0
1745964000,2025-04-29 22:00:00,3.0,105.75,0.0,0.1,69.39,0.36,27.7,62.71,0.0
1745967600,2025-04-29 23:00:00,3.0,105.87,0.0,0.1,69.83,0.37,28.06,63.82,0.0
1745971200,2025-04-30 00:00:00,3.0,106.05,0.0,0.1,70.75,0.37,28.24,64.31,0.0
1745974800,2025-04-30 01:00:00,3.0,106.25,0.0,0.1,72.24,0.36,28.32,64.57,0.0
1745978400,2025-04-30 02:00:00,3.0,106.6,0.0,0.12,73.86,0.35,28.42,65.02,0.0
1745982000,2025-04-30 03:00:00,3.0,106.73,0.01,0.12,75.27,0.33,28.48,65.16,0.0
1745985600,2025-04-30 04:00:00,3.0,106.64,0.01,0.1,76.01,0.32,28.41,64.52,0.0
1745989200,2025-04-30 05:00:00,3.0,106.46,0.01,0.08,75.83,0.31,28.26,63.17,0.0
1745992800,2025-04-30 06:00:00,3.0,106.05,0.01,0.07,74.44,0.3,28.04,60.82,0.0
1745996400,2025-04-30 07:00:00,3.0,105.61,0.01,0.06,72.12,0.29,27.75,58.12,0.0
1746000000,2025-04-30 08:00:00,3.0,105.16,0.01,0.06,69.64,0.29,27.56,56.29,0.0
1746003600,2025-04-30 09:00:00,3.0,104.89,0.01,0.05,67.31,0.3,27.52,55.67,0.0
1746007200,2025-04-30 10:00:00,3.0,104.87,0.01,0.05,65.69,0.3,27.51,55.76,0.0
1746010800,2025-04-30 11:00:00,3.0,104.64,0.01,0.06,64.69,0.31,27.44,55.84,0.0
1746014400,2025-04-30 12:00:00,3.0,104.48,0.01,0.06,64.93,0.31,27.3,55.82,0.0
1746018000,2025-04-30 13:00:00,3.0,104.6,0.01,0.08,66.45,0.31,26.92,55.25,0.0
1746021600,2025-04-30 14:00:00,3.0,104.48,0.0,0.1,69.16,0.31,26.04,53.5,0.0
1746025200,2025-04-30 15:00:00,3.0,104.13,0.0,0.1,72.53,0.3,24.82,51.02,0.0
1746028800,2025-04-30 16:00:00,2.0,103.64,0.0,0.09,75.3,0.29,23.58,48.47,0.0
1746032400,2025-04-30 17:00:00,2.0,103.42,0.0,0.09,77.77,0.28,22.59,46.32,0.0
1746036000,2025-04-30 18:00:00,2.0,103.47,0.0,0.08,79.3,0.28,21.86,44.52,0.0
1746039600,2025-04-30 19:00:00,2.0,103.34,0.0,0.08,80.07,0.27,21.33,43.07,0.0
1746043200,2025-04-30 20:00:00,2.0,103.4,0.0,0.08,79.9,0.27,21.02,42.33,0.0
1746046800,2025-04-30 21:00:00,2.0,103.31,0.0,0.08,79.11,0.28,20.87,42.08,0.0
1746050400,2025-04-30 22:00:00,2.0,103.6,0.0,0.08,78.29,0.29,20.78,42.21,0.0
1746054000,2025-04-30 23:00:00,2.0,103.86,0.0,0.08,77.52,0.3,20.69,42.55,0.0
1746057600,2025-05-01 00:00:00,2.0,104.24,0.0,0.08,76.44,0.32,20.65,43.14,0.0
1746061200,2025-05-01 01:00:00,2.0,104.59,0.0,0.08,74.93,0.33,20.65,43.85,0.0
1746064800,2025-05-01 02:00:00,2.0,104.84,0.0,0.1,73.42,0.35,20.72,44.66,0.0
1746068400,2025-05-01 03:00:00,2.0,105.09,0.01,0.11,71.71,0.36,20.89,45.59,0.0
1746072000,2025-05-01 04:00:00,2.0,104.86,0.01,0.09,69.74,0.37,21.07,46.46,0.0
1746075600,2025-05-01 05:00:00,2.0,104.82,0.01,0.08,67.89,0.37,21.35,47.38,0.0
1746079200,2025-05-01 06:00:00,2.0,104.5,0.01,0.07,65.76,0.38,21.61,48.21,0.0
1746082800,2025-05-01 07:00:00,2.0,104.02,0.01,0.06,63.81,0.37,21.82,48.82,0.0
1746086400,2025-05-01 08:00:00,2.0,103.69,0.01,0.05,62.06,0.37,21.95,49.16,0.0
1746090000,2025-05-01 09:00:00,2.0,103.42,0.01,0.05,60.62,0.36,22.01,49.28,0.0
1746093600,2025-05-01 10:00:00,2.0,103.28,0.01,0.05,59.6,0.36,21.99,49.22,0.0
1746097200,2025-05-01 11:00:00,2.0,103.13,0.01,0.05,58.83,0.36,21.99,49.53,0.0
1746100800,2025-05-01 12:00:00,2.0,103.18,0.01,0.06,58.78,0.36,21.94,49.95,0.0
1746104400,2025-05-01 13:00:00,3.0,103.53,0.01,0.07,59.5,0.36,21.83,50.22,0.0
1746108000,2025-05-01 14:00:00,2.0,103.99,0.0,0.09,60.15,0.36,21.57,49.92,0.0
1746111600,2025-05-01 15:00:00,2.0,104.66,0.0,0.1,60.66,0.36,21.23,49.33,0.0
1746115200,2025-05-01 16:00:00,2.0,104.95,0.0,0.09,60.94,0.35,20.83,48.68,0.0
1746118800,2025-05-01 17:00:00,2.0,105.36,0.0,0.09,61.03,0.35,20.53,48.53,0.0
1746122400,2025-05-01 18:00:00,2.0,105.65,0.0,0.09,60.91,0.36,20.26,48.75,0.0
1746126000,2025-05-01 19:00:00,2.0,105.59,0.0,0.08,60.63,0.36,19.88,48.62,0.0
1746129600,2025-05-01 20:00:00,2.0,105.53,0.0,0.08,60.52,0.37,19.5,48.32,0.0
1746133200,2025-05-01 21:00:00,2.0,105.69,0.0,0.08,60.77,0.37,19.16,48.08,0.0
1746136800,2025-05-01 22:00:00,2.0,106.05,0.0,0.08,61.37,0.37,18.81,47.79,0.0
1746140400,2025-05-01 23:00:00,2.0,106.22,0.0,0.08,61.66,0.36,18.5,47.42,0.0
1746144000,2025-05-02 00:00:00,2.0,106.59,0.0,0.08,61.52,0.36,18.28,47.13,0.0
1746147600,2025-05-02 01:00:00,2.0,106.85,0.0,0.08,60.72,0.35,18.18,47.11,0.0
1746151200,2025-05-02 02:00:00,3.333331823348999,107.28,0.0,0.09,59.66,0.36,0.0,0.0,0.0
1746154800,2025-05-02 03:00:00,2.0,107.73,0.01,0.1,58.65,0.37,18.22,47.81,0.0
1746158400,2025-05-02 04:00:00,2.0,107.58,0.01,0.08,58.47,0.37,18.16,47.81,0.0
1746162000,2025-05-02 05:00:00,2.0,107.67,0.01,0.07,58.99,0.37,18.07,47.77,0.0
1746165600,2025-05-02 06:00:00,2.0,107.31,0.01,0.06,59.56,0.37,18.0,47.94,0.0
1746169200,2025-05-02 07:00:00,2.0,107.0,0.01,0.05,59.53,0.36,17.91,48.18,0.0
1746172800,2025-05-02 08:00:00,2.0,106.58,0.01,0.05,58.95,0.35,17.84,48.62,0.0
1746176400,2025-05-02 09:00:00,2.0,106.15,0.01,0.05,57.97,0.35,17.85,49.44,0.0
1746180000,2025-05-02 10:00:00,3.0,105.97,0.01,0.05,57.26,0.35,17.92,50.35,0.0
1746183600,2025-05-02 11:00:00,3.0,105.51,0.01,0.05,56.62,0.35,17.89,50.7,0.0
1746187200,2025-05-02 12:00:00,3.0,105.34,0.01,0.06,56.23,0.36,17.83,50.7,0.0
1746190800,2025-05-02 13:00:00,3.0,105.57,0.0,0.07,56.07,0.37,17.89,51.12,0.0
1746194400,2025-05-02 14:00:00,3.0,105.86,0.0,0.09,55.95,0.38,18.02,52.08,0.0
1746198000,2025-05-02 15:00:00,3.0,106.04,0.0,0.09,56.34,0.38,18.17,53.56,0.0
1746201600,2025-05-02 16:00:00,3.0,105.86,0.0,0.09,57.19,0.38,18.27,55.07,0.0
1746205200,2025-05-02 17:00:00,3.0,105.55,0.0,0.09,58.08,0.38,18.3,56.21,0.0
1746208800,2025-05-02 18:00:00,3.0,105.21,0.0,0.09,58.64,0.39,18.24,56.78,0.0
1746212400,2025-05-02 19:00:00,3.0,104.86,0.0,0.08,58.69,0.39,18.1,56.99,0.0
1746216000,2025-05-02 20:00:00,3.0,104.71,0.0,0.08,58.7,0.39,18.01,57.38,0.0
1746219600,2025-05-02 21:00:00,3.0,104.59,0.0,0.08,58.7,0.4,17.99,57.84,0.0
1746223200,2025-05-02 22:00:00,3.0,104.66,0.0,0.09,59.17,0.41,17.99,58.54,0.0
1746226800,2025-05-02 23:00:00,3.0,104.88,0.0,0.09,59.63,0.41,17.98,59.44,0.0
1746230400,2025-05-03 00:00:00,3.0,105.22,0.0,0.09,60.05,0.42,18.03,60.64,0.0
1746234000,2025-05-03 01:00:00,3.0,105.73,0.0,0.09,60.29,0.43,18.19,62.69,0.0
1746237600,2025-05-03 02:00:00,3.0,106.26,0.0,0.11,60.46,0.45,18.47,65.26,0.0
1746241200,2025-05-03 03:00:00,3.0,106.74,0.01,0.12,60.75,0.45,18.81,68.02,0.0
1746244800,2025-05-03 04:00:00,3.0,106.84,0.01,0.1,61.28,0.45,19.13,70.66,0.0
1746248400,2025-05-03 05:00:00,3.0,106.66,0.01,0.09,61.63,0.45,19.35,72.1,0.0
1746252000,2025-05-03 06:00:00,3.0,106.43,0.01,0.08,61.43,0.43,19.42,71.76,0.0
1746255600,2025-05-03 07:00:00,3.0,105.88,0.01,0.07,60.75,0.41,19.29,69.79,0.0
1746259200,2025-05-03 08:00:00,3.0,105.21,0.01,0.06,60.25,0.39,19.03,66.6,0.0
1746262800,2025-05-03 09:00:00,3.0,104.82,0.01,0.06,60.34,0.38,18.76,63.4,0.0
1746266400,2025-05-03 10:00:00,3.0,104.69,0.01,0.06,61.06,0.37,18.65,60.79,0.0
1746270000,2025-05-03 11:00:00,3.0,104.46,0.01,0.06,61.77,0.37,18.69,58.95,0.0
1746273600,2025-05-03 12:00:00,3.0,104.56,0.01,0.07,62.78,0.37,18.97,58.76,0.0
1746277200,2025-05-03 13:00:00,3.0,105.52,0.01,0.09,64.42,0.39,19.57,60.73,0.0
1746280800,2025-05-03 14:00:00,3.0,106.38,0.0,0.11,65.49,0.4,20.15,62.19,0.0
1746284400,2025-05-03 15:00:00,3.0,107.12,0.0,0.11,66.16,0.41,20.75,63.5,0.0
1746288000,2025-05-03 16:00:00,3.0,107.85,0.0,0.11,66.78,0.42,21.38,65.2,0.0
1746291600,2025-05-03 17:00:00,3.0,108.76,0.0,0.11,67.58,0.43,22.12,67.72,0.0
1746295200,2025-05-03 18:00:00,3.0,109.82,0.0,0.11,68.42,0.44,22.88,70.59,0.0
1746298800,2025-05-03 19:00:00,3.0,110.67,0.0,0.11,68.98,0.45,23.54,72.94,0.0
1746302400,2025-05-03 20:00:00,3.0,111.38,0.0,0.11,69.09,0.46,24.04,74.38,0.0
1746306000,2025-05-03 21:00:00,3.0,111.83,0.0,0.11,68.81,0.48,24.46,74.81,0.0
1746309600,2025-05-03 22:00:00,3.0,112.38,0.0,0.11,68.51,0.48,24.83,74.83,0.0
1746313200,2025-05-03 23:00:00,3.0,113.01,0.0,0.11,68.44,0.49,25.2,75.04,0.0
1746316800,2025-05-04 00:00:00,3.0,113.65,0.0,0.11,68.43,0.48,25.57,75.74,0.0
1746320400,2025-05-04 01:00:00,3.0,114.06,0.0,0.11,68.34,0.46,25.94,76.99,0.0
1746324000,2025-05-04 02:00:00,3.0,114.23,0.0,0.13,67.97,0.44,26.2,77.28,0.0
1746327600,2025-05-04 03:00:00,3.0,114.23,0.01,0.13,67.45,0.42,26.1,76.07,0.0
1746331200,2025-05-04 04:00:00,3.0,114.83,0.01,0.11,67.62,0.41,25.72,74.97,0.0
1746334800,2025-05-04 05:00:00,3.0,116.12,0.01,0.09,67.84,0.4,25.16,74.77,0.0
1746338400,2025-05-04 06:00:00,3.0,118.14,0.01,0.08,67.52,0.38,24.29,73.74,0.01
1746342000,2025-05-04 07:00:00,3.0,121.33,0.01,0.07,66.66,0.37,23.0,70.96,0.01
1746345600,2025-05-04 08:00:00,3.0,124.33,0.01,0.06,65.41,0.35,21.69,67.98,0.02
1746349200,2025-05-04 09:00:00,3.0,126.63,0.01,0.06,63.71,0.36,21.04,67.24,0.03
1746352800,2025-05-04 10:00:00,3.0,128.12,0.01,0.07,62.2,0.37,21.16,69.6,0.02
1746356400,2025-05-04 11:00:00,3.0,128.65,0.01,0.07,61.1,0.39,21.58,72.93,0.02
1746360000,2025-05-04 12:00:00,3.0,128.78,0.01,0.08,60.82,0.41,21.95,75.92,0.01
1746363600,2025-05-04 13:00:00,3.0,128.9,0.01,0.1,61.05,0.43,22.2,77.84,0.0
1746367200,2025-05-04 14:00:00,3.0,129.15,0.0,0.13,61.51,0.44,22.26,78.11,0.0
1746370800,2025-05-04 15:00:00,3.0,129.32,0.0,0.14,62.11,0.45,22.37,78.47,0.0
1746374400,2025-05-04 16:00:00,3.0,129.3,0.0,0.13,62.74,0.45,22.44,78.66,0.0
1746378000,2025-05-04 17:00:00,3.0,129.09,0.0,0.13,63.28,0.45,22.51,78.66,0.0
1746381600,2025-05-04 18:00:00,3.0,128.69,0.0,0.13,63.43,0.43,22.49,77.49,0.0
1746385200,2025-05-04 19:00:00,3.0,127.54,0.0,0.12,62.87,0.42,22.33,74.78,0.0
1746388800,2025-05-04 20:00:00,3.0,126.5,0.0,0.12,62.09,0.41,22.12,71.48,0.0
1746392400,2025-05-04 21:00:00,3.0,125.84,0.0,0.12,61.03,0.41,21.82,68.49,0.0
1746396000,2025-05-04 22:00:00,3.0,125.44,0.0,0.12,60.31,0.41,21.56,66.52,0.0
1746399600,2025-05-04 23:00:00,3.0,125.59,0.0,0.12,59.48,0.41,21.19,65.03,0.0
1746403200,2025-05-05 00:00:00,3.0,125.77,0.0,0.12,58.7,0.4,20.75,64.41,0.0
1746406800,2025-05-05 01:00:00,3.0,126.05,0.0,0.12,58.15,0.4,20.28,64.35,0.0
1746410400,2025-05-05 02:00:00,3.0,125.55,0.0,0.13,57.63,0.38,19.66,63.45,0.0
1746414000,2025-05-05 03:00:00,3.0,124.85,0.01,0.13,56.62,0.37,18.9,61.59,0.0
1746417600,2025-05-05 04:00:00,3.0,123.77,0.01,0.11,54.8,0.35,18.06,59.47,0.0
1746421200,2025-05-05 05:00:00,3.0,123.14,0.02,0.09,53.01,0.35,17.41,58.39,0.0
1746424800,2025-05-05 06:00:00,3.0,122.57,0.01,0.08,51.31,0.35,16.98,58.65,0.0
1746428400,2025-05-05 07:00:00,3.0,122.07,0.01,0.07,50.01,0.35,16.98,60.93,0.0
1746432000,2025-05-05 08:00:00,3.0,121.41,0.01,0.07,49.01,0.36,17.59,65.38,0.0
1746435600,2025-05-05 09:00:00,3.0,120.73,0.01,0.07,48.37,0.37,18.73,71.82,0.0
1746439200,2025-05-05 10:00:00,3.0,120.64,0.01,0.07,48.64,0.39,20.52,79.85,0.0
1746442800,2025-05-05 11:00:00,3.0,120.32,0.01,0.08,49.28,0.4,22.28,85.62,0.0
1746446400,2025-05-05 12:00:00,3.0,119.74,0.01,0.09,50.48,0.4,23.96,90.42,0.0
1746450000,2025-05-05 13:00:00,3.0,119.8,0.01,0.11,52.31,0.4,25.75,94.3,0.0
1746453600,2025-05-05 14:00:00,3.0,119.93,0.0,0.13,54.17,0.41,27.5,98.64,0.0
1746457200,2025-05-05 15:00:00,4.0,120.41,0.0,0.14,56.59,0.41,29.4,104.94,0.0
1746460800,2025-05-05 16:00:00,4.0,120.65,0.0,0.14,58.64,0.42,31.02,111.64,0.0
1746464400,2025-05-05 17:00:00,4.0,120.6,0.0,0.14,58.99,0.44,31.23,114.46,0.0
1746468000,2025-05-05 18:00:00,4.0,120.43,0.0,0.13,58.74,0.45,30.43,114.66,0.0
1746471600,2025-05-05 19:00:00,4.0,119.77,0.0,0.13,58.49,0.46,28.8,113.23,0.0
1746475200,2025-05-05 20:00:00,4.0,119.44,0.0,0.12,58.55,0.47,27.29,111.79,0.0
1746478800,2025-05-05 21:00:00,4.0,119.09,0.0,0.12,58.46,0.46,26.11,110.14,0.0
1746482400,2025-05-05 22:00:00,4.0,118.65,0.0,0.11,57.8,0.45,25.11,107.86,0.0
1746486000,2025-05-05 23:00:00,4.0,118.21,0.0,0.11,56.96,0.42,24.37,105.49,0.0
1746489600,2025-05-06 00:00:00,4.0,118.1,0.0,0.11,56.42,0.39,24.0,104.37,0.0
1746493200,2025-05-06 01:00:00,4.0,118.15,0.0,0.1,56.58,0.36,24.1,105.1,0.0
1746496800,2025-05-06 02:00:00,4.0,117.78,0.0,0.11,56.09,0.34,23.2,103.31,0.0
1746500400,2025-05-06 03:00:00,3.0,117.13,0.01,0.11,54.83,0.33,21.18,97.57,0.0
1746504000,2025-05-06 04:00:00,3.0,116.12,0.01,0.09,54.64,0.34,19.28,93.92,0.0
1746507600,2025-05-06 05:00:00,3.0,115.19,0.01,0.08,55.51,0.34,18.23,92.88,0.0
1746511200,2025-05-06 06:00:00,3.0,114.3,0.01,0.06,55.04,0.33,17.11,90.07,0.0
1746514800,2025-05-06 07:00:00,3.0,113.48,0.01,0.06,53.63,0.31,15.99,85.91,0.0
1746518400,2025-05-06 08:00:00,3.0,112.49,0.01,0.05,51.59,0.29,15.1,81.89,0.0
1746522000,2025-05-06 09:00:00,3.0,111.53,0.01,0.05,49.42,0.28,14.46,78.7,0.0
1746525600,2025-05-06 10:00:00,3.0,111.04,0.01,0.05,47.43,0.27,13.98,76.19,0.0
1746529200,2025-05-06 11:00:00,3.0,110.44,0.01,0.06,45.56,0.27,13.39,72.83,0.0
1746532800,2025-05-06 12:00:00,3.0,109.99,0.01,0.06,44.15,0.27,12.81,69.14,0.0
1746536400,2025-05-06 13:00:00,3.0,110.13,0.01,0.08,43.64,0.28,12.47,66.53,0.0
1746540000,2025-05-06 14:00:00,3.0,110.32,0.0,0.1,43.75,0.29,12.42,65.65,0.0
1746543600,2025-05-06 15:00:00,3.0,110.41,0.0,0.1,44.38,0.31,12.63,66.51,0.0
1746547200,2025-05-06 16:00:00,3.0,110.29,0.0,0.11,45.04,0.32,12.89,68.06,0.0
1746550800,2025-05-06 17:00:00,3.0,110.53,0.0,0.11,45.57,0.33,13.17,70.06,0.0
1746554400,2025-05-06 18:00:00,3.0,110.68,0.0,0.11,46.24,0.34,13.53,72.18,0.0
1746558000,2025-05-06 19:00:00,3.0,110.49,0.0,0.11,47.35,0.35,14.0,74.97,0.0
1746561600,2025-05-06 20:00:00,3.0,110.59,0.0,0.11,48.94,0.36,14.6,78.5,0.0
1746565200,2025-05-06 21:00:00,3.0,110.68,0.0,0.11,50.29,0.38,15.16,81.33,0.0
1746568800,2025-05-06 22:00:00,3.0,111.07,0.0,0.1,51.22,0.39,15.52,82.54,0.0
1746572400,2025-05-06 23:00:00,3.0,111.42,0.0,0.1,51.99,0.39,15.77,82.86,0.0
1746576000,2025-05-07 00:00:00,3.0,111.68,0.0,0.1,52.65,0.39,16.05,83.69,0.0
1746579600,2025-05-07 01:00:00,3.0,111.72,0.0,0.1,52.91,0.38,16.34,84.69,0.0
1746583200,2025-05-07 02:00:00,3.0,111.79,0.0,0.11,52.44,0.37,16.3,84.24,0.0
1746586800,2025-05-07 03:00:00,3.0,111.75,0.01,0.11,51.66,0.35,16.08,82.91,0.0
1746590400,2025-05-07 04:00:00,3.0,111.46,0.01,0.09,50.64,0.33,15.79,80.84,0.0
1746594000,2025-05-07 05:00:00,3.0,111.36,0.01,0.07,49.25,0.31,15.42,78.3,0.0
1746597600,2025-05-07 06:00:00,3.0,111.05,0.01,0.06,47.68,0.29,14.96,75.75,0.0
1746601200,2025-05-07 07:00:00,3.0,110.64,0.01,0.05,45.74,0.27,14.36,73.36,0.0
1746604800,2025-05-07 08:00:00,3.0,109.98,0.01,0.05,43.51,0.25,13.65,70.68,0.0
1746608400,2025-05-07 09:00:00,3.0,109.2,0.01,0.05,41.57,0.23,12.94,68.49,0.0
1746612000,2025-05-07 10:00:00,3.0,108.9,0.01,0.04,40.36,0.22,12.31,67.08,0.0
1746615600,2025-05-07 11:00:00,3.0,108.26,0.01,0.05,39.09,0.22,11.8,65.48,0.0
1746619200,2025-05-07 12:00:00,3.0,107.89,0.01,0.05,38.46,0.22,11.46,64.68,0.0
1746622800,2025-05-07 13:00:00,3.0,108.07,0.01,0.06,38.28,0.23,11.29,64.64,0.0
1746626400,2025-05-07 14:00:00,3.0,108.1,0.0,0.08,38.03,0.25,11.15,64.63,0.0
1746630000,2025-05-07 15:00:00,3.0,108.09,0.0,0.09,37.81,0.25,11.04,64.65,0.0
1746633600,2025-05-07 16:00:00,3.0,107.77,0.0,0.09,37.66,0.26,10.97,64.88,0.0
1746637200,2025-05-07 17:00:00,3.0,107.44,0.0,0.09,37.5,0.26,11.01,65.48,0.0
1746640800,2025-05-07 18:00:00,3.0,106.99,0.0,0.09,37.45,0.26,11.08,66.26,0.0
1746644400,2025-05-07 19:00:00,3.0,106.06,0.0,0.09,37.45,0.26,11.16,67.19,0.0
1746648000,2025-05-07 20:00:00,3.0,105.08,0.0,0.09,37.62,0.26,11.33,68.34,0.0
1746651600,2025-05-07 21:00:00,3.0,104.23,0.0,0.08,37.75,0.26,11.53,69.5,0.0
1746655200,2025-05-07 22:00:00,3.0,103.36,0.0,0.08,37.94,0.26,11.77,70.77,0.0
1746658800,2025-05-07 23:00:00,3.0,102.52,0.0,0.08,38.31,0.26,12.11,72.93,0.0
1746662400,2025-05-08 00:00:00,3.0,101.7,0.0,0.08,38.9,0.26,12.53,75.95,0.0
1746666000,2025-05-08 01:00:00,3.0,101.25,0.0,0.07,39.91,0.26,13.01,78.85,0.0
1746669600,2025-05-08 02:00:00,3.0,100.94,0.0,0.08,41.87,0.25,13.67,81.89,0.0
1746673200,2025-05-08 03:00:00,3.0,100.55,0.01,0.08,44.06,0.25,14.53,85.55,0.0
1746676800,2025-05-08 04:00:00,3.0,99.87,0.01,0.06,45.92,0.24,15.38,88.36,0.0
1746680400,2025-05-08 05:00:00,3.0,99.22,0.01,0.05,47.14,0.23,16.21,91.27,0.0
1746684000,2025-05-08 06:00:00,3.0,98.46,0.01,0.05,47.58,0.22,16.94,94.13,0.0
1746687600,2025-05-08 07:00:00,3.0,97.66,0.01,0.04,47.54,0.2,17.64,98.11,0.0
1746691200,2025-05-08 08:00:00,4.0,96.78,0.01,0.04,46.94,0.19,18.17,101.46,0.0
1746694800,2025-05-08 09:00:00,4.0,95.84,0.01,0.03,45.96,0.18,18.48,103.5,0.0
1746698400,2025-05-08 10:00:00,4.0,95.35,0.01,0.03,45.0,0.18,18.69,104.83,0.0
1746702000,2025-05-08 11:00:00,4.0,94.62,0.01,0.04,44.05,0.17,18.72,104.97,0.0
1746705600,2025-05-08 12:00:00,4.0,94.2,0.01,0.04,43.43,0.17,18.65,104.42,0.0
1746709200,2025-05-08 13:00:00,4.0,94.11,0.0,0.05,43.29,0.17,18.65,103.67,0.0
1746712800,2025-05-08 14:00:00,4.0,94.16,0.0,0.06,43.29,0.17,18.71,103.12,0.0
1746716400,2025-05-08 15:00:00,4.0,94.24,0.0,0.07,43.33,0.18,18.9,103.05,0.0
1746720000,2025-05-08 16:00:00,4.0,94.21,0.0,0.07,43.43,0.18,19.04,102.7,0.0
1746723600,2025-05-08 17:00:00,4.0,94.41,0.0,0.07,44.03,0.18,19.22,102.26,0.0
1746727200,2025-05-08 18:00:00,4.0,94.82,0.0,0.06,45.14,0.18,19.54,102.07,0.0
1746730800,2025-05-08 19:00:00,4.0,95.15,0.0,0.06,46.48,0.18,19.89,101.86,0.0
1746734400,2025-05-08 20:00:00,4.0,95.37,0.0,0.06,47.61,0.17,20.18,101.6,0.0
1746738000,2025-05-08 21:00:00,4.0,95.5,0.0,0.06,48.3,0.17,20.27,101.14,0.0
1746741600,2025-05-08 22:00:00,4.0,95.4,0.0,0.06,48.74,0.16,20.29,100.73,0.0
1746745200,2025-05-08 23:00:00,4.0,95.34,0.0,0.05,49.1,0.16,20.22,100.08,0.0
1746748800,2025-05-09 00:00:00,3.0,95.11,0.0,0.05,49.32,0.16,19.96,98.76,0.0
1746752400,2025-05-09 01:00:00,3.0,94.97,0.0,0.05,49.59,0.17,19.47,95.79,0.0
1746756000,2025-05-09 02:00:00,3.0,95.4,0.0,0.06,50.06,0.17,18.94,92.03,0.0
1746759600,2025-05-09 03:00:00,3.0,95.98,0.0,0.05,50.88,0.16,18.52,88.81,0.0
1746763200,2025-05-09 04:00:00,3.0,96.49,0.01,0.04,51.29,0.15,18.05,85.57,0.0
1746766800,2025-05-09 05:00:00,3.0,97.37,0.01,0.04,51.69,0.14,17.66,82.7,0.0
1746770400,2025-05-09 06:00:00,3.0,98.37,0.01,0.03,51.63,0.14,17.32,80.07,0.0
1746774000,2025-05-09 07:00:00,3.0,99.12,0.01,0.03,51.1,0.13,17.05,77.93,0.0
1746777600,2025-05-09 08:00:00,3.0,99.68,0.01,0.03,50.19,0.13,16.8,75.89,0.0
1746781200,2025-05-09 09:00:00,3.0,100.13,0.01,0.03,49.18,0.12,16.56,73.95,0.0
1746784800,2025-05-09 10:00:00,3.0,100.76,0.01,0.03,48.43,0.12,16.44,72.74,0.01
1746788400,2025-05-09 11:00:00,3.0,100.9,0.01,0.03,47.81,0.12,16.34,71.82,0.03
1746792000,2025-05-09 12:00:00,3.0,100.42,0.0,0.04,47.29,0.12,16.29,71.72,0.04
1746795600,2025-05-09 13:00:00,3.0,99.48,0.0,0.04,46.68,0.12,16.44,73.07,0.03
1746799200,2025-05-09 14:00:00,3.0,98.07,0.0,0.05,45.96,0.11,16.65,75.09,0.01
1746802800,2025-05-09 15:00:00,3.0,96.95,0.0,0.06,45.5,0.11,16.92,77.04,0.01
1746806400,2025-05-09 16:00:00,3.0,97.06,0.0,0.05,45.85,0.1,17.09,77.36,0.0
1746810000,2025-05-09 17:00:00,3.0,97.95,0.0,0.05,46.53,0.1,17.26,77.51,0.0
1746813600,2025-05-09 18:00:00,3.0,98.95,0.0,0.05,47.18,0.1,17.59,78.77,0.0
1746817200,2025-05-09 19:00:00,3.0,99.57,0.0,0.05,47.56,0.1,18.21,82.13,0.01
1746820800,2025-05-09 20:00:00,3.0,99.96,0.0,0.05,47.85,0.1,19.2,87.89,0.02
1746824400,2025-05-09 21:00:00,3.0,99.94,0.0,0.05,47.94,0.1,20.49,95.51,0.04
1746828000,2025-05-09 22:00:00,4.0,99.47,0.0,0.05,47.95,0.1,22.42,106.56,0.05
1746831600,2025-05-09 23:00:00,4.0,98.84,0.0,0.05,47.87,0.1,25.22,122.37,0.05
1746835200,2025-05-10 00:00:00,4.0,97.98,0.0,0.05,47.75,0.1,28.92,142.64,0.05
1746838800,2025-05-10 01:00:00,4.0,97.55,0.0,0.05,47.93,0.1,32.98,163.57,0.04
1746842400,2025-05-10 02:00:00,4.0,97.83,0.0,0.05,48.3,0.1,36.47,180.3,0.03
1746846000,2025-05-10 03:00:00,4.0,98.39,0.0,0.05,48.65,0.1,39.3,193.13,0.02
1746849600,2025-05-10 04:00:00,4.0,98.57,0.0,0.04,48.57,0.09,40.84,199.46,0.02
1746853200,2025-05-10 05:00:00,5.0,98.58,0.01,0.03,48.18,0.09,42.6,207.45,0.01
1746856800,2025-05-10 06:00:00,5.0,98.39,0.01,0.03,47.21,0.09,45.27,219.72,0.01
1746860400,2025-05-10 07:00:00,5.0,97.51,0.0,0.02,45.87,0.08,49.48,239.13,0.01
1746864000,2025-05-10 08:00:00,5.0,96.54,0.0,0.02,44.53,0.08,54.84,263.73,0.0
1746867600,2025-05-10 09:00:00,5.0,95.82,0.0,0.02,43.51,0.08,60.93,289.95,0.0
1746871200,2025-05-10 10:00:00,5.0,95.63,0.0,0.02,43.24,0.08,68.88,322.08,0.0
1746874800,2025-05-10 11:00:00,5.0,95.64,0.0,0.03,43.67,0.09,78.02,357.54,0.0
1746878400,2025-05-10 12:00:00,5.0,96.2,0.0,0.03,44.81,0.09,86.86,390.05,0.0
1746882000,2025-05-10 13:00:00,5.0,97.43,0.0,0.04,46.59,0.1,95.19,418.37,0.0
1746885600,2025-05-10 14:00:00,5.0,98.66,0.0,0.05,48.6,0.12,103.16,440.88,0.0
1746889200,2025-05-10 15:00:00,5.0,100.04,0.0,0.05,50.92,0.13,110.65,456.9,0.0
1746892800,2025-05-10 16:00:00,5.0,101.5,0.0,0.05,53.18,0.14,115.43,458.83,0.0
1746896400,2025-05-10 17:00:00,5.0,103.33,0.0,0.05,55.24,0.14,117.4,450.56,0.0
1746900000,2025-05-10 18:00:00,5.0,104.72,0.0,0.05,57.14,0.14,119.13,441.24,0.0
1746903600,2025-05-10 19:00:00,5.0,105.31,0.0,0.05,58.54,0.14,121.58,436.45,0.0
1746907200,2025-05-10 20:00:00,5.0,105.04,0.0,0.04,59.66,0.15,126.63,441.75,0.0
1746910800,2025-05-10 21:00:00,5.0,104.45,0.0,0.04,60.72,0.15,132.38,448.64,0.0
1746914400,2025-05-10 22:00:00,5.0,103.94,0.0,0.04,62.03,0.15,138.19,453.02,0.0
1746918000,2025-05-10 23:00:00,5.0,103.54,0.0,0.04,63.52,0.15,142.59,451.24,0.0
1746921600,2025-05-11 00:00:00,5.0,103.52,0.0,0.04,65.11,0.15,145.12,441.96,0.0
1746925200,2025-05-11 01:00:00,5.0,103.76,0.0,0.04,66.58,0.15,144.97,422.51,0.0
1746928800,2025-05-11 02:00:00,5.0,104.59,0.0,0.04,68.11,0.14,143.55,400.29,0.0
1746932400,2025-05-11 03:00:00,5.0,105.02,0.0,0.04,69.36,0.13,141.11,378.72,0.0
1746936000,2025-05-11 04:00:00,5.0,105.32,0.0,0.03,70.07,0.12,137.33,356.41,0.0
1746939600,2025-05-11 05:00:00,5.0,105.51,0.0,0.02,70.13,0.12,133.13,335.57,0.0
1746943200,2025-05-11 06:00:00,5.0,105.91,0.0,0.02,69.47,0.12,127.95,314.29,0.0
1746946800,2025-05-11 07:00:00,5.0,106.14,0.0,0.02,68.27,0.12,123.18,296.06,0.0
1746950400,2025-05-11 08:00:00,5.0,106.11,0.0,0.02,66.51,0.13,119.76,282.8,0.0
1746954000,2025-05-11 09:00:00,5.0,105.84,0.0,0.02,64.81,0.14,117.52,273.21,0.0
1746957600,2025-05-11 10:00:00,5.0,105.71,0.0,0.02,63.7,0.14,115.61,264.27,0.0
1746961200,2025-05-11 11:00:00,5.0,105.07,0.0,0.03,63.06,0.15,112.35,252.25,0.0
1746964800,2025-05-11 12:00:00,5.0,104.2,0.0,0.03,62.9,0.16,107.8,237.91,0.0
1746968400,2025-05-11 13:00:00,5.0,103.32,0.0,0.04,63.47,0.17,102.54,223.23,0.0
1746972000,2025-05-11 14:00:00,5.0,102.49,0.0,0.05,64.27,0.18,96.63,208.74,0.0
1746975600,2025-05-11 15:00:00,5.0,101.96,0.0,0.06,65.14,0.19,90.87,195.86,0.0
1746979200,2025-05-11 16:00:00,5.0,101.68,0.0,0.06,66.04,0.2,85.95,186.42,0.0
1746982800,2025-05-11 17:00:00,5.0,101.74,0.0,0.06,66.93,0.21,81.9,180.24,0.0
1746986400,2025-05-11 18:00:00,5.0,102.41,0.0,0.06,67.92,0.22,79.74,180.78,0.0
1746990000,2025-05-11 19:00:00,5.0,104.02,0.0,0.06,69.15,0.24,80.66,191.11,0.0
1746993600,2025-05-11 20:00:00,5.0,106.67,0.0,0.06,70.53,0.25,84.45,208.33,0.0
1746997200,2025-05-11 21:00:00,5.0,109.82,0.0,0.06,72.01,0.26,89.16,226.39,0.0
1747000800,2025-05-11 22:00:00,5.0,113.51,0.0,0.06,73.73,0.26,93.87,242.4,0.0
1747004400,2025-05-11 23:00:00,5.0,117.21,0.0,0.06,75.51,0.26,98.13,254.54,0.0
1747008000,2025-05-12 00:00:00,5.0,120.83,0.0,0.06,77.26,0.26,101.46,262.34,0.0
1747011600,2025-05-12 01:00:00,5.0,123.83,0.0,0.06,79.13,0.26,103.36,265.23,0.0
1747015200,2025-05-12 02:00:00,5.0,126.25,0.0,0.07,80.91,0.27,103.6,263.1,0.0
1747018800,2025-05-12 03:00:00,5.0,127.76,0.0,0.06,82.72,0.27,101.57,255.21,0.0
1747022400,2025-05-12 04:00:00,5.0,127.72,0.0,0.04,83.97,0.28,97.09,242.02,0.0
1747026000,2025-05-12 05:00:00,5.0,126.41,0.0,0.04,84.23,0.29,90.97,227.14,0.0
1747029600,2025-05-12 06:00:00,5.0,124.12,0.0,0.03,82.8,0.3,83.91,212.93,0.0
1747033200,2025-05-12 07:00:00,5.0,120.98,0.0,0.03,79.92,0.32,76.14,200.38,0.0
1747036800,2025-05-12 08:00:00,4.0,117.0,0.0,0.03,76.02,0.33,68.32,189.84,0.0
1747040400,2025-05-12 09:00:00,4.0,113.02,0.0,0.03,72.21,0.34,61.23,181.1,0.0
1747044000,2025-05-12 10:00:00,4.0,109.6,0.01,0.04,69.25,0.35,55.1,174.24,0.0
1747047600,2025-05-12 11:00:00,4.0,106.46,0.01,0.04,67.24,0.36,50.23,168.8,0.0
1747051200,2025-05-12 12:00:00,4.0,104.64,0.01,0.05,66.15,0.37,47.24,165.72,0.0
1747054800,2025-05-12 13:00:00,4.0,104.11,0.0,0.06,65.92,0.39,46.1,165.43,0.0
1747058400,2025-05-12 14:00:00,4.0,104.42,0.0,0.08,66.34,0.41,46.1,166.36,0.0
1747062000,2025-05-12 15:00:00,4.0,105.22,0.0,0.09,67.62,0.42,46.7,168.07,0.0
1747065600,2025-05-12 16:00:00,4.0,106.02,0.0,0.08,69.06,0.43,47.36,169.18,0.0
1747069200,2025-05-12 17:00:00,4.0,106.99,0.0,0.08,70.06,0.44,48.3,171.85,0.0
1747072800,2025-05-12 18:00:00,4.0,107.65,0.0,0.08,70.44,0.46,49.53,176.82,0.0
1747076400,2025-05-12 19:00:00,4.0,107.84,0.0,0.07,70.11,0.47,50.68,183.48,0.0
1747080000,2025-05-12 20:00:00,4.0,107.78,0.0,0.07,69.75,0.47,51.61,190.41,0.0
1747083600,2025-05-12 21:00:00,4.0,107.39,0.0,0.07,69.45,0.47,52.08,195.69,0.0
1747087200,2025-05-12 22:00:00,4.0,106.78,0.0,0.07,69.47,0.46,52.05,198.79,0.0
1747090800,2025-05-12 23:00:00,5.0,105.98,0.0,0.07,69.26,0.45,51.79,200.25,0.0
1747094400,2025-05-13 00:00:00,5.0,105.12,0.0,0.07,68.76,0.44,51.32,200.99,0.0
1747098000,2025-05-13 01:00:00,5.0,104.32,0.0,0.07,67.99,0.44,50.77,201.03,0.0
1747101600,2025-05-13 02:00:00,4.0,103.63,0.0,0.08,67.39,0.44,50.07,199.0,0.0
1747105200,2025-05-13 03:00:00,4.0,103.03,0.0,0.08,67.59,0.44,49.05,192.75,0.0
1747108800,2025-05-13 04:00:00,4.0,102.48,0.01,0.06,68.43,0.44,47.45,181.34,0.0
1747112400,2025-05-13 05:00:00,4.0,102.09,0.01,0.05,69.27,0.43,45.82,169.16,0.0
1747116000,2025-05-13 06:00:00,4.0,101.44,0.01,0.04,68.84,0.43,44.36,159.01,0.0
1747119600,2025-05-13 07:00:00,4.0,100.57,0.01,0.04,66.96,0.42,43.17,152.15,0.0
1747123200,2025-05-13 08:00:00,4.0,99.46,0.01,0.04,64.33,0.42,42.21,147.86,0.0
1747126800,2025-05-13 09:00:00,4.0,98.5,0.01,0.04,61.71,0.41,41.42,144.8,0.0
1747130400,2025-05-13 10:00:00,4.0,97.67,0.01,0.04,59.85,0.41,40.68,141.87,0.0
1747134000,2025-05-13 11:00:00,4.0,96.96,0.01,0.05,58.89,0.42,39.81,137.44,0.0
1747137600,2025-05-13 12:00:00,4.0,96.28,0.01,0.05,59.09,0.42,39.04,132.78,0.0
1747141200,2025-05-13 13:00:00,4.0,96.21,0.01,0.07,60.2,0.42,38.58,129.18,0.0
1747144800,2025-05-13 14:00:00,4.0,95.97,0.0,0.09,61.32,0.42,38.32,126.76,0.0
1747148400,2025-05-13 15:00:00,4.0,95.81,0.0,0.09,62.3,0.42,38.16,125.5,0.0
1747152000,2025-05-13 16:00:00,4.0,95.63,0.0,0.09,63.02,0.41,37.94,124.57,0.0
1747155600,2025-05-13 17:00:00,4.0,95.38,0.0,0.09,63.5,0.42,37.81,124.5,0.0
1747159200,2025-05-13 18:00:00,4.0,95.28,0.0,0.09,63.65,0.42,37.57,124.51,0.0
1747162800,2025-05-13 19:00:00,4.0,94.8,0.0,0.09,63.51,0.43,36.97,123.87,0.0
1747166400,2025-05-13 20:00:00,4.0,94.59,0.0,0.09,63.53,0.44,36.16,122.6,0.0
1747170000,2025-05-13 21:00:00,4.0,94.31,0.0,0.09,63.72,0.44,35.25,120.9,0.0
1747173600,2025-05-13 22:00:00,4.0,94.35,0.0,0.09,63.85,0.45,34.43,119.32,0.0
1747177200,2025-05-13 23:00:00,4.0,94.49,0.0,0.09,63.93,0.45,33.79,118.26,0.0
1747180800,2025-05-14 00:00:00,4.0,94.59,0.0,0.09,64.05,0.44,33.42,117.8,0.0
1747184400,2025-05-14 01:00:00,4.0,94.57,0.0,0.09,64.08,0.43,33.22,117.7,0.0
1747188000,2025-05-14 02:00:00,4.0,94.3,0.0,0.1,63.45,0.43,33.24,118.31,0.0
1747191600,2025-05-14 03:00:00,4.0,94.0,0.01,0.1,62.27,0.42,33.36,119.56,0.0
1747195200,2025-05-14 04:00:00,4.0,93.78,0.01,0.09,60.87,0.42,33.58,120.78,0.0
1747198800,2025-05-14 05:00:00,4.0,93.36,0.01,0.07,59.3,0.42,33.71,121.62,0.0
1747202400,2025-05-14 06:00:00,4.0,93.0,0.01,0.07,57.87,0.41,33.74,121.85,0.0
1747206000,2025-05-14 07:00:00,4.0,92.64,0.01,0.06,56.75,0.4,33.65,121.8,0.0
1747209600,2025-05-14 08:00:00,4.0,92.31,0.01,0.05,55.89,0.4,33.43,121.56,0.0
1747213200,2025-05-14 09:00:00,4.0,92.01,0.01,0.05,55.16,0.39,33.09,120.91,0.0
1747216800,2025-05-14 10:00:00,4.0,92.09,0.01,0.05,55.0,0.4,32.73,119.99,0.0
1747220400,2025-05-14 11:00:00,4.0,91.82,0.01,0.05,54.55,0.4,32.13,117.05,0.0
1747224000,2025-05-14 12:00:00,4.0,91.61,0.01,0.06,54.3,0.4,31.35,112.91,0.0
1747227600,2025-05-14 13:00:00,4.0,91.46,0.01,0.08,54.44,0.41,30.44,108.77,0.0
1747231200,2025-05-14 14:00:00,4.0,91.11,0.0,0.1,54.35,0.41,29.25,104.51,0.0
1747234800,2025-05-14 15:00:00,4.0,90.38,0.0,0.11,53.82,0.42,27.81,100.82,0.0
1747238400,2025-05-14 16:00:00,3.0,89.57,0.0,0.11,52.92,0.42,26.28,97.81,0.0
1747242000,2025-05-14 17:00:00,3.0,88.8,0.0,0.11,52.09,0.42,24.8,95.57,0.0
1747245600,2025-05-14 18:00:00,3.0,88.06,0.0,0.11,51.37,0.43,23.42,93.75,0.0
1747249200,2025-05-14 19:00:00,3.0,87.19,0.0,0.11,50.79,0.43,22.23,91.89,0.0
1747252800,2025-05-14 20:00:00,3.0,86.5,0.0,0.11,50.56,0.43,21.44,90.53,0.0
1747256400,2025-05-14 21:00:00,3.0,86.18,0.0,0.11,50.76,0.42,21.07,89.86,0.0
1747260000,2025-05-14 22:00:00,3.0,85.98,0.0,0.11,51.38,0.41,21.11,90.02,0.0
1747263600,2025-05-14 23:00:00,3.0,86.21,0.0,0.11,52.43,0.41,21.5,90.9,0.0
1747267200,2025-05-15 00:00:00,3.0,86.5,0.0,0.11,53.87,0.41,22.14,92.38,0.0
1747270800,2025-05-15 01:00:00,3.0,86.87,0.0,0.11,55.76,0.43,22.96,94.3,0.0
1747274400,2025-05-15 02:00:00,3.0,87.38,0.0,0.13,57.64,0.47,23.66,95.51,0.0
1747278000,2025-05-15 03:00:00,3.0,87.77,0.01,0.13,59.09,0.5,23.99,95.57,0.0
1747281600,2025-05-15 04:00:00,3.0,88.25,0.01,0.11,59.78,0.51,23.92,94.66,0.0
1747285200,2025-05-15 05:00:00,3.0,88.48,0.01,0.09,59.68,0.5,23.58,93.45,0.0
1747288800,2025-05-15 06:00:00,3.0,88.51,0.01,0.08,58.88,0.48,23.21,92.43,0.0
1747292400,2025-05-15 07:00:00,3.0,88.38,0.01,0.07,57.59,0.47,22.72,91.34,0.0
1747296000,2025-05-15 08:00:00,3.0,88.1,0.01,0.06,55.76,0.45,22.19,90.12,0.0
1747299600,2025-05-15 09:00:00,3.0,87.79,0.01,0.06,54.0,0.43,21.61,88.72,0.0
1747303200,2025-05-15 10:00:00,3.0,87.72,0.01,0.06,52.76,0.42,21.08,87.31,0.0
1747306800,2025-05-15 11:00:00,3.0,87.27,0.01,0.06,51.82,0.41,20.42,85.29,0.0
1747310400,2025-05-15 12:00:00,3.0,86.56,0.01,0.07,51.2,0.41,19.7,82.86,0.0
1747314000,2025-05-15 13:00:00,3.0,86.4,0.01,0.09,51.15,0.43,19.13,81.33,0.0
1747317600,2025-05-15 14:00:00,3.0,86.17,0.0,0.11,51.3,0.43,18.66,80.57,0.0
1747321200,2025-05-15 15:00:00,3.0,86.02,0.0,0.12,51.57,0.44,18.37,80.53,0.0
1747324800,2025-05-15 16:00:00,3.0,85.7,0.0,0.12,51.68,0.44,18.23,80.76,0.0
1747328400,2025-05-15 17:00:00,3.0,85.47,0.0,0.12,51.79,0.44,18.2,80.87,0.0
1747332000,2025-05-15 18:00:00,3.0,85.36,0.0,0.12,51.83,0.43,18.23,80.95,0.0
1747335600,2025-05-15 19:00:00,3.0,84.96,0.0,0.12,51.65,0.43,18.24,80.58,0.0
1747339200,2025-05-15 20:00:00,3.0,84.63,0.0,0.12,51.62,0.44,18.37,80.55,0.0
1747342800,2025-05-15 21:00:00,3.0,84.42,0.0,0.12,51.64,0.45,18.67,81.01,0.0
1747346400,2025-05-15 22:00:00,3.0,84.45,0.0,0.12,52.2,0.47,19.21,82.4,0.0
1747350000,2025-05-15 23:00:00,3.0,84.62,0.0,0.12,53.17,0.5,19.98,84.7,0.0
1747353600,2025-05-16 00:00:00,3.0,84.88,0.0,0.12,54.51,0.53,20.86,87.68,0.0
1747357200,2025-05-16 01:00:00,3.0,85.51,0.0,0.12,56.18,0.55,21.89,91.13,0.0
1747360800,2025-05-16 02:00:00,3.0,86.15,0.0,0.14,58.04,0.57,22.95,94.57,0.0
1747364400,2025-05-16 03:00:00,3.0,86.88,0.01,0.13,59.75,0.58,23.93,97.12,0.0
1747368000,2025-05-16 04:00:00,3.0,87.2,0.01,0.11,60.45,0.56,24.48,98.08,0.0
1747371600,2025-05-16 05:00:00,3.0,87.49,0.01,0.09,60.5,0.54,24.8,98.17,0.0
1747375200,2025-05-16 06:00:00,3.0,87.75,0.01,0.07,60.59,0.53,25.06,98.08,0.0
1747378800,2025-05-16 07:00:00,3.0,88.13,0.01,0.07,60.5,0.51,25.11,97.53,0.0
1747382400,2025-05-16 08:00:00,3.0,87.96,0.01,0.06,59.72,0.5,24.6,95.54,0.0
1747386000,2025-05-16 09:00:00,3.0,87.5,0.01,0.06,58.08,0.48,23.52,92.05,0.0
1747389600,2025-05-16 10:00:00,3.0,87.17,0.01,0.06,56.33,0.45,22.1,87.52,0.0
1747393200,2025-05-16 11:00:00,3.0,86.39,0.01,0.06,54.02,0.43,20.31,81.62,0.0
1747396800,2025-05-16 12:00:00,3.0,85.44,0.01,0.07,51.68,0.4,18.52,75.87,0.0
1747400400,2025-05-16 13:00:00,3.0,84.86,0.01,0.08,49.96,0.39,17.11,71.48,0.0
1747404000,2025-05-16 14:00:00,3.0,84.23,0.0,0.1,48.51,0.39,16.01,68.33,0.0
1747407600,2025-05-16 15:00:00,3.0,83.68,0.0,0.11,47.42,0.38,15.24,66.35,0.0
1747411200,2025-05-16 16:00:00,3.0,83.16,0.0,0.11,46.65,0.39,14.74,65.49,0.0
1747414800,2025-05-16 17:00:00,3.0,82.99,0.0,0.11,46.3,0.39,14.52,65.78,0.0
1747418400,2025-05-16 18:00:00,3.0,82.87,0.0,0.11,46.17,0.4,14.45,66.83,0.0
1747422000,2025-05-16 19:00:00,3.0,82.61,0.0,0.11,46.22,0.41,14.43,68.39,0.0
1747425600,2025-05-16 20:00:00,3.0,82.52,0.0,0.11,46.52,0.42,14.52,70.28,0.0
1747429200,2025-05-16 21:00:00,3.0,82.29,0.0,0.11,46.95,0.42,14.69,72.04,0.0
1747432800,2025-05-16 22:00:00,3.0,82.17,0.0,0.1,48.06,0.44,15.1,74.17,0.0
1747436400,2025-05-16 23:00:00,3.0,82.16,0.0,0.1,49.02,0.45,15.55,76.16,0.0
1747440000,2025-05-17 00:00:00,3.0,81.98,0.0,0.1,49.32,0.46,15.87,77.53,0.0
1747443600,2025-05-17 01:00:00,3.0,81.94,0.0,0.1,49.85,0.46,16.19,79.25,0.0
1747447200,2025-05-17 02:00:00,3.0,82.29,0.0,0.12,50.93,0.47,16.63,81.83,0.0
1747450800,2025-05-17 03:00:00,3.0,82.47,0.01,0.12,51.8,0.48,17.01,84.12,0.0
1747454400,2025-05-17 04:00:00,3.0,82.41,0.01,0.1,52.19,0.48,17.2,85.57,0.0
1747458000,2025-05-17 05:00:00,3.0,82.17,0.01,0.08,51.2,0.47,17.03,85.1,0.0
1747461600,2025-05-17 06:00:00,3.0,81.47,0.01,0.07,48.9,0.44,16.45,82.6,0.0
1747465200,2025-05-17 07:00:00,3.0,81.02,0.01,0.06,46.41,0.4,15.69,78.88,0.0
1747468800,2025-05-17 08:00:00,3.0,80.7,0.01,0.06,44.36,0.37,14.93,74.78,0.0
1747472400,2025-05-17 09:00:00,3.0,80.53,0.01,0.05,42.93,0.35,14.3,70.96,0.0
1747476000,2025-05-17 10:00:00,3.0,80.76,0.01,0.05,42.26,0.34,13.85,67.66,0.0
1747479600,2025-05-17 11:00:00,3.0,80.72,0.01,0.05,42.04,0.33,13.5,64.9,0.0
1747483200,2025-05-17 12:00:00,3.0,80.67,0.01,0.05,42.15,0.32,13.25,63.04,0.0
1747486800,2025-05-17 13:00:00,3.0,80.7,0.01,0.06,42.62,0.32,13.14,62.33,0.0
1747490400,2025-05-17 14:00:00,3.0,80.61,0.0,0.08,42.9,0.32,13.11,62.35,0.0
1747494000,2025-05-17 15:00:00,3.0,80.34,0.0,0.09,42.92,0.32,13.11,62.84,0.0
1747497600,2025-05-17 16:00:00,3.0,79.68,0.0,0.08,42.53,0.32,13.11,63.65,0.0
1747501200,2025-05-17 17:00:00,3.0,79.17,0.0,0.08,42.02,0.33,13.11,64.75,0.0
1747504800,2025-05-17 18:00:00,3.0,78.77,0.0,0.08,41.34,0.34,13.13,66.0,0.0
1747508400,2025-05-17 19:00:00,3.0,78.36,0.0,0.08,40.76,0.34,13.13,67.3,0.0
1747512000,2025-05-17 20:00:00,3.0,78.16,0.0,0.08,40.53,0.34,13.12,68.42,0.0
1747515600,2025-05-17 21:00:00,3.0,78.07,0.0,0.08,40.34,0.33,13.11,69.43,0.0
1747519200,2025-05-17 22:00:00,3.0,77.89,0.0,0.08,40.39,0.33,13.2,70.7,0.0
1747522800,2025-05-17 23:00:00,3.0,78.0,0.0,0.08,40.64,0.33,13.38,72.02,0.0
1747526400,2025-05-18 00:00:00,3.0,77.97,0.0,0.08,40.82,0.32,13.59,73.26,0.0
1747530000,2025-05-18 01:00:00,3.0,78.01,0.0,0.07,40.98,0.3,13.78,74.1,0.0
1747533600,2025-05-18 02:00:00,3.0,78.07,0.0,0.08,41.34,0.29,14.0,74.68,0.0
1747537200,2025-05-18 03:00:00,3.0,78.15,0.01,0.08,41.95,0.28,14.19,74.53,0.0
1747540800,2025-05-18 04:00:00,3.0,78.17,0.01,0.06,42.55,0.26,14.22,73.71,0.0
1747544400,2025-05-18 05:00:00,3.0,78.12,0.01,0.05,42.79,0.25,14.13,72.68,0.0
1747548000,2025-05-18 06:00:00,3.0,78.27,0.01,0.05,42.91,0.25,13.95,71.42,0.0
1747551600,2025-05-18 07:00:00,3.0,78.52,0.01,0.04,43.08,0.24,13.65,69.9,0.0
1747555200,2025-05-18 08:00:00,3.0,78.31,0.01,0.04,42.33,0.23,13.28,67.83,0.0
1747558800,2025-05-18 09:00:00,3.0,77.9,0.01,0.03,41.1,0.22,12.9,65.99,0.0
1747562400,2025-05-18 10:00:00,3.0,77.56,0.01,0.03,39.79,0.22,12.65,64.84,0.0
1747566000,2025-05-18 11:00:00,3.0,77.19,0.01,0.03,38.97,0.21,12.46,63.9,0.0
1747569600,2025-05-18 12:00:00,3.0,77.0,0.01,0.04,38.88,0.21,12.31,63.0,0.0
1747573200,2025-05-18 13:00:00,3.0,77.48,0.01,0.04,39.9,0.21,12.27,62.43,0.0
1747576800,2025-05-18 14:00:00,3.0,78.23,0.0,0.06,41.46,0.21,12.3,61.79,0.0
1747580400,2025-05-18 15:00:00,3.0,79.01,0.0,0.06,43.26,0.21,12.31,60.58,0.0
1747584000,2025-05-18 16:00:00,3.0,79.68,0.0,0.06,44.96,0.21,12.13,58.01,0.0
1747587600,2025-05-18 17:00:00,3.0,80.24,0.0,0.06,46.32,0.21,11.78,54.57,0.0
1747591200,2025-05-18 18:00:00,3.0,80.69,0.0,0.06,47.1,0.21,11.34,51.21,0.0
1747594800,2025-05-18 19:00:00,2.0,80.8,0.0,0.06,47.55,0.2,10.82,48.12,0.0
1747598400,2025-05-18 20:00:00,2.0,81.14,0.0,0.06,47.92,0.2,10.32,45.81,0.0
1747602000,2025-05-18 21:00:00,2.0,81.35,0.0,0.06,48.13,0.19,9.9,44.29,0.0
1747605600,2025-05-18 22:00:00,2.0,81.48,0.0,0.06,48.39,0.18,9.59,43.33,0.0
1747609200,2025-05-18 23:00:00,2.0,81.48,0.0,0.05,48.63,0.16,9.32,42.54,0.0
1747612800,2025-05-19 00:00:00,2.0,81.5,0.0,0.05,48.83,0.15,9.06,41.68,0.0
1747616400,2025-05-19 01:00:00,2.0,81.43,0.0,0.05,48.95,0.14,8.8,40.69,0.0
1747620000,2025-05-19 02:00:00,2.0,81.34,0.0,0.06,48.84,0.14,8.55,39.94,0.0
1747623600,2025-05-19 03:00:00,2.0,81.2,0.01,0.06,48.39,0.14,8.29,39.26,0.0
1747627200,2025-05-19 04:00:00,2.0,80.8,0.01,0.05,47.58,0.13,7.97,38.37,0.0
1747630800,2025-05-19 05:00:00,2.0,80.4,0.01,0.04,46.49,0.14,7.67,37.49,0.0
1747634400,2025-05-19 06:00:00,2.0,79.8,0.01,0.04,45.04,0.14,7.39,36.62,0.0
1747638000,2025-05-19 07:00:00,2.0,79.35,0.01,0.03,43.32,0.14,7.11,35.68,0.0
1747641600,2025-05-19 08:00:00,2.0,78.91,0.01,0.03,41.85,0.14,6.85,34.64,0.0
1747645200,2025-05-19 09:00:00,2.0,78.9,0.01,0.03,40.78,0.13,6.64,33.74,0.0
1747648800,2025-05-19 10:00:00,2.0,79.13,0.01,0.03,40.43,0.13,6.5,33.05,0.0
1747652400,2025-05-19 11:00:00,2.0,79.27,0.01,0.03,40.35,0.13,6.38,32.47,0.0
1747656000,2025-05-19 12:00:00,2.0,79.26,0.01,0.03,40.44,0.13,6.3,32.14,0.0
1747659600,2025-05-19 13:00:00,2.0,79.5,0.0,0.04,40.69,0.14,6.25,32.06,0.0
1747663200,2025-05-19 14:00:00,2.0,79.58,0.0,0.05,40.76,0.14,6.21,32.03,0.0
1747666800,2025-05-19 15:00:00,2.0,79.78,0.0,0.05,40.85,0.15,6.13,31.8,0.0
1747670400,2025-05-19 16:00:00,2.0,80.21,0.0,0.05,41.24,0.15,6.01,31.26,0.0
1747674000,2025-05-19 17:00:00,2.0,80.63,0.0,0.05,41.86,0.15,5.84,30.15,0.0
1747677600,2025-05-19 18:00:00,2.0,81.13,0.0,0.05,42.51,0.16,5.55,28.36,0.0
1747681200,2025-05-19 19:00:00,2.0,81.33,0.0,0.05,43.07,0.16,5.18,26.06,0.0
1747684800,2025-05-19 20:00:00,2.0,81.77,0.0,0.05,43.78,0.15,4.83,23.78,0.0
1747688400,2025-05-19 21:00:00,2.0,82.25,0.0,0.05,44.49,0.15,4.55,21.9,0.0
1747692000,2025-05-19 22:00:00,2.0,82.46,0.0,0.05,45.11,0.14,4.36,20.43,0.0
1747695600,2025-05-19 23:00:00,1.0,82.79,0.0,0.05,45.58,0.13,4.23,19.28,0.0
1747699200,2025-05-20 00:00:00,1.0,82.97,0.0,0.05,45.75,0.13,4.13,18.34,0.0
1747702800,2025-05-20 01:00:00,1.0,82.9,0.0,0.05,45.77,0.13,4.08,17.62,0.0
1747706400,2025-05-20 02:00:00,1.0,82.88,0.0,0.05,45.54,0.13,4.08,17.18,0.0
1747710000,2025-05-20 03:00:00,1.0,82.63,0.0,0.05,44.98,0.13,4.15,17.11,0.0
1747713600,2025-05-20 04:00:00,1.0,82.49,0.01,0.04,44.2,0.13,4.29,17.49,0.0
1747717200,2025-05-20 05:00:00,1.0,82.35,0.01,0.04,43.53,0.13,4.52,18.28,0.0
1747720800,2025-05-20 06:00:00,1.0,82.52,0.01,0.03,42.82,0.13,4.81,19.41,0.0
1747724400,2025-05-20 07:00:00,2.0,82.72,0.01,0.03,42.26,0.13,5.18,20.9,0.0
1747728000,2025-05-20 08:00:00,2.0,83.23,0.01,0.03,41.99,0.13,5.59,22.61,0.0
1747731600,2025-05-20 09:00:00,2.0,83.92,0.0,0.03,41.96,0.13,6.04,24.43,0.0
1747735200,2025-05-20 10:00:00,2.0,84.86,0.0,0.03,42.37,0.14,6.54,26.43,0.0
1747738800,2025-05-20 11:00:00,2.0,85.86,0.0,0.03,43.01,0.14,7.07,28.43,0.0
1747742400,2025-05-20 12:00:00,2.0,86.89,0.0,0.03,43.97,0.14,7.61,30.39,0.0
1747746000,2025-05-20 13:00:00,2.0,88.11,0.0,0.04,45.26,0.14,8.17,32.34,0.0
1747749600,2025-05-20 14:00:00,2.0,89.33,0.0,0.05,46.63,0.14,8.74,34.12,0.0
1747753200,2025-05-20 15:00:00,2.0,90.24,0.0,0.05,47.84,0.15,9.3,35.78,0.0
1747756800,2025-05-20 16:00:00,2.0,91.06,0.0,0.06,48.93,0.15,9.72,36.79,0.0
1747760400,2025-05-20 17:00:00,2.0,91.77,0.0,0.06,50.03,0.15,9.93,36.96,0.0
1747764000,2025-05-20 18:00:00,2.0,92.22,0.0,0.06,51.08,0.16,9.87,36.18,0.0
1747767600,2025-05-20 19:00:00,2.0,92.13,0.0,0.05,51.79,0.16,9.48,34.31,0.0
1747771200,2025-05-20 20:00:00,2.0,91.82,0.0,0.05,52.3,0.15,8.92,31.97,0.0
1747774800,2025-05-20 21:00:00,2.0,91.4,0.0,0.05,52.57,0.15,8.32,29.64,0.0
1747778400,2025-05-20 22:00:00,2.0,90.79,0.0,0.05,52.68,0.15,7.78,27.66,0.0
1747782000,2025-05-20 23:00:00,2.0,90.21,0.0,0.05,52.58,0.15,7.34,26.07,0.0
1747785600,2025-05-21 00:00:00,2.0,89.72,0.0,0.05,52.48,0.16,7.01,24.9,0.0
1747789200,2025-05-21 01:00:00,2.0,89.45,0.0,0.05,52.28,0.16,6.76,24.06,0.0
1747792800,2025-05-21 02:00:00,2.0,88.79,0.0,0.06,51.73,0.16,6.48,23.01,0.0
1747796400,2025-05-21 03:00:00,2.0,88.08,0.0,0.06,50.82,0.16,6.12,21.78,0.0
1747800000,2025-05-21 04:00:00,2.0,87.04,0.01,0.05,49.63,0.16,5.74,20.49,0.0
1747803600,2025-05-21 05:00:00,1.0,86.2,0.01,0.04,48.38,0.16,5.45,19.44,0.0
1747807200,2025-05-21 06:00:00,1.0,85.56,0.01,0.03,46.91,0.16,5.21,18.58,0.0
1747810800,2025-05-21 07:00:00,1.0,84.97,0.01,0.03,45.41,0.15,4.97,17.69,0.0
1747814400,2025-05-21 08:00:00,1.0,84.49,0.01,0.03,43.88,0.14,4.72,16.8,0.0
1747818000,2025-05-21 09:00:00,1.0,84.1,0.01,0.03,42.42,0.14,4.51,16.09,0.0
1747821600,2025-05-21 10:00:00,1.0,84.27,0.01,0.03,41.65,0.13,4.31,15.67,0.0
1747825200,2025-05-21 11:00:00,1.0,84.36,0.01,0.03,41.26,0.12,4.1,15.5,0.0
1747828800,2025-05-21 12:00:00,1.0,84.4,0.01,0.03,41.06,0.12,3.93,15.42,0.0
1747832400,2025-05-21 13:00:00,1.0,84.57,0.01,0.04,41.04,0.12,3.84,15.37,0.0
1747836000,2025-05-21 14:00:00,1.0,84.52,0.0,0.05,40.81,0.13,3.78,15.14,0.0
1747839600,2025-05-21 15:00:00,1.0,84.27,0.0,0.06,40.49,0.13,3.73,14.84,0.0
1747843200,2025-05-21 16:00:00,1.0,83.97,0.0,0.06,40.26,0.13,3.69,14.64,0.0
1747846800,2025-05-21 17:00:00,1.0,84.06,0.0,0.06,40.16,0.13,3.63,14.43,0.0
1747850400,2025-05-21 18:00:00,1.0,84.21,0.0,0.06,40.12,0.13,3.59,14.14,0.0
1747854000,2025-05-21 19:00:00,1.0,84.16,0.0,0.06,40.05,0.13,3.55,13.74,0.0
1747857600,2025-05-21 20:00:00,1.0,84.35,0.0,0.06,40.19,0.13,3.58,13.58,0.0
1747861200,2025-05-21 21:00:00,1.0,84.66,0.0,0.06,40.56,0.13,3.68,13.74,0.0
1747864800,2025-05-21 22:00:00,1.0,85.41,0.0,0.06,41.43,0.13,3.88,14.5,0.0
1747868400,2025-05-21 23:00:00,1.0,86.38,0.0,0.06,42.43,0.13,4.21,15.86,0.0
1747872000,2025-05-22 00:00:00,1.0,87.32,0.0,0.06,43.49,0.13,4.64,17.55,0.0
1747875600,2025-05-22 01:00:00,1.0,88.24,0.0,0.05,44.34,0.13,5.15,19.5,0.0
1747879200,2025-05-22 02:00:00,2.0,89.42,0.0,0.06,45.1,0.13,5.8,21.63,0.0
1747882800,2025-05-22 03:00:00,2.0,90.53,0.0,0.05,45.68,0.13,6.62,23.67,0.0
1747886400,2025-05-22 04:00:00,2.0,91.6,0.01,0.04,45.97,0.13,7.55,25.65,0.0
1747890000,2025-05-22 05:00:00,2.0,92.82,0.01,0.04,45.85,0.14,8.57,27.57,0.0
1747893600,2025-05-22 06:00:00,2.0,94.32,0.01,0.03,45.32,0.14,9.66,29.53,0.0
1747897200,2025-05-22 07:00:00,2.0,95.88,0.01,0.03,44.58,0.15,10.81,31.58,0.0
1747900800,2025-05-22 08:00:00,2.0,97.59,0.01,0.03,43.77,0.16,11.85,33.43,0.0
1747904400,2025-05-22 09:00:00,2.0,99.32,0.01,0.03,43.14,0.16,12.65,34.89,0.0
1747908000,2025-05-22 10:00:00,2.0,101.24,0.01,0.03,43.07,0.16,13.2,36.13,0.0
1747911600,2025-05-22 11:00:00,2.0,102.74,0.01,0.04,43.35,0.17,13.49,37.05,0.0
1747915200,2025-05-22 12:00:00,2.0,103.81,0.01,0.04,43.92,0.17,13.61,37.84,0.0
1747918800,2025-05-22 13:00:00,2.0,104.92,0.01,0.05,44.94,0.17,13.65,39.14,0.0
1747922400,2025-05-22 14:00:00,2.0,105.48,0.0,0.07,45.8,0.17,13.72,40.72,0.0
1747926000,2025-05-22 15:00:00,2.0,105.84,0.0,0.07,46.57,0.17,13.86,42.44,0.0
1747929600,2025-05-22 16:00:00,2.0,105.72,0.0,0.07,47.12,0.18,13.97,43.98,0.0
1747933200,2025-05-22 17:00:00,2.0,105.62,0.0,0.07,47.73,0.18,14.0,45.36,0.0
1747936800,2025-05-22 18:00:00,2.0,105.18,0.0,0.07,48.36,0.17,13.92,46.62,0.0
1747940400,2025-05-22 19:00:00,2.0,104.02,0.0,0.06,48.77,0.17,13.68,47.5,0.0
1747944000,2025-05-22 20:00:00,2.0,102.76,0.0,0.06,49.1,0.17,13.35,48.51,0.0
1747947600,2025-05-22 21:00:00,2.0,101.29,0.0,0.06,49.15,0.18,12.96,49.41,0.0
1747951200,2025-05-22 22:00:00,3.0,99.78,0.0,0.06,48.93,0.19,12.54,50.26,0.0
1747954800,2025-05-22 23:00:00,3.0,98.18,0.0,0.06,48.51,0.19,12.09,51.03,0.0
1747958400,2025-05-23 00:00:00,3.0,96.75,0.0,0.06,48.06,0.2,11.7,51.78,0.0
1747962000,2025-05-23 01:00:00,3.0,95.59,0.0,0.06,47.64,0.2,11.4,52.56,0.0
1747965600,2025-05-23 02:00:00,3.0,94.36,0.0,0.06,47.2,0.2,11.2,53.34,0.0
1747969200,2025-05-23 03:00:00,3.0,93.43,0.01,0.06,46.72,0.21,11.08,54.25,0.0
1747972800,2025-05-23 04:00:00,3.0,92.97,0.01,0.05,46.44,0.22,11.09,55.73,0.0
1747976400,2025-05-23 05:00:00,3.0,92.83,0.01,0.04,46.2,0.22,11.17,57.15,0.0
1747980000,2025-05-23 06:00:00,3.0,92.88,0.01,0.04,45.69,0.21,11.24,58.21,0.0
1747983600,2025-05-23 07:00:00,3.0,92.92,0.01,0.03,44.89,0.2,11.24,58.78,0.0
1747987200,2025-05-23 08:00:00,3.0,92.68,0.01,0.03,43.92,0.19,11.18,58.99,0.0
1747990800,2025-05-23 09:00:00,3.0,92.64,0.01,0.03,42.8,0.19,11.07,58.81,0.0
1747994400,2025-05-23 10:00:00,3.0,92.57,0.01,0.03,41.69,0.18,10.9,58.17,0.0
1747998000,2025-05-23 11:00:00,3.0,92.21,0.01,0.03,40.8,0.19,10.61,56.53,0.0
1748001600,2025-05-23 12:00:00,3.0,91.99,0.01,0.04,40.46,0.19,10.33,54.76,0.0
1748005200,2025-05-23 13:00:00,3.0,92.41,0.01,0.05,40.82,0.19,10.15,53.96,0.0
1748008800,2025-05-23 14:00:00,3.0,92.86,0.0,0.06,41.58,0.19,10.12,54.0,0.0
1748012400,2025-05-23 15:00:00,3.0,93.39,0.0,0.06,42.55,0.2,10.22,54.8,0.0
1748016000,2025-05-23 16:00:00,3.0,93.7,0.0,0.06,43.29,0.2,10.39,55.56,0.0
1748019600,2025-05-23 17:00:00,3.0,93.87,0.0,0.06,43.72,0.21,10.61,56.31,0.0
1748023200,2025-05-23 18:00:00,3.0,93.75,0.0,0.06,44.39,0.23,11.0,58.04,0.0
1748026800,2025-05-23 19:00:00,3.0,93.11,0.0,0.06,44.99,0.24,11.43,60.05,0.01
1748030400,2025-05-23 20:00:00,3.0,92.42,0.0,0.06,45.49,0.25,11.74,61.51,0.01
1748034000,2025-05-23 21:00:00,3.0,91.7,0.0,0.06,45.56,0.26,11.93,62.27,0.01
1748037600,2025-05-23 22:00:00,3.0,90.9,0.0,0.06,45.02,0.27,12.05,62.66,0.02
1748041200,2025-05-23 23:00:00,3.0,90.18,0.0,0.07,44.1,0.29,12.21,62.59,0.02
1748044800,2025-05-24 00:00:00,3.0,89.49,0.0,0.07,43.21,0.3,12.46,62.55,0.02
1748048400,2025-05-24 01:00:00,3.0,89.26,0.0,0.07,43.1,0.3,12.82,63.14,0.01
1748052000,2025-05-24 02:00:00,3.0,89.54,0.0,0.08,43.82,0.3,13.19,63.97,0.01
1748055600,2025-05-24 03:00:00,3.0,89.88,0.01,0.07,45.26,0.29,13.52,64.92,0.01
1748059200,2025-05-24 04:00:00,3.0,90.25,0.01,0.06,47.27,0.27,13.77,65.81,0.02
1748062800,2025-05-24 05:00:00,3.0,90.84,0.01,0.05,49.37,0.25,14.08,67.1,0.02
1748066400,2025-05-24 06:00:00,3.0,91.25,0.01,0.04,50.94,0.24,14.41,68.41,0.03
1748070000,2025-05-24 07:00:00,3.0,91.39,0.01,0.03,51.76,0.22,14.71,69.64,0.03
1748073600,2025-05-24 08:00:00,3.0,91.3,0.01,0.03,51.61,0.21,15.0,70.74,0.04
1748077200,2025-05-24 09:00:00,3.0,90.95,0.01,0.03,50.74,0.2,15.24,71.64,0.04
1748080800,2025-05-24 10:00:00,3.0,90.7,0.01,0.03,49.95,0.2,15.46,72.5,0.04
1748084400,2025-05-24 11:00:00,3.0,90.03,0.01,0.03,48.76,0.2,15.52,72.37,0.04
1748088000,2025-05-24 12:00:00,3.0,89.3,0.01,0.03,47.63,0.21,15.43,71.3,0.04
1748091600,2025-05-24 13:00:00,3.0,89.04,0.0,0.04,47.02,0.22,15.29,69.64,0.05
1748095200,2025-05-24 14:00:00,3.0,89.07,0.0,0.06,47.17,0.22,15.1,67.62,0.06
1748098800,2025-05-24 15:00:00,3.0,89.51,0.0,0.06,48.02,0.23,14.99,65.69,0.08
1748102400,2025-05-24 16:00:00,3.0,90.02,0.0,0.06,49.33,0.23,14.94,64.04,0.1
1748106000,2025-05-24 17:00:00,3.0,90.66,0.0,0.06,50.55,0.23,15.02,62.77,0.11
1748109600,2025-05-24 18:00:00,3.0,90.95,0.0,0.06,51.55,0.24,15.23,62.19,0.11
1748113200,2025-05-24 19:00:00,3.0,90.92,0.0,0.06,52.05,0.24,15.55,62.12,0.11
1748116800,2025-05-24 20:00:00,3.0,90.67,0.0,0.06,52.62,0.25,15.99,62.89,0.1
1748120400,2025-05-24 21:00:00,3.0,90.53,0.0,0.06,53.13,0.26,16.46,64.1,0.1
1748124000,2025-05-24 22:00:00,3.0,90.1,0.0,0.06,53.51,0.26,16.97,65.7,0.1
1748127600,2025-05-24 23:00:00,3.0,89.46,0.0,0.06,53.36,0.27,17.35,66.82,0.09
1748131200,2025-05-25 00:00:00,3.0,89.04,0.0,0.06,53.12,0.28,17.51,67.04,0.08
1748134800,2025-05-25 01:00:00,3.0,89.0,0.0,0.06,52.94,0.28,17.48,66.61,0.07
1748138400,2025-05-25 02:00:00,3.0,89.04,0.0,0.07,52.91,0.27,17.26,65.61,0.06
1748142000,2025-05-25 03:00:00,3.0,88.81,0.0,0.07,52.39,0.27,16.98,64.55,0.06
1748145600,2025-05-25 04:00:00,3.0,88.2,0.01,0.06,51.39,0.27,16.74,63.71,0.05
1748149200,2025-05-25 05:00:00,3.0,87.39,0.01,0.05,50.01,0.27,16.57,63.32,0.03
1748152800,2025-05-25 06:00:00,3.0,86.52,0.01,0.05,48.58,0.27,16.41,63.01,0.02
1748156400,2025-05-25 07:00:00,3.0,85.8,0.01,0.04,47.29,0.26,16.18,62.3,0.01
1748160000,2025-05-25 08:00:00,3.0,85.45,0.01,0.04,46.13,0.26,15.96,61.52,0.01
1748163600,2025-05-25 09:00:00,3.0,85.03,0.01,0.04,45.01,0.26,15.81,60.86,0.01
1748167200,2025-05-25 10:00:00,3.0,85.01,0.01,0.04,44.17,0.26,15.78,60.74,0.01
1748170800,2025-05-25 11:00:00,3.0,84.68,0.01,0.04,43.32,0.26,15.93,61.22,0.01
1748174400,2025-05-25 12:00:00,3.0,84.55,0.01,0.04,42.84,0.27,16.31,62.31,0.0
1748178000,2025-05-25 13:00:00,3.0,85.01,0.01,0.05,43.11,0.27,16.91,63.89,0.0
1748181600,2025-05-25 14:00:00,3.0,86.03,0.0,0.07,43.96,0.28,17.63,65.4,0.0
1748185200,2025-05-25 15:00:00,3.0,87.94,0.0,0.08,45.52,0.29,18.34,66.54,0.0
1748188800,2025-05-25 16:00:00,3.0,90.29,0.0,0.07,47.3,0.3,18.89,66.98,0.0
1748192400,2025-05-25 17:00:00,3.0,92.52,0.0,0.07,49.07,0.3,19.21,66.66,0.0
1748196000,2025-05-25 18:00:00,3.0,94.27,0.0,0.07,50.49,0.29,19.38,66.16,0.0
1748199600,2025-05-25 19:00:00,3.0,94.95,0.0,0.07,51.31,0.29,19.41,65.65,0.01
1748203200,2025-05-25 20:00:00,3.0,95.09,0.0,0.07,51.72,0.29,19.47,66.01,0.03
1748206800,2025-05-25 21:00:00,3.0,94.47,0.0,0.06,51.6,0.29,19.57,67.08,0.04
1748210400,2025-05-25 22:00:00,3.0,93.78,0.0,0.06,51.39,0.3,19.63,68.36,0.04
1748214000,2025-05-25 23:00:00,3.0,93.27,0.0,0.06,51.22,0.3,19.62,69.06,0.05
1748217600,2025-05-26 00:00:00,3.0,93.33,0.0,0.06,51.41,0.3,19.6,69.27,0.06
1748221200,2025-05-26 01:00:00,3.0,93.62,0.0,0.06,51.96,0.3,19.52,68.65,0.07
1748224800,2025-05-26 02:00:00,3.0,94.21,0.0,0.07,52.84,0.29,19.3,67.34,0.08
1748228400,2025-05-26 03:00:00,3.0,94.76,0.0,0.07,53.83,0.28,18.93,65.48,0.08
1748232000,2025-05-26 04:00:00,3.0,94.99,0.01,0.05,54.64,0.26,18.49,63.36,0.1
1748235600,2025-05-26 05:00:00,3.0,95.13,0.01,0.04,54.65,0.25,18.4,62.71,0.1
1748239200,2025-05-26 06:00:00,3.0,94.78,0.01,0.04,53.81,0.24,18.54,62.99,0.09
1748242800,2025-05-26 07:00:00,3.0,93.99,0.01,0.03,52.15,0.23,18.88,64.05,0.07
1748246400,2025-05-26 08:00:00,3.0,93.11,0.01,0.03,50.33,0.23,19.41,65.64,0.05
1748250000,2025-05-26 09:00:00,3.0,92.26,0.01,0.03,48.78,0.22,20.14,67.83,0.03
1748253600,2025-05-26 10:00:00,3.0,91.67,0.01,0.03,47.68,0.22,21.3,71.41,0.01
1748257200,2025-05-26 11:00:00,3.0,90.88,0.01,0.03,46.8,0.23,22.84,76.59,0.01
1748260800,2025-05-26 12:00:00,3.0,90.2,0.01,0.04,46.37,0.24,24.51,82.27,0.0
1748264400,2025-05-26 13:00:00,3.0,89.78,0.0,0.05,46.31,0.25,26.13,87.88,0.0
1748268000,2025-05-26 14:00:00,3.0,89.46,0.0,0.06,46.23,0.25,27.27,92.03,0.0
1748271600,2025-05-26 15:00:00,3.0,89.26,0.0,0.07,46.18,0.26,27.69,94.05,0.0
1748275200,2025-05-26 16:00:00,3.0,89.24,0.0,0.07,46.17,0.26,27.3,93.79,0.02
1748278800,2025-05-26 17:00:00,3.0,89.36,0.0,0.07,46.26,0.27,26.49,92.69,0.05
1748282400,2025-05-26 18:00:00,3.0,89.35,0.0,0.07,46.36,0.28,25.52,91.56,0.08
1748286000,2025-05-26 19:00:00,3.0,89.62,0.0,0.07,46.97,0.29,24.6,90.26,0.13
1748289600,2025-05-26 20:00:00,3.0,90.75,0.0,0.07,48.42,0.29,23.94,88.88,0.18
1748293200,2025-05-26 21:00:00,3.0,92.43,0.0,0.07,50.27,0.3,23.54,87.71,0.24
1748296800,2025-05-26 22:00:00,3.0,94.17,0.0,0.07,51.91,0.31,23.28,86.52,0.28
1748300400,2025-05-26 23:00:00,3.0,95.23,0.0,0.07,52.75,0.31,23.07,85.14,0.3
1748304000,2025-05-27 00:00:00,3.0,95.1,0.0,0.07,52.4,0.32,23.01,84.36,0.27
1748307600,2025-05-27 01:00:00,3.0,93.85,0.0,0.07,51.36,0.33,23.15,84.54,0.21
1748311200,2025-05-27 02:00:00,3.0,92.41,0.0,0.08,50.28,0.34,23.43,85.41,0.14
1748314800,2025-05-27 03:00:00,3.0,91.14,0.0,0.08,49.68,0.34,23.8,86.48,0.07
1748318400,2025-05-27 04:00:00,3.0,90.19,0.01,0.07,49.54,0.34,24.14,87.03,0.03
1748322000,2025-05-27 05:00:00,3.0,89.57,0.01,0.06,49.68,0.33,24.61,88.07,0.01
1748325600,2025-05-27 06:00:00,3.0,89.11,0.01,0.05,49.78,0.32,25.24,90.18,0.01
1748329200,2025-05-27 07:00:00,3.0,89.17,0.01,0.04,50.32,0.3,26.08,93.46,0.0
1748332800,2025-05-27 08:00:00,3.0,89.42,0.01,0.04,50.53,0.29,27.04,97.02,0.0
1748336400,2025-05-27 09:00:00,3.0,89.38,0.01,0.04,50.26,0.29,27.9,99.78,0.0
1748340000,2025-05-27 10:00:00,4.0,89.39,0.01,0.04,49.61,0.29,28.65,101.99,0.0
1748343600,2025-05-27 11:00:00,4.0,88.64,0.01,0.04,48.47,0.3,29.09,103.45,0.0
1748347200,2025-05-27 12:00:00,4.0,87.49,0.01,0.04,46.99,0.3,29.09,104.24,0.0
1748350800,2025-05-27 13:00:00,4.0,86.56,0.01,0.06,45.8,0.32,28.72,104.51,0.0
1748354400,2025-05-27 14:00:00,4.0,85.56,0.0,0.07,44.9,0.33,28.04,104.15,0.0
1748358000,2025-05-27 15:00:00,4.0,85.2,0.0,0.08,44.76,0.35,27.39,103.96,0.0
1748361600,2025-05-27 16:00:00,4.0,85.0,0.0,0.08,45.31,0.37,26.9,104.1,0.0
1748365200,2025-05-27 17:00:00,4.0,85.1,0.0,0.08,45.91,0.37,26.55,104.67,0.0
1748368800,2025-05-27 18:00:00,4.0,85.0,0.0,0.08,46.22,0.38,26.35,105.65,0.0
1748372400,2025-05-27 19:00:00,4.0,84.34,0.0,0.08,46.03,0.38,26.23,106.74,0.0
1748376000,2025-05-27 20:00:00,4.0,83.86,0.0,0.09,45.86,0.39,26.35,108.24,0.0
1748379600,2025-05-27 21:00:00,4.0,83.95,0.0,0.09,46.07,0.4,26.61,109.77,0.0
1748383200,2025-05-27 22:00:00,4.0,84.35,0.0,0.09,46.67,0.41,26.9,111.01,0.0
1748386800,2025-05-27 23:00:00,4.0,84.85,0.0,0.09,47.28,0.41,27.15,111.48,0.0
1748390400,2025-05-28 00:00:00,4.0,85.26,0.0,0.09,47.91,0.41,27.4,111.46,0.0
1748394000,2025-05-28 01:00:00,4.0,85.77,0.0,0.09,48.6,0.41,27.73,111.6,0.0
1748397600,2025-05-28 02:00:00,4.0,86.47,0.0,0.1,49.91,0.42,28.27,112.53,0.0
1748401200,2025-05-28 03:00:00,4.0,87.45,0.01,0.1,52.05,0.42,29.02,114.04,0.0
1748404800,2025-05-28 04:00:00,4.0,88.84,0.01,0.08,54.8,0.43,29.88,115.54,0.0
1748408400,2025-05-28 05:00:00,4.0,89.84,0.01,0.07,56.49,0.42,30.61,116.17,0.0
1748412000,2025-05-28 06:00:00,4.0,90.2,0.01,0.06,56.4,0.41,31.23,116.08,0.0
1748415600,2025-05-28 07:00:00,4.0,89.99,0.01,0.06,55.33,0.4,31.77,115.72,0.0
1748419200,2025-05-28 08:00:00,4.0,89.69,0.01,0.05,54.31,0.38,32.2,115.1,0.0
1748422800,2025-05-28 09:00:00,4.0,89.57,0.01,0.05,53.73,0.38,32.62,114.54,0.0
1748426400,2025-05-28 10:00:00,4.0,90.1,0.01,0.05,53.84,0.38,33.1,114.43,0.0
1748430000,2025-05-28 11:00:00,4.0,90.43,0.01,0.05,54.09,0.38,33.41,114.06,0.0
1748433600,2025-05-28 12:00:00,4.0,90.56,0.01,0.06,54.14,0.39,33.48,113.88,0.0
1748437200,2025-05-28 13:00:00,4.0,90.53,0.01,0.08,53.76,0.4,33.33,114.54,0.0
1748440800,2025-05-28 14:00:00,4.0,89.45,0.0,0.1,52.48,0.4,32.84,115.24,0.0
1748444400,2025-05-28 15:00:00,4.0,87.87,0.0,0.11,50.68,0.41,32.06,116.0,0.0
1748448000,2025-05-28 16:00:00,4.0,86.1,0.0,0.11,49.21,0.41,31.27,117.21,0.0
1748451600,2025-05-28 17:00:00,4.0,84.4,0.0,0.11,48.25,0.42,30.65,118.77,0.0
1748455200,2025-05-28 18:00:00,4.0,82.93,0.0,0.11,47.51,0.43,30.14,119.78,0.0
1748458800,2025-05-28 19:00:00,4.0,81.77,0.0,0.11,46.72,0.44,29.68,120.59,0.0
1748462400,2025-05-28 20:00:00,4.0,80.94,0.0,0.11,46.44,0.44,29.48,122.36,0.0
1748466000,2025-05-28 21:00:00,4.0,80.5,0.0,0.11,46.56,0.43,29.48,124.79,0.0
1748469600,2025-05-28 22:00:00,4.0,80.47,0.0,0.11,47.02,0.43,29.65,127.19,0.0
1748473200,2025-05-28 23:00:00,4.0,80.72,0.0,0.11,47.66,0.44,30.0,129.66,0.0
1748476800,2025-05-29 00:00:00,4.0,80.95,0.0,0.11,48.24,0.46,30.49,132.42,0.0
1748480400,2025-05-29 01:00:00,4.0,81.37,0.0,0.11,49.07,0.47,31.16,135.71,0.0
1748484000,2025-05-29 02:00:00,4.0,81.98,0.0,0.12,50.13,0.48,31.86,137.87,0.0
1748487600,2025-05-29 03:00:00,4.0,82.79,0.01,0.13,51.82,0.48,32.57,139.8,0.0
1748491200,2025-05-29 04:00:00,4.0,83.65,0.02,0.1,53.72,0.47,33.19,140.4,0.0
1748494800,2025-05-29 05:00:00,4.0,84.38,0.02,0.09,55.09,0.45,33.86,139.12,0.0
1748498400,2025-05-29 06:00:00,4.0,85.2,0.01,0.07,56.34,0.44,34.63,136.59,0.0
1748502000,2025-05-29 07:00:00,4.0,86.41,0.01,0.07,57.67,0.42,35.53,134.06,0.0
1748505600,2025-05-29 08:00:00,4.0,87.6,0.01,0.06,58.95,0.41,36.39,132.06,0.0
1748509200,2025-05-29 09:00:00,4.0,88.75,0.01,0.06,60.18,0.39,37.18,131.07,0.0
1748512800,2025-05-29 10:00:00,4.0,90.32,0.01,0.06,61.81,0.39,38.08,131.33,0.0
1748516400,2025-05-29 11:00:00,4.0,91.23,0.01,0.06,63.29,0.39,38.72,131.65,0.0
1748520000,2025-05-29 12:00:00,4.0,91.45,0.01,0.06,64.22,0.41,39.09,133.5,0.0
1748523600,2025-05-29 13:00:00,4.0,91.66,0.01,0.08,65.57,0.43,39.5,139.34,0.0
1748527200,2025-05-29 14:00:00,4.0,91.64,0.0,0.1,65.28,0.46,39.75,142.5,0.0
1748530800,2025-05-29 15:00:00,4.0,91.52,0.0,0.11,63.72,0.49,39.56,143.1,0.0
1748534400,2025-05-29 16:00:00,4.0,90.8,0.0,0.11,62.18,0.49,38.64,142.66,0.0
1748538000,2025-05-29 17:00:00,4.0,90.05,0.0,0.1,61.1,0.49,37.77,142.94,0.0
1748541600,2025-05-29 18:00:00,4.0,88.67,0.0,0.1,59.61,0.49,37.32,145.13,0.0
1748545200,2025-05-29 19:00:00,4.0,87.49,0.0,0.09,59.77,0.47,37.05,150.06,0.0
1748548800,2025-05-29 20:00:00,4.0,86.76,0.0,0.09,60.64,0.46,37.34,155.86,0.0
1748552400,2025-05-29 21:00:00,4.0,85.74,0.0,0.08,60.36,0.47,37.66,160.01,0.0
1748556000,2025-05-29 22:00:00,4.0,84.83,0.0,0.08,59.92,0.47,37.68,161.63,0.0
1748559600,2025-05-29 23:00:00,4.0,84.35,0.0,0.08,60.1,0.48,37.59,159.49,0.0
1748563200,2025-05-30 00:00:00,4.0,84.32,0.0,0.08,61.35,0.49,37.47,156.54,0.0
1748566800,2025-05-30 01:00:00,4.0,84.84,0.0,0.08,64.06,0.48,37.24,153.13,0.0
1748570400,2025-05-30 02:00:00,4.0,85.77,0.0,0.09,67.04,0.48,36.77,148.61,0.0
1748574000,2025-05-30 03:00:00,4.0,86.79,0.01,0.08,70.13,0.48,36.13,143.86,0.0
1748577600,2025-05-30 04:00:00,4.0,87.74,0.01,0.07,73.01,0.47,35.5,139.91,0.0
1748581200,2025-05-30 05:00:00,4.0,88.77,0.01,0.05,74.78,0.46,35.26,137.17,0.0
1748584800,2025-05-30 06:00:00,4.0,89.5,0.01,0.04,74.69,0.45,35.2,134.68,0.0
1748588400,2025-05-30 07:00:00,4.0,89.81,0.01,0.04,72.76,0.44,35.15,132.65,0.0
1748592000,2025-05-30 08:00:00,4.0,90.03,0.01,0.04,69.9,0.42,35.03,130.86,0.0
1748595600,2025-05-30 09:00:00,4.0,90.16,0.01,0.04,67.49,0.41,34.95,129.47,0.0
1748599200,2025-05-30 10:00:00,4.0,90.79,0.01,0.04,66.31,0.4,34.96,128.51,0.0
1748602800,2025-05-30 11:00:00,4.0,91.21,0.01,0.04,65.58,0.4,35.03,127.52,0.0
1748606400,2025-05-30 12:00:00,4.0,91.52,0.01,0.05,64.94,0.4,35.2,127.45,0.0
1748610000,2025-05-30 13:00:00,4.0,91.29,0.0,0.06,63.71,0.41,35.46,128.27,0.0
1748613600,2025-05-30 14:00:00,4.0,90.41,0.0,0.07,61.77,0.42,35.62,129.28,0.0
1748617200,2025-05-30 15:00:00,4.0,89.42,0.0,0.08,60.21,0.42,35.81,130.69,0.0
1748620800,2025-05-30 16:00:00,4.0,88.76,0.0,0.08,60.32,0.42,35.97,132.41,0.0
1748624400,2025-05-30 17:00:00,4.0,88.81,0.0,0.08,61.8,0.43,36.09,134.41,0.0
1748628000,2025-05-30 18:00:00,4.0,88.88,0.0,0.08,62.78,0.43,36.06,135.6,0.0
1748631600,2025-05-30 19:00:00,4.0,88.29,0.0,0.08,62.69,0.44,35.62,135.93,0.0
1748635200,2025-05-30 20:00:00,4.0,87.86,0.0,0.08,62.37,0.46,35.15,136.37,0.0
1748638800,2025-05-30 21:00:00,4.0,87.32,0.0,0.08,61.81,0.47,34.66,136.5,0.0
1748642400,2025-05-30 22:00:00,4.0,87.31,0.0,0.08,62.31,0.47,34.1,135.69,0.0
1748646000,2025-05-30 23:00:00,4.0,87.3,0.0,0.07,63.27,0.46,33.66,133.82,0.0
1748649600,2025-05-31 00:00:00,4.0,87.24,0.0,0.07,63.73,0.45,33.56,132.38,0.0
1748653200,2025-05-31 01:00:00,4.0,87.33,0.0,0.07,64.84,0.44,33.73,131.99,0.0
1748656800,2025-05-31 02:00:00,4.0,87.75,0.0,0.08,65.96,0.43,34.04,132.4,0.0
1748660400,2025-05-31 03:00:00,4.0,87.94,0.0,0.08,66.73,0.43,34.32,132.67,0.0
1748664000,2025-05-31 04:00:00,4.0,88.02,0.01,0.06,67.02,0.42,34.57,132.21,0.0
1748667600,2025-05-31 05:00:00,4.0,88.04,0.01,0.05,66.65,0.42,34.83,131.79,0.0
1748671200,2025-05-31 06:00:00,4.0,87.81,0.01,0.05,65.13,0.41,35.02,131.42,0.0
1748674800,2025-05-31 07:00:00,4.0,87.43,0.01,0.04,63.04,0.4,35.03,130.9,0.0
1748678400,2025-05-31 08:00:00,4.0,86.93,0.01,0.04,60.75,0.39,34.87,130.2,0.0
1748682000,2025-05-31 09:00:00,4.0,86.47,0.01,0.04,58.66,0.38,34.66,129.24,0.0
1748685600,2025-05-31 10:00:00,4.0,86.27,0.01,0.04,57.12,0.38,34.44,128.49,0.0
1748689200,2025-05-31 11:00:00,4.0,85.59,0.01,0.04,55.98,0.39,34.16,127.82,0.0
1748692800,2025-05-31 12:00:00,4.0,84.88,0.01,0.05,55.13,0.4,33.96,128.04,0.0
1748696400,2025-05-31 13:00:00,4.0,84.2,0.0,0.06,54.63,0.41,33.89,129.42,0.0
1748700000,2025-05-31 14:00:00,4.0,83.18,0.0,0.07,53.92,0.42,33.63,130.47,0.0
1748703600,2025-05-31 15:00:00,4.0,81.99,0.0,0.08,52.81,0.42,33.2,130.33,0.0
1748707200,2025-05-31 16:00:00,4.0,81.01,0.0,0.08,52.47,0.42,32.59,128.87,0.0
1748710800,2025-05-31 17:00:00,4.0,80.93,0.0,0.08,53.32,0.41,32.0,126.83,0.0
1748714400,2025-05-31 18:00:00,4.0,81.53,0.0,0.08,55.01,0.41,31.42,124.74,0.0
1748718000,2025-05-31 19:00:00,4.0,82.01,0.0,0.08,56.43,0.4,30.76,122.37,0.0
1748721600,2025-05-31 20:00:00,4.0,81.88,0.0,0.07,56.77,0.41,30.27,119.99,0.0
1748725200,2025-05-31 21:00:00,4.0,81.58,0.0,0.07,56.59,0.41,29.97,117.89,0.0
1748728800,2025-05-31 22:00:00,4.0,81.72,0.0,0.08,56.73,0.42,29.98,116.83,0.0
1748732400,2025-05-31 23:00:00,4.0,82.19,0.0,0.08,57.14,0.43,30.55,117.19,0.0
1748736000,2025-06-01 00:00:00,4.0,82.56,0.0,0.08,57.6,0.44,31.7,119.02,0.0
1748739600,2025-06-01 01:00:00,4.0,83.28,0.0,0.08,58.8,0.46,33.48,122.17,0.0
1748743200,2025-06-01 02:00:00,4.0,84.3,0.0,0.09,61.13,0.47,35.74,125.89,0.0
1748746800,2025-06-01 03:00:00,4.0,86.11,0.01,0.09,63.78,0.47,38.4,129.82,0.0
1748750400,2025-06-01 04:00:00,4.0,87.57,0.01,0.08,65.87,0.47,40.95,133.41,0.0
1748754000,2025-06-01 05:00:00,4.0,88.63,0.01,0.06,66.46,0.46,42.82,135.78,0.0
1748757600,2025-06-01 06:00:00,4.0,88.74,0.01,0.05,65.47,0.45,43.74,137.14,0.0
1748761200,2025-06-01 07:00:00,4.0,88.25,0.01,0.05,63.44,0.44,43.83,137.85,0.0
1748764800,2025-06-01 08:00:00,4.0,87.26,0.01,0.04,60.59,0.44,43.38,137.58,0.0
1748768400,2025-06-01 09:00:00,4.0,86.16,0.01,0.04,57.36,0.44,42.7,136.82,0.0
1748772000,2025-06-01 10:00:00,4.0,85.04,0.01,0.04,54.26,0.44,42.1,136.16,0.0
1748775600,2025-06-01 11:00:00,4.0,83.49,0.01,0.05,51.3,0.44,41.19,134.25,0.0
1748779200,2025-06-01 12:00:00,4.0,82.32,0.01,0.05,49.76,0.45,40.06,132.76,0.0
1748782800,2025-06-01 13:00:00,4.0,81.73,0.01,0.06,49.91,0.45,38.9,132.88,0.0
1748786400,2025-06-01 14:00:00,4.0,81.43,0.0,0.08,51.19,0.45,37.63,133.8,0.0
1748790000,2025-06-01 15:00:00,4.0,81.17,0.0,0.09,52.43,0.45,36.38,133.84,0.0
1748793600,2025-06-01 16:00:00,4.0,80.82,0.0,0.08,52.92,0.47,35.23,132.81,0.0
1748797200,2025-06-01 17:00:00,4.0,80.4,0.0,0.08,52.9,0.49,34.3,131.27,0.0
1748800800,2025-06-01 18:00:00,4.0,79.94,0.0,0.08,52.7,0.51,33.53,130.29,0.0
1748804400,2025-06-01 19:00:00,4.0,79.23,0.0,0.09,52.27,0.53,32.87,129.77,0.0
1748808000,2025-06-01 20:00:00,4.0,78.65,0.0,0.09,51.65,0.55,32.51,129.69,0.0
1748811600,2025-06-01 21:00:00,4.0,78.52,0.0,0.09,51.01,0.57,32.45,129.32,0.0
1748815200,2025-06-01 22:00:00,4.0,78.89,0.0,0.09,50.99,0.58,32.83,129.98,0.0
1748818800,2025-06-01 23:00:00,4.0,79.59,0.0,0.09,51.56,0.58,33.44,130.97,0.0
1748822400,2025-06-02 00:00:00,4.0,80.49,0.0,0.09,52.61,0.57,34.34,132.69,0.0
1748826000,2025-06-02 01:00:00,4.0,81.46,0.0,0.09,54.0,0.56,35.45,135.67,0.0
1748829600,2025-06-02 02:00:00,4.0,82.45,0.0,0.1,55.41,0.56,36.45,138.45,0.0
1748833200,2025-06-02 03:00:00,4.0,83.44,0.0,0.09,57.06,0.55,37.32,140.99,0.0
1748836800,2025-06-02 04:00:00,4.0,84.43,0.01,0.08,58.63,0.54,38.15,143.63,0.0
1748840400,2025-06-02 05:00:00,4.0,85.31,0.01,0.06,59.8,0.53,39.23,148.08,0.0
1748844000,2025-06-02 06:00:00,4.0,86.05,0.01,0.06,60.01,0.52,40.51,154.65,0.0
1748847600,2025-06-02 07:00:00,5.555580139160156,86.61,0.01,0.05,59.62,0.5,0.0,0.0,0.0
1748851200,2025-06-02 08:00:00,4.0,86.98,0.01,0.05,58.74,0.48,43.13,169.64,0.0
1748854800,2025-06-02 09:00:00,4.0,87.18,0.01,0.05,57.96,0.46,44.18,175.24,0.0
1748858400,2025-06-02 10:00:00,4.0,87.67,0.01,0.05,57.92,0.45,45.22,180.9,0.0
1748862000,2025-06-02 11:00:00,4.0,88.13,0.01,0.05,58.16,0.44,45.83,184.17,0.0
1748865600,2025-06-02 12:00:00,4.0,88.51,0.01,0.05,58.71,0.43,45.98,185.18,0.0
1748869200,2025-06-02 13:00:00,4.0,89.14,0.0,0.06,59.6,0.43,46.23,187.27,0.0
1748872800,2025-06-02 14:00:00,4.0,89.65,0.0,0.08,60.83,0.43,46.56,189.99,0.0
1748876400,2025-06-02 15:00:00,4.0,90.33,0.0,0.09,62.0,0.44,46.88,192.28,0.0
1748880000,2025-06-02 16:00:00,4.0,90.57,0.0,0.09,62.87,0.44,47.1,195.06,0.0
1748883600,2025-06-02 17:00:00,4.0,90.73,0.0,0.09,63.17,0.44,47.26,197.24,0.0
1748887200,2025-06-02 18:00:00,4.0,90.61,0.0,0.08,63.3,0.44,47.27,197.84,0.0
1748890800,2025-06-02 19:00:00,4.0,90.54,0.0,0.08,63.71,0.43,47.1,198.63,0.0
1748894400,2025-06-02 20:00:00,4.0,90.68,0.0,0.08,64.5,0.43,46.83,198.44,0.0
1748898000,2025-06-02 21:00:00,4.0,91.03,0.0,0.07,65.73,0.42,46.63,199.88,0.0
1748901600,2025-06-02 22:00:00,5.0,91.73,0.0,0.07,67.49,0.41,46.93,205.47,0.0
1748905200,2025-06-02 23:00:00,5.0,92.36,0.0,0.07,69.3,0.41,47.49,212.11,0.0
1748908800,2025-06-03 00:00:00,5.0,92.93,0.0,0.07,70.95,0.42,48.11,219.44,0.0
1748912400,2025-06-03 01:00:00,5.0,93.39,0.0,0.07,72.62,0.43,48.85,227.24,0.0
1748916000,2025-06-03 02:00:00,5.0,94.18,0.0,0.08,74.26,0.44,49.7,234.16,0.0
1748919600,2025-06-03 03:00:00,5.0,94.95,0.0,0.08,75.7,0.45,50.52,238.85,0.0
1748923200,2025-06-03 04:00:00,5.0,95.51,0.01,0.07,76.77,0.46,51.11,240.26,0.0
1748926800,2025-06-03 05:00:00,5.0,96.34,0.01,0.06,77.49,0.46,51.63,239.43,0.0
1748930400,2025-06-03 06:00:00,5.0,97.01,0.01,0.05,77.24,0.46,51.71,234.44,0.0
1748934000,2025-06-03 07:00:00,5.0,97.05,0.01,0.05,76.66,0.45,51.02,224.64,0.0
1748937600,2025-06-03 08:00:00,5.0,96.26,0.01,0.05,75.38,0.44,49.56,211.8,0.0
1748941200,2025-06-03 09:00:00,5.0,95.11,0.01,0.05,73.92,0.43,48.07,201.28,0.0
1748944800,2025-06-03 10:00:00,4.0,94.43,0.01,0.05,72.83,0.43,47.35,195.78,0.0
1748948400,2025-06-03 11:00:00,4.0,93.86,0.01,0.05,72.03,0.43,47.42,196.51,0.0
1748952000,2025-06-03 12:00:00,5.0,93.7,0.01,0.05,71.5,0.44,48.73,205.71,0.0
1748955600,2025-06-03 13:00:00,5.0,94.39,0.0,0.07,71.67,0.46,51.46,224.37,0.0
1748959200,2025-06-03 14:00:00,5.0,95.18,0.0,0.08,72.02,0.47,55.04,250.65,0.0
1748962800,2025-06-03 15:00:00,5.0,95.94,0.0,0.09,72.25,0.48,58.69,279.94,0.0
1748966400,2025-06-03 16:00:00,5.0,95.83,0.0,0.09,71.7,0.49,61.02,304.83,0.0
1748970000,2025-06-03 17:00:00,5.0,95.07,0.0,0.09,70.78,0.49,61.49,319.93,0.0
1748973600,2025-06-03 18:00:00,5.0,93.62,0.0,0.09,69.63,0.5,60.02,322.47,0.0
1748977200,2025-06-03 19:00:00,5.0,91.96,0.0,0.08,68.72,0.51,57.11,313.7,0.0
1748980800,2025-06-03 20:00:00,5.0,90.23,0.0,0.08,68.45,0.51,53.56,296.37,0.0
1748984400,2025-06-03 21:00:00,5.0,88.1,0.0,0.08,67.32,0.52,49.3,270.27,0.0
1748988000,2025-06-03 22:00:00,5.0,85.56,0.0,0.08,65.21,0.52,44.63,239.77,0.0
1748991600,2025-06-03 23:00:00,5.0,83.17,0.0,0.08,62.67,0.53,40.13,208.31,0.0
1748995200,2025-06-04 00:00:00,4.0,81.9,0.0,0.08,61.14,0.53,37.0,185.05,0.0
1748998800,2025-06-04 01:00:00,4.0,82.2,0.0,0.08,62.26,0.52,35.74,173.46,0.0
1749002400,2025-06-04 02:00:00,4.0,83.64,0.0,0.09,65.26,0.5,35.79,170.03,0.0
1749006000,2025-06-04 03:00:00,4.0,84.44,0.0,0.08,66.83,0.48,35.71,167.55,0.0
1749009600,2025-06-04 04:00:00,4.0,84.33,0.01,0.07,66.83,0.47,35.38,166.45,0.0
1749013200,2025-06-04 05:00:00,4.0,83.97,0.01,0.06,66.28,0.46,35.26,167.79,0.0
1749016800,2025-06-04 06:00:00,4.0,83.56,0.01,0.05,65.31,0.44,34.99,168.48,0.0
1749020400,2025-06-04 07:00:00,4.0,83.09,0.01,0.05,64.15,0.42,34.3,166.88,0.0
1749024000,2025-06-04 08:00:00,4.0,82.32,0.01,0.04,62.25,0.4,33.1,162.01,0.0
1749027600,2025-06-04 09:00:00,4.0,81.17,0.01,0.04,59.62,0.38,31.49,154.41,0.0
1749031200,2025-06-04 10:00:00,4.0,80.0,0.01,0.04,56.65,0.37,29.67,145.59,0.0
1749034800,2025-06-04 11:00:00,4.0,78.49,0.01,0.04,53.79,0.37,27.66,135.85,0.0
1749038400,2025-06-04 12:00:00,4.0,77.27,0.01,0.05,51.65,0.38,25.87,126.94,0.0
1749042000,2025-06-04 13:00:00,4.0,76.89,0.0,0.05,50.83,0.39,24.5,120.04,0.0
1749045600,2025-06-04 14:00:00,4.0,76.93,0.0,0.06,51.0,0.39,23.5,114.44,0.0
1749049200,2025-06-04 15:00:00,4.0,77.23,0.0,0.07,51.73,0.39,22.82,109.88,0.0
1749052800,2025-06-04 16:00:00,4.0,77.49,0.0,0.07,52.49,0.39,22.33,106.17,0.0
1749056400,2025-06-04 17:00:00,4.0,77.69,0.0,0.07,53.08,0.39,22.08,103.22,0.0
1749060000,2025-06-04 18:00:00,4.0,77.67,0.0,0.07,53.32,0.39,21.9,100.53,0.0
1749063600,2025-06-04 19:00:00,3.0,77.39,0.0,0.07,53.33,0.39,21.71,97.79,0.0
1749067200,2025-06-04 20:00:00,3.0,77.28,0.0,0.07,53.68,0.39,21.63,95.89,0.0
1749070800,2025-06-04 21:00:00,3.0,77.43,0.0,0.07,54.39,0.39,21.68,94.77,0.0
1749074400,2025-06-04 22:00:00,3.0,77.7,0.0,0.07,55.37,0.39,21.87,94.52,0.0
1749078000,2025-06-04 23:00:00,3.0,78.11,0.0,0.07,56.45,0.39,22.13,94.84,0.0
1749081600,2025-06-05 00:00:00,3.0,78.28,0.0,0.07,57.03,0.39,22.4,95.52,0.0
1749085200,2025-06-05 01:00:00,3.0,78.54,0.0,0.07,57.38,0.38,22.42,95.18,0.0
1749088800,2025-06-05 02:00:00,3.0,78.65,0.0,0.08,57.47,0.37,22.14,93.37,0.0
1749092400,2025-06-05 03:00:00,3.0,78.55,0.01,0.07,57.08,0.35,21.62,90.28,0.0
1749096000,2025-06-05 04:00:00,3.0,78.05,0.01,0.06,55.9,0.33,20.81,86.25,0.0
1749099600,2025-06-05 05:00:00,3.0,77.47,0.01,0.05,54.43,0.32,19.87,82.09,0.0
1749103200,2025-06-05 06:00:00,3.0,76.91,0.01,0.05,52.97,0.3,18.77,77.92,0.0
1749106800,2025-06-05 07:00:00,3.0,76.35,0.01,0.04,51.66,0.28,17.49,73.65,0.0
1749110400,2025-06-05 08:00:00,3.0,75.79,0.01,0.04,50.57,0.26,16.13,69.49,0.0
1749114000,2025-06-05 09:00:00,3.0,75.38,0.01,0.04,49.6,0.24,14.85,65.56,0.0
1749117600,2025-06-05 10:00:00,3.0,75.16,0.01,0.03,48.91,0.23,13.67,61.88,0.0
1749121200,2025-06-05 11:00:00,3.0,74.81,0.01,0.03,48.24,0.22,12.63,58.47,0.0
1749124800,2025-06-05 12:00:00,3.0,74.61,0.01,0.04,47.87,0.22,11.77,55.46,0.0
1749128400,2025-06-05 13:00:00,3.0,74.57,0.0,0.04,47.8,0.22,11.03,52.78,0.0
1749132000,2025-06-05 14:00:00,3.0,74.46,0.0,0.05,47.75,0.22,10.41,50.32,0.0
1749135600,2025-06-05 15:00:00,2.0,74.4,0.0,0.06,47.67,0.21,9.87,48.1,0.0
1749139200,2025-06-05 16:00:00,2.0,74.25,0.0,0.06,47.64,0.21,9.41,46.09,0.0
1749142800,2025-06-05 17:00:00,2.0,74.22,0.0,0.06,47.81,0.21,9.03,44.56,0.0
1749146400,2025-06-05 18:00:00,2.0,74.36,0.0,0.05,48.14,0.21,8.73,43.37,0.0
1749150000,2025-06-05 19:00:00,2.0,74.3,0.0,0.05,48.26,0.21,8.48,42.39,0.0
1749153600,2025-06-05 20:00:00,2.0,74.4,0.0,0.05,48.51,0.21,8.34,41.96,0.0
1749157200,2025-06-05 21:00:00,2.0,74.52,0.0,0.05,48.85,0.21,8.35,42.12,0.0
1749160800,2025-06-05 22:00:00,2.0,74.76,0.0,0.05,49.34,0.22,8.51,43.04,0.0
1749164400,2025-06-05 23:00:00,2.0,75.03,0.0,0.05,49.96,0.22,8.84,44.65,0.0
1749168000,2025-06-06 00:00:00,2.0,75.39,0.0,0.05,50.8,0.22,9.29,46.97,0.0
1749171600,2025-06-06 01:00:00,2.0,76.01,0.0,0.05,51.95,0.22,9.84,49.76,0.0
1749175200,2025-06-06 02:00:00,3.0,76.75,0.0,0.05,53.45,0.21,10.47,52.99,0.0
1749178800,2025-06-06 03:00:00,3.0,77.56,0.0,0.05,55.03,0.21,11.13,56.45,0.0
1749182400,2025-06-06 04:00:00,3.0,78.27,0.01,0.04,56.21,0.21,11.7,59.51,0.0
1749186000,2025-06-06 05:00:00,3.0,78.8,0.01,0.04,56.74,0.2,12.17,61.97,0.0
1749189600,2025-06-06 06:00:00,3.0,79.24,0.0,0.03,56.64,0.2,12.51,63.87,0.0
1749193200,2025-06-06 07:00:00,3.0,79.54,0.0,0.03,56.01,0.19,12.71,64.83,0.0
1749196800,2025-06-06 08:00:00,3.0,79.8,0.0,0.03,54.9,0.18,12.78,65.15,0.0
1749200400,2025-06-06 09:00:00,3.0,79.78,0.0,0.03,53.51,0.17,12.78,65.1,0.0
1749204000,2025-06-06 10:00:00,3.0,80.05,0.0,0.03,52.33,0.17,12.8,65.17,0.0
1749207600,2025-06-06 11:00:00,3.0,79.98,0.0,0.03,51.27,0.16,12.82,65.43,0.0
1749211200,2025-06-06 12:00:00,3.0,80.08,0.0,0.03,50.56,0.16,12.87,65.95,0.0
1749214800,2025-06-06 13:00:00,3.0,80.19,0.0,0.04,50.41,0.16,13.0,67.07,0.0
1749218400,2025-06-06 14:00:00,3.0,80.27,0.0,0.05,50.35,0.17,13.23,68.73,0.0
1749222000,2025-06-06 15:00:00,3.0,80.22,0.0,0.06,50.46,0.17,13.53,71.02,0.0
1749225600,2025-06-06 16:00:00,3.0,80.26,0.0,0.06,50.72,0.17,13.88,73.47,0.0
1749229200,2025-06-06 17:00:00,3.0,80.36,0.0,0.06,51.34,0.18,14.42,76.96,0.0
1749232800,2025-06-06 18:00:00,3.0,80.69,0.0,0.05,52.16,0.18,15.23,81.89,0.0
1749236400,2025-06-06 19:00:00,3.0,80.91,0.0,0.05,52.99,0.19,16.3,88.07,0.0
1749240000,2025-06-06 20:00:00,3.0,81.27,0.0,0.05,53.86,0.19,17.51,94.68,0.0
1749243600,2025-06-06 21:00:00,4.0,81.54,0.0,0.05,54.81,0.19,18.74,101.0,0.0
1749247200,2025-06-06 22:00:00,4.0,81.99,0.0,0.05,55.6,0.2,19.89,106.58,0.0
1749250800,2025-06-06 23:00:00,4.0,82.18,0.0,0.05,56.24,0.2,20.85,110.97,0.0
1749254400,2025-06-07 00:00:00,4.0,82.41,0.0,0.05,56.65,0.2,21.47,113.38,0.0
1749258000,2025-06-07 01:00:00,4.0,82.19,0.0,0.05,56.89,0.2,21.69,113.67,0.0
1749261600,2025-06-07 02:00:00,4.0,82.25,0.0,0.05,56.95,0.2,21.63,112.64,0.0
1749265200,2025-06-07 03:00:00,4.0,81.85,0.0,0.05,56.59,0.2,21.25,110.41,0.0
1749268800,2025-06-07 04:00:00,4.0,81.13,0.01,0.04,55.63,0.2,20.58,106.89,0.0
1749272400,2025-06-07 05:00:00,4.0,80.41,0.01,0.03,54.44,0.19,19.74,102.64,0.0
1749276000,2025-06-07 06:00:00,3.0,79.77,0.01,0.03,52.91,0.19,18.78,97.71,0.0
1749279600,2025-06-07 07:00:00,3.0,79.19,0.01,0.03,51.16,0.19,17.76,92.53,0.0
1749283200,2025-06-07 08:00:00,3.0,78.57,0.01,0.03,49.4,0.19,16.73,87.25,0.0
1749286800,2025-06-07 09:00:00,3.0,78.03,0.01,0.03,47.81,0.19,15.8,82.37,0.0
1749290400,2025-06-07 10:00:00,3.0,78.21,0.01,0.03,46.91,0.19,14.92,77.64,0.0
1749294000,2025-06-07 11:00:00,3.0,78.21,0.01,0.03,46.52,0.19,14.04,72.65,0.0
1749297600,2025-06-07 12:00:00,3.0,78.48,0.01,0.03,46.73,0.19,13.26,67.9,0.0
1749301200,2025-06-07 13:00:00,3.0,78.98,0.0,0.04,47.47,0.2,12.61,63.6,0.0
1749304800,2025-06-07 14:00:00,3.0,79.3,0.0,0.05,48.23,0.2,11.97,59.5,0.0
1749308400,2025-06-07 15:00:00,3.0,79.43,0.0,0.06,48.89,0.2,11.3,55.46,0.0
1749312000,2025-06-07 16:00:00,3.0,79.41,0.0,0.06,49.46,0.21,10.59,51.63,0.0
1749315600,2025-06-07 17:00:00,2.0,79.36,0.0,0.05,50.05,0.21,9.93,48.29,0.0
1749319200,2025-06-07 18:00:00,2.0,79.25,0.0,0.05,50.69,0.21,9.33,45.51,0.0
1749322800,2025-06-07 19:00:00,2.0,78.87,0.0,0.05,51.05,0.21,8.82,43.4,0.0
1749326400,2025-06-07 20:00:00,2.0,78.57,0.0,0.05,51.54,0.22,8.55,42.56,0.0
1749330000,2025-06-07 21:00:00,2.0,78.36,0.0,0.05,52.13,0.22,8.54,42.93,0.0
1749333600,2025-06-07 22:00:00,2.0,78.45,0.0,0.05,53.06,0.22,8.82,44.59,0.0
1749337200,2025-06-07 23:00:00,2.0,78.68,0.0,0.05,54.08,0.22,9.28,46.93,0.0
1749340800,2025-06-08 00:00:00,2.0,79.07,0.0,0.05,55.31,0.21,9.86,49.52,0.0
1749344400,2025-06-08 01:00:00,3.0,79.53,0.0,0.04,56.54,0.2,10.45,52.1,0.0
1749348000,2025-06-08 02:00:00,3.0,80.04,0.0,0.05,57.5,0.2,11.05,54.67,0.0
1749351600,2025-06-08 03:00:00,3.0,80.26,0.0,0.05,58.14,0.2,11.6,57.13,0.0
1749355200,2025-06-08 04:00:00,3.0,80.58,0.0,0.04,58.43,0.19,12.01,59.06,0.0
1749358800,2025-06-08 05:00:00,3.0,80.64,0.01,0.03,58.29,0.19,12.27,60.16,0.0
1749362400,2025-06-08 06:00:00,3.0,80.68,0.0,0.03,57.71,0.19,12.38,60.32,0.0
1749366000,2025-06-08 07:00:00,3.0,80.6,0.0,0.03,56.78,0.18,12.34,59.6,0.0
1749369600,2025-06-08 08:00:00,3.0,80.47,0.0,0.03,55.55,0.18,12.17,58.14,0.0
1749373200,2025-06-08 09:00:00,3.0,80.33,0.0,0.03,54.36,0.18,11.91,56.22,0.0
1749376800,2025-06-08 10:00:00,3.0,80.41,0.0,0.03,53.57,0.19,11.59,54.12,0.0
1749380400,2025-06-08 11:00:00,3.0,80.39,0.01,0.03,52.9,0.19,11.16,51.57,0.0
1749384000,2025-06-08 12:00:00,2.0,80.29,0.01,0.03,52.39,0.19,10.63,48.77,0.0
1749387600,2025-06-08 13:00:00,2.0,80.33,0.0,0.04,52.19,0.2,10.07,46.02,0.0
1749391200,2025-06-08 14:00:00,2.0,80.32,0.0,0.05,51.97,0.2,9.42,42.99,0.0
1749394800,2025-06-08 15:00:00,2.0,80.13,0.0,0.06,51.77,0.21,8.66,39.66,0.0
1749398400,2025-06-08 16:00:00,2.0,79.98,0.0,0.06,51.36,0.21,7.86,36.17,0.0
1749402000,2025-06-08 17:00:00,2.0,79.78,0.0,0.06,50.95,0.22,7.1,32.82,0.0
1749405600,2025-06-08 18:00:00,2.0,79.73,0.0,0.06,50.44,0.22,6.41,29.72,0.0
1749409200,2025-06-08 19:00:00,2.0,79.49,0.0,0.05,49.85,0.22,5.82,26.95,0.0
1749412800,2025-06-08 20:00:00,2.0,79.35,0.0,0.05,49.43,0.22,5.4,24.91,0.0
1749416400,2025-06-08 21:00:00,2.0,79.04,0.0,0.05,48.98,0.21,5.15,23.56,0.0
1749420000,2025-06-08 22:00:00,2.0,78.64,0.0,0.05,48.42,0.21,5.02,22.67,0.0
1749423600,2025-06-08 23:00:00,2.0,78.2,0.0,0.05,47.75,0.21,4.93,22.0,0.0
1749427200,2025-06-09 00:00:00,2.0,77.4,0.0,0.05,46.93,0.21,4.85,21.35,0.0
1749430800,2025-06-09 01:00:00,2.0,76.53,0.0,0.05,46.01,0.21,4.77,20.74,0.0
1749434400,2025-06-09 02:00:00,2.0,75.72,0.0,0.05,45.13,0.2,4.69,20.15,0.0
1749438000,2025-06-09 03:00:00,1.0,74.77,0.01,0.05,44.19,0.2,4.59,19.51,0.0
1749441600,2025-06-09 04:00:00,1.0,73.77,0.01,0.04,43.2,0.2,4.47,18.84,0.0
1749445200,2025-06-09 05:00:00,1.0,72.84,0.01,0.03,42.08,0.19,4.35,18.16,0.0
1749448800,2025-06-09 06:00:00,1.0,72.05,0.01,0.03,40.72,0.19,4.24,17.52,0.0
1749452400,2025-06-09 07:00:00,1.0,71.23,0.01,0.03,39.15,0.18,4.15,16.93,0.0
1749456000,2025-06-09 08:00:00,1.0,70.55,0.01,0.03,37.6,0.18,4.1,16.55,0.0
1749459600,2025-06-09 09:00:00,1.0,69.99,0.01,0.03,36.33,0.17,4.11,16.44,0.0
1749463200,2025-06-09 10:00:00,1.0,69.91,0.01,0.03,35.5,0.17,4.17,16.55,0.0
1749466800,2025-06-09 11:00:00,1.0,69.89,0.01,0.03,35.0,0.17,4.23,16.64,0.0
1749470400,2025-06-09 12:00:00,1.0,70.1,0.01,0.03,34.88,0.18,4.26,16.68,0.0
1749474000,2025-06-09 13:00:00,1.0,70.44,0.01,0.04,35.16,0.18,4.25,16.67,0.0
1749477600,2025-06-09 14:00:00,1.0,70.75,0.0,0.05,35.53,0.19,4.17,16.47,0.0
1749481200,2025-06-09 15:00:00,1.0,71.17,0.0,0.06,35.94,0.19,4.07,16.19,0.0
1749484800,2025-06-09 16:00:00,1.0,71.61,0.0,0.06,36.3,0.19,3.98,15.97,0.0
1749488400,2025-06-09 17:00:00,1.0,72.13,0.0,0.06,36.86,0.2,3.93,15.92,0.0
1749492000,2025-06-09 18:00:00,1.0,72.89,0.0,0.06,37.67,0.2,3.94,16.05,0.0
1749495600,2025-06-09 19:00:00,1.0,73.51,0.0,0.06,38.5,0.2,4.0,16.31,0.0
1749499200,2025-06-09 20:00:00,1.0,74.11,0.0,0.06,39.4,0.2,4.1,16.76,0.0
1749502800,2025-06-09 21:00:00,1.0,74.65,0.0,0.06,40.21,0.2,4.26,17.38,0.0
1749506400,2025-06-09 22:00:00,1.0,75.17,0.0,0.06,41.09,0.21,4.49,18.26,0.0
1749510000,2025-06-09 23:00:00,1.0,75.89,0.0,0.05,42.24,0.21,4.77,19.22,0.0
1749513600,2025-06-10 00:00:00,2.0,76.47,0.0,0.05,43.44,0.2,5.08,20.21,0.01
1749517200,2025-06-10 01:00:00,2.0,77.06,0.0,0.05,44.37,0.2,5.38,21.12,0.02
1749520800,2025-06-10 02:00:00,2.0,77.18,0.0,0.06,44.81,0.2,5.63,21.83,0.02
1749524400,2025-06-10 03:00:00,2.0,77.21,0.01,0.05,44.68,0.2,5.82,22.32,0.01
1749528000,2025-06-10 04:00:00,2.0,76.9,0.01,0.04,44.22,0.2,5.97,22.71,0.01
1749531600,2025-06-10 05:00:00,2.0,76.62,0.01,0.04,43.5,0.2,6.12,23.17,0.0
1749535200,2025-06-10 06:00:00,2.0,76.34,0.01,0.03,42.61,0.2,6.28,23.77,0.0
1749538800,2025-06-10 07:00:00,2.0,76.19,0.01,0.03,41.71,0.2,6.47,24.45,0.0
1749542400,2025-06-10 08:00:00,2.0,76.22,0.01,0.03,40.99,0.2,6.67,25.24,0.0
1749546000,2025-06-10 09:00:00,2.0,76.26,0.01,0.03,40.59,0.2,6.9,26.23,0.0
1749549600,2025-06-10 10:00:00,2.0,76.76,0.01,0.03,40.43,0.2,7.25,27.77,0.0
1749553200,2025-06-10 11:00:00,2.0,77.05,0.01,0.03,40.47,0.2,7.74,29.92,0.0
1749556800,2025-06-10 12:00:00,2.0,77.42,0.01,0.03,40.77,0.21,8.38,32.72,0.0
1749560400,2025-06-10 13:00:00,2.0,77.99,0.01,0.04,41.51,0.21,9.19,36.07,0.0
1749564000,2025-06-10 14:00:00,2.0,78.34,0.0,0.05,42.21,0.22,10.04,39.49,0.0
1749567600,2025-06-10 15:00:00,2.0,78.71,0.0,0.06,42.85,0.23,10.82,42.56,0.0
1749571200,2025-06-10 16:00:00,2.0,78.66,0.0,0.06,43.21,0.23,11.37,44.64,0.0
1749574800,2025-06-10 17:00:00,2.0,78.66,0.0,0.06,43.55,0.24,11.76,46.21,0.0
1749578400,2025-06-10 18:00:00,2.0,78.72,0.0,0.06,43.85,0.24,12.05,47.55,0.0
1749582000,2025-06-10 19:00:00,2.0,78.47,0.0,0.06,44.13,0.24,12.2,48.36,0.0
1749585600,2025-06-10 20:00:00,2.0,78.31,0.0,0.06,44.55,0.25,12.27,48.84,0.0
1749589200,2025-06-10 21:00:00,2.0,77.96,0.0,0.06,44.93,0.25,12.29,49.07,0.0
1749592800,2025-06-10 22:00:00,2.0,77.78,0.0,0.05,45.53,0.25,12.25,49.0,0.0
1749596400,2025-06-10 23:00:00,2.0,77.72,0.0,0.05,46.22,0.25,12.11,48.38,0.0
1749600000,2025-06-11 00:00:00,2.0,77.89,0.0,0.05,47.04,0.25,11.9,47.46,0.0
1749603600,2025-06-11 01:00:00,2.0,77.99,0.0,0.05,47.9,0.24,11.69,46.47,0.0
1749607200,2025-06-11 02:00:00,2.0,78.19,0.0,0.06,48.71,0.24,11.47,45.53,0.0
1749610800,2025-06-11 03:00:00,2.0,78.38,0.0,0.06,49.33,0.24,11.25,44.57,0.0
1749614400,2025-06-11 04:00:00,2.0,78.53,0.01,0.05,49.73,0.24,11.03,43.48,0.0
1749618000,2025-06-11 05:00:00,2.0,78.77,0.01,0.04,49.93,0.24,10.86,42.43,0.0
1749621600,2025-06-11 06:00:00,2.0,79.16,0.01,0.04,49.54,0.24,10.71,41.44,0.0
1749625200,2025-06-11 07:00:00,2.0,79.44,0.01,0.03,48.74,0.24,10.56,40.4,0.0
1749628800,2025-06-11 08:00:00,2.0,79.52,0.01,0.03,47.45,0.24,10.43,39.41,0.0
1749632400,2025-06-11 09:00:00,2.0,79.44,0.01,0.03,45.96,0.24,10.31,38.53,0.0
1749636000,2025-06-11 10:00:00,2.0,79.3,0.01,0.03,44.59,0.25,10.22,37.73,0.0
1749639600,2025-06-11 11:00:00,2.0,78.91,0.01,0.03,43.07,0.26,10.05,36.94,0.0
1749643200,2025-06-11 12:00:00,2.0,78.44,0.01,0.04,42.03,0.27,9.89,36.4,0.0
1749646800,2025-06-11 13:00:00,2.0,78.17,0.01,0.04,41.62,0.28,9.78,36.23,0.0
1749650400,2025-06-11 14:00:00,2.0,77.82,0.0,0.06,41.5,0.29,9.65,36.04,0.0
1749654000,2025-06-11 15:00:00,2.0,77.33,0.0,0.06,41.49,0.29,9.48,35.82,0.0
1749657600,2025-06-11 16:00:00,2.0,76.87,0.0,0.06,41.36,0.3,9.28,35.58,0.0
1749661200,2025-06-11 17:00:00,2.0,76.34,0.0,0.06,41.21,0.31,9.13,35.6,0.0
1749664800,2025-06-11 18:00:00,2.0,75.77,0.0,0.06,40.99,0.31,9.01,35.76,0.0
1749668400,2025-06-11 19:00:00,2.0,75.15,0.0,0.06,40.95,0.32,8.91,35.83,0.0
1749672000,2025-06-11 20:00:00,2.0,74.87,0.0,0.06,41.12,0.32,8.88,35.97,0.0
1749675600,2025-06-11 21:00:00,2.0,74.66,0.0,0.06,41.11,0.32,8.9,36.17,0.0
1749679200,2025-06-11 22:00:00,2.0,74.64,0.0,0.06,41.14,0.32,8.97,36.41,0.0
1749682800,2025-06-11 23:00:00,2.0,74.52,0.0,0.06,41.07,0.32,9.12,36.81,0.0
1749686400,2025-06-12 00:00:00,2.0,74.4,0.0,0.06,40.94,0.32,9.33,37.52,0.0
1749690000,2025-06-12 01:00:00,2.0,74.47,0.0,0.06,40.96,0.33,9.65,38.63,0.0
1749693600,2025-06-12 02:00:00,2.0,74.74,0.0,0.07,40.95,0.33,9.95,39.71,0.0
1749697200,2025-06-12 03:00:00,2.0,75.19,0.0,0.07,40.9,0.34,10.2,40.48,0.0
1749700800,2025-06-12 04:00:00,2.0,75.29,0.01,0.06,40.86,0.34,10.32,40.79,0.0
1749704400,2025-06-12 05:00:00,2.0,75.73,0.01,0.05,40.97,0.33,10.33,40.68,0.01
1749708000,2025-06-12 06:00:00,2.0,75.97,0.01,0.05,41.13,0.32,10.25,40.19,0.01
1749711600,2025-06-12 07:00:00,2.0,76.27,0.01,0.04,41.09,0.31,10.11,39.73,0.01
1749715200,2025-06-12 08:00:00,2.0,76.05,0.01,0.04,40.0,0.31,9.91,39.4,0.01
1749718800,2025-06-12 09:00:00,2.0,75.38,0.01,0.04,38.15,0.32,9.61,39.0,0.0
1749722400,2025-06-12 10:00:00,2.0,74.72,0.01,0.04,36.57,0.33,9.29,38.76,0.0
1749726000,2025-06-12 11:00:00,2.0,74.0,0.01,0.04,35.52,0.34,8.96,38.28,0.0
1749729600,2025-06-12 12:00:00,2.0,73.68,0.01,0.04,35.44,0.34,8.68,37.74,0.0
1749733200,2025-06-12 13:00:00,2.0,74.05,0.01,0.04,36.43,0.34,8.55,37.48,0.0
1749736800,2025-06-12 14:00:00,2.0,74.51,0.0,0.06,37.71,0.35,8.54,37.54,0.0
1749740400,2025-06-12 15:00:00,2.0,74.56,0.0,0.06,38.65,0.35,8.55,37.69,0.0
1749744000,2025-06-12 16:00:00,2.0,74.05,0.0,0.07,38.61,0.37,8.58,38.06,0.0
1749747600,2025-06-12 17:00:00,2.0,73.12,0.0,0.07,38.05,0.38,8.72,38.93,0.0
1749751200,2025-06-12 18:00:00,2.0,72.24,0.0,0.08,37.18,0.4,8.99,40.33,0.0
1749754800,2025-06-12 19:00:00,2.0,71.47,0.0,0.08,36.51,0.41,9.29,41.85,0.0
1749758400,2025-06-12 20:00:00,2.0,71.18,0.0,0.08,36.42,0.41,9.63,43.41,0.0
1749762000,2025-06-12 21:00:00,2.0,71.34,0.0,0.08,36.95,0.41,9.97,45.09,0.0
1749765600,2025-06-12 22:00:00,2.0,72.11,0.0,0.08,38.09,0.41,10.37,47.02,0.0
1749769200,2025-06-12 23:00:00,2.0,72.9,0.0,0.08,39.44,0.41,10.8,49.01,0.0
1749772800,2025-06-13 00:00:00,3.0,73.64,0.0,0.08,40.58,0.41,11.28,51.02,0.0
1749776400,2025-06-13 01:00:00,3.0,74.28,0.0,0.08,41.22,0.42,11.77,52.96,0.0
1749780000,2025-06-13 02:00:00,3.0,74.81,0.0,0.09,41.52,0.43,12.19,54.66,0.0
1749783600,2025-06-13 03:00:00,3.0,75.35,0.01,0.09,41.87,0.44,12.56,56.26,0.0
1749787200,2025-06-13 04:00:00,3.0,75.61,0.01,0.08,42.61,0.44,12.94,57.92,0.0
1749790800,2025-06-13 05:00:00,3.0,76.02,0.01,0.07,43.44,0.45,13.47,60.14,0.0
1749794400,2025-06-13 06:00:00,3.0,76.28,0.01,0.06,43.8,0.46,14.12,62.73,0.0
1749798000,2025-06-13 07:00:00,3.0,76.44,0.01,0.05,43.42,0.46,14.72,65.02,0.0
1749801600,2025-06-13 08:00:00,3.0,76.2,0.01,0.05,42.34,0.45,15.08,66.29,0.0
1749805200,2025-06-13 09:00:00,3.0,75.84,0.01,0.05,41.24,0.44,15.28,66.96,0.0
1749808800,2025-06-13 10:00:00,3.0,75.64,0.01,0.05,40.5,0.44,15.43,67.65,0.0
1749812400,2025-06-13 11:00:00,3.0,75.16,0.01,0.05,40.0,0.44,15.43,67.82,0.0
1749816000,2025-06-13 12:00:00,3.0,74.68,0.01,0.06,39.89,0.44,15.29,67.55,0.0
1749819600,2025-06-13 13:00:00,3.0,74.52,0.01,0.07,40.09,0.45,15.16,67.59,0.0
1749823200,2025-06-13 14:00:00,3.0,74.37,0.0,0.08,40.34,0.47,15.1,68.18,0.0
1749826800,2025-06-13 15:00:00,3.0,74.48,0.0,0.09,40.76,0.48,15.2,69.7,0.0
1749830400,2025-06-13 16:00:00,3.0,74.57,0.0,0.09,41.13,0.49,15.46,71.57,0.0
1749834000,2025-06-13 17:00:00,3.0,74.82,0.0,0.09,41.37,0.5,15.91,73.45,0.0
1749837600,2025-06-13 18:00:00,3.0,75.06,0.0,0.1,41.4,0.51,16.59,75.35,0.0
1749841200,2025-06-13 19:00:00,3.0,75.11,0.0,0.1,41.4,0.51,17.28,77.06,0.0
1749844800,2025-06-13 20:00:00,3.0,75.5,0.0,0.1,41.95,0.51,18.05,79.1,0.0
1749848400,2025-06-13 21:00:00,3.0,76.4,0.0,0.1,43.3,0.51,18.74,81.34,0.0
1749852000,2025-06-13 22:00:00,3.0,77.62,0.0,0.11,44.89,0.51,19.34,83.55,0.0
1749855600,2025-06-13 23:00:00,3.0,78.21,0.0,0.11,45.31,0.52,19.83,84.76,0.0
1749859200,2025-06-14 00:00:00,3.0,78.12,0.0,0.12,44.77,0.54,20.29,85.7,0.0
1749862800,2025-06-14 01:00:00,3.0,78.09,0.0,0.12,44.92,0.56,20.85,87.55,0.0
1749866400,2025-06-14 02:00:00,3.0,78.23,0.0,0.13,45.86,0.57,21.34,89.82,0.0
1749870000,2025-06-14 03:00:00,3.0,78.46,0.01,0.12,47.17,0.57,21.77,92.16,0.0
1749873600,2025-06-14 04:00:00,3.0,78.4,0.02,0.11,48.26,0.55,22.02,94.11,0.0
1749877200,2025-06-14 05:00:00,3.0,78.35,0.02,0.09,48.83,0.54,22.14,95.28,0.0
1749880800,2025-06-14 06:00:00,3.0,78.12,0.01,0.08,48.77,0.51,22.18,96.3,0.0
1749884400,2025-06-14 07:00:00,3.0,77.81,0.01,0.07,48.33,0.49,22.17,97.34,0.0
1749888000,2025-06-14 08:00:00,3.0,77.33,0.01,0.06,47.35,0.48,22.08,97.83,0.0
1749891600,2025-06-14 09:00:00,3.0,76.92,0.01,0.06,46.33,0.47,22.15,99.15,0.0
1749895200,2025-06-14 10:00:00,4.0,76.87,0.01,0.06,45.9,0.46,22.7,103.03,0.0
1749898800,2025-06-14 11:00:00,4.0,76.75,0.01,0.06,46.0,0.46,23.36,107.59,0.0
1749902400,2025-06-14 12:00:00,4.0,76.54,0.01,0.07,46.39,0.46,23.81,110.73,0.0
1749906000,2025-06-14 13:00:00,4.0,76.77,0.01,0.08,46.96,0.47,23.98,111.85,0.0
1749909600,2025-06-14 14:00:00,4.0,76.94,0.0,0.1,47.28,0.48,23.69,110.3,0.0
1749913200,2025-06-14 15:00:00,4.0,77.19,0.0,0.11,47.17,0.49,23.08,106.85,0.0
1749916800,2025-06-14 16:00:00,4.0,77.11,0.0,0.11,46.6,0.49,22.36,102.91,0.0
1749920400,2025-06-14 17:00:00,3.0,77.01,0.0,0.11,45.88,0.49,21.74,99.06,0.0
1749924000,2025-06-14 18:00:00,3.0,76.73,0.0,0.11,45.07,0.5,21.17,95.3,0.0
1749927600,2025-06-14 19:00:00,3.0,76.01,0.0,0.11,44.29,0.49,20.66,92.16,0.0
1749931200,2025-06-14 20:00:00,3.0,75.64,0.0,0.11,44.0,0.5,20.48,91.06,0.0
1749934800,2025-06-14 21:00:00,3.0,75.63,0.0,0.11,44.29,0.52,20.62,91.46,0.0
1749938400,2025-06-14 22:00:00,3.0,75.99,0.0,0.12,45.35,0.54,20.98,93.07,0.0
1749942000,2025-06-14 23:00:00,3.0,76.44,0.0,0.12,46.97,0.57,21.43,95.23,0.0
1749945600,2025-06-15 00:00:00,3.0,77.03,0.0,0.12,48.43,0.59,22.0,97.84,0.0
1749949200,2025-06-15 01:00:00,4.0,77.42,0.0,0.12,49.26,0.62,22.6,100.19,0.0
1749952800,2025-06-15 02:00:00,4.0,77.51,0.0,0.13,49.38,0.63,23.05,101.78,0.0
1749956400,2025-06-15 03:00:00,4.0,77.54,0.01,0.13,49.35,0.63,23.4,103.21,0.0
1749960000,2025-06-15 04:00:00,4.0,77.42,0.01,0.11,49.15,0.62,23.62,104.18,0.0
1749963600,2025-06-15 05:00:00,4.0,77.41,0.02,0.1,48.76,0.6,23.85,104.8,0.0
1749967200,2025-06-15 06:00:00,4.0,77.2,0.01,0.08,48.33,0.58,24.0,105.04,0.0
1749970800,2025-06-15 07:00:00,4.0,77.11,0.01,0.07,47.96,0.56,24.21,105.42,0.0
1749974400,2025-06-15 08:00:00,4.0,76.96,0.01,0.07,47.05,0.53,24.32,105.2,0.0
1749978000,2025-06-15 09:00:00,4.0,76.83,0.01,0.07,45.92,0.51,24.44,104.79,0.0
1749981600,2025-06-15 10:00:00,4.0,77.1,0.01,0.06,45.86,0.49,24.84,105.38,0.0
1749985200,2025-06-15 11:00:00,4.0,77.41,0.01,0.07,45.87,0.48,25.32,105.66,0.0
1749988800,2025-06-15 12:00:00,4.0,77.77,0.01,0.07,46.05,0.47,25.77,105.7,0.0
1749992400,2025-06-15 13:00:00,4.0,78.26,0.01,0.09,46.55,0.47,26.28,106.05,0.0
1749996000,2025-06-15 14:00:00,4.0,78.46,0.0,0.11,46.94,0.47,26.6,106.11,0.0
1749999600,2025-06-15 15:00:00,4.0,78.61,0.0,0.12,47.37,0.46,26.81,106.53,0.0
1750003200,2025-06-15 16:00:00,4.0,78.55,0.0,0.11,47.77,0.44,26.76,107.08,0.0
1750006800,2025-06-15 17:00:00,4.0,78.67,0.0,0.11,48.33,0.43,26.61,107.75,0.0
1750010400,2025-06-15 18:00:00,4.0,78.78,0.0,0.1,48.9,0.42,26.45,108.58,0.0
1750014000,2025-06-15 19:00:00,4.0,78.93,0.0,0.1,49.97,0.4,26.1,110.4,0.0
1750017600,2025-06-15 20:00:00,4.0,79.51,0.0,0.09,51.93,0.4,25.99,113.59,0.0
1750021200,2025-06-15 21:00:00,4.0,80.23,0.0,0.09,54.3,0.39,26.21,118.11,0.0
1750024800,2025-06-15 22:00:00,4.0,81.1,0.0,0.08,56.52,0.38,26.71,122.63,0.0
1750028400,2025-06-15 23:00:00,4.0,81.51,0.0,0.08,57.66,0.38,27.03,124.22,0.0
1750032000,2025-06-16 00:00:00,4.0,81.49,0.0,0.08,57.98,0.38,27.03,123.09,0.0
1750035600,2025-06-16 01:00:00,4.0,81.18,0.0,0.08,57.53,0.37,27.03,120.68,0.0
1750039200,2025-06-16 02:00:00,4.0,81.11,0.0,0.09,56.58,0.35,27.26,118.7,0.0
1750042800,2025-06-16 03:00:00,4.0,81.3,0.0,0.1,55.54,0.34,27.71,118.78,0.0
1750046400,2025-06-16 04:00:00,4.0,81.52,0.01,0.1,54.74,0.33,28.21,120.45,0.0
1750050000,2025-06-16 05:00:00,4.0,81.94,0.01,0.1,54.2,0.31,28.68,122.5,0.0
1750053600,2025-06-16 06:00:00,4.0,82.38,0.01,0.09,53.87,0.29,29.07,124.56,0.0
1750057200,2025-06-16 07:00:00,4.0,82.52,0.01,0.08,53.38,0.27,29.42,126.72,0.0
1750060800,2025-06-16 08:00:00,4.0,82.18,0.01,0.07,52.4,0.25,29.67,128.88,0.0
1750064400,2025-06-16 09:00:00,4.0,82.06,0.01,0.06,51.83,0.23,29.92,131.94,0.0
1750068000,2025-06-16 10:00:00,4.0,82.37,0.0,0.05,52.57,0.22,30.43,137.89,0.0
1750071600,2025-06-16 11:00:00,4.0,82.96,0.0,0.05,52.97,0.22,31.21,142.66,0.0
1750075200,2025-06-16 12:00:00,4.0,83.46,0.0,0.06,53.71,0.22,32.21,148.55,0.0
1750078800,2025-06-16 13:00:00,4.0,84.03,0.0,0.07,54.44,0.23,33.51,155.15,0.0
1750082400,2025-06-16 14:00:00,4.0,84.14,0.0,0.08,54.21,0.24,34.91,161.67,0.0
1750086000,2025-06-16 15:00:00,4.0,83.74,0.0,0.08,53.74,0.26,36.09,167.27,0.0
1750089600,2025-06-16 16:00:00,4.0,83.29,0.0,0.08,53.42,0.27,36.84,171.21,0.0
1750093200,2025-06-16 17:00:00,4.0,82.92,0.0,0.08,53.36,0.28,37.41,174.73,0.0
1750096800,2025-06-16 18:00:00,4.0,82.77,0.0,0.08,53.86,0.3,37.74,177.51,0.0
1750100400,2025-06-16 19:00:00,4.0,82.71,0.0,0.08,54.74,0.31,37.55,177.43,0.0
1750104000,2025-06-16 20:00:00,4.0,83.04,0.0,0.07,55.64,0.33,37.14,175.04,0.0
1750107600,2025-06-16 21:00:00,4.0,83.19,0.0,0.07,55.85,0.35,36.75,171.73,0.0
1750111200,2025-06-16 22:00:00,4.0,83.06,0.0,0.07,55.14,0.37,36.43,168.76,0.0
1750114800,2025-06-16 23:00:00,4.0,82.68,0.0,0.08,53.68,0.38,36.2,165.58,0.0
1750118400,2025-06-17 00:00:00,4.0,81.95,0.0,0.08,52.22,0.39,36.04,162.33,0.0
1750122000,2025-06-17 01:00:00,4.0,81.63,0.0,0.08,51.29,0.4,36.0,159.2,0.0
1750125600,2025-06-17 02:00:00,4.0,81.45,0.0,0.08,51.07,0.4,36.04,156.74,0.0
1750129200,2025-06-17 03:00:00,4.0,81.87,0.0,0.09,51.65,0.4,36.14,154.91,0.0
1750132800,2025-06-17 04:00:00,4.0,82.45,0.0,0.08,52.54,0.39,36.29,153.73,0.0
1750136400,2025-06-17 05:00:00,4.0,83.08,0.0,0.07,53.32,0.38,36.54,152.73,0.0
1750140000,2025-06-17 06:00:00,4.0,83.57,0.01,0.06,53.22,0.37,36.81,151.42,0.0
1750143600,2025-06-17 07:00:00,4.0,83.61,0.01,0.05,51.98,0.36,37.0,150.07,0.0
1750147200,2025-06-17 08:00:00,4.0,83.41,0.01,0.05,50.1,0.35,37.1,149.07,0.0
1750150800,2025-06-17 09:00:00,4.0,83.17,0.01,0.05,48.1,0.34,37.16,148.47,0.0
1750154400,2025-06-17 10:00:00,4.0,83.05,0.01,0.05,46.49,0.33,37.19,148.43,0.0
1750158000,2025-06-17 11:00:00,4.0,82.9,0.01,0.05,45.52,0.33,37.07,148.52,0.0
1750161600,2025-06-17 12:00:00,4.0,82.87,0.0,0.05,45.35,0.34,36.66,148.55,0.0
1750165200,2025-06-17 13:00:00,4.0,83.16,0.0,0.06,45.78,0.35,36.08,149.44,0.0
1750168800,2025-06-17 14:00:00,4.0,83.15,0.0,0.07,46.27,0.36,35.27,150.25,0.0
1750172400,2025-06-17 15:00:00,4.0,82.84,0.0,0.08,46.71,0.38,34.43,150.36,0.0
1750176000,2025-06-17 16:00:00,4.0,82.56,0.0,0.08,47.33,0.39,33.62,149.4,0.0
1750179600,2025-06-17 17:00:00,4.0,82.48,0.0,0.08,48.06,0.41,33.04,147.83,0.0
1750183200,2025-06-17 18:00:00,4.0,82.16,0.0,0.08,48.6,0.43,32.74,146.21,0.0
1750186800,2025-06-17 19:00:00,4.0,81.77,0.0,0.08,49.4,0.45,32.73,145.18,0.0
1750190400,2025-06-17 20:00:00,4.0,81.97,0.0,0.08,50.7,0.46,33.17,145.38,0.0
1750194000,2025-06-17 21:00:00,4.0,82.2,0.0,0.08,51.98,0.47,33.96,146.17,0.0
1750197600,2025-06-17 22:00:00,4.0,82.34,0.0,0.08,52.3,0.48,34.87,147.09,0.0
1750201200,2025-06-17 23:00:00,4.0,82.09,0.0,0.08,51.59,0.49,35.62,147.16,0.0
1750204800,2025-06-18 00:00:00,4.0,81.55,0.0,0.08,50.77,0.5,36.05,146.73,0.0
1750208400,2025-06-18 01:00:00,4.0,81.37,0.0,0.08,50.71,0.49,36.09,145.69,0.0
1750212000,2025-06-18 02:00:00,4.0,81.61,0.0,0.09,51.99,0.48,35.67,143.72,0.0
1750215600,2025-06-18 03:00:00,4.0,81.85,0.0,0.09,53.58,0.46,34.89,140.71,0.0
1750219200,2025-06-18 04:00:00,4.0,81.6,0.0,0.08,54.58,0.45,33.55,135.79,0.0
1750222800,2025-06-18 05:00:00,4.0,81.2,0.01,0.07,55.01,0.44,32.03,130.51,0.0
1750226400,2025-06-18 06:00:00,4.0,80.66,0.01,0.06,54.57,0.42,30.27,125.5,0.0
1750230000,2025-06-18 07:00:00,4.0,79.56,0.01,0.05,52.84,0.42,28.88,123.12,0.0
1750233600,2025-06-18 08:00:00,4.0,78.12,0.01,0.05,50.09,0.42,28.0,123.24,0.0
1750237200,2025-06-18 09:00:00,4.0,76.99,0.01,0.05,47.83,0.43,27.32,123.09,0.0
1750240800,2025-06-18 10:00:00,4.0,77.5,0.01,0.05,47.84,0.43,26.19,119.28,0.0
1750244400,2025-06-18 11:00:00,4.0,79.36,0.01,0.04,50.42,0.41,24.36,110.87,0.0
1750248000,2025-06-18 12:00:00,3.0,81.56,0.01,0.05,53.88,0.4,22.03,99.71,0.0
1750251600,2025-06-18 13:00:00,3.0,82.62,0.0,0.05,55.55,0.39,19.98,90.31,0.0
1750255200,2025-06-18 14:00:00,3.0,81.82,0.0,0.07,54.19,0.39,18.7,84.68,0.0
1750258800,2025-06-18 15:00:00,3.0,80.28,0.0,0.08,51.29,0.41,18.21,82.6,0.0
1750262400,2025-06-18 16:00:00,3.0,79.59,0.0,0.08,49.49,0.42,17.98,81.17,0.0
1750266000,2025-06-18 17:00:00,3.0,79.94,0.0,0.08,49.69,0.42,18.0,80.53,0.0
1750269600,2025-06-18 18:00:00,3.0,80.25,0.0,0.08,50.39,0.44,18.78,83.17,0.0
1750273200,2025-06-18 19:00:00,3.0,79.77,0.0,0.08,49.98,0.46,20.41,89.62,0.0
1750276800,2025-06-18 20:00:00,3.0,78.78,0.0,0.09,48.9,0.46,21.9,95.81,0.0
1750280400,2025-06-18 21:00:00,3.0,78.25,0.0,0.09,48.55,0.46,22.5,98.45,0.0
1750284000,2025-06-18 22:00:00,3.0,78.32,0.0,0.08,49.16,0.45,22.29,97.9,0.0
1750287600,2025-06-18 23:00:00,3.0,78.3,0.0,0.08,49.85,0.45,21.82,96.6,0.0
1750291200,2025-06-19 00:00:00,3.0,77.64,0.0,0.08,49.67,0.45,21.5,96.3,0.0
1750294800,2025-06-19 01:00:00,3.0,76.91,0.0,0.08,49.37,0.46,21.16,95.83,0.0
1750298400,2025-06-19 02:00:00,3.0,76.83,0.0,0.08,49.96,0.46,20.52,93.54,0.0
1750302000,2025-06-19 03:00:00,3.0,77.35,0.0,0.08,51.53,0.45,19.75,89.47,0.0
1750305600,2025-06-19 04:00:00,3.0,77.84,0.01,0.07,52.97,0.44,19.23,86.23,0.0
1750309200,2025-06-19 05:00:00,3.0,78.04,0.01,0.06,53.56,0.44,19.17,85.16,0.0
1750312800,2025-06-19 06:00:00,3.0,77.7,0.01,0.05,52.83,0.44,19.46,86.23,0.0
1750316400,2025-06-19 07:00:00,3.0,77.25,0.01,0.05,51.51,0.45,19.88,89.12,0.0
1750320000,2025-06-19 08:00:00,3.0,76.65,0.01,0.05,49.98,0.45,20.11,91.51,0.0
1750323600,2025-06-19 09:00:00,3.0,76.15,0.01,0.04,48.45,0.45,20.14,92.23,0.0
1750327200,2025-06-19 10:00:00,3.0,76.11,0.01,0.04,47.51,0.46,20.07,91.7,0.0
1750330800,2025-06-19 11:00:00,3.0,76.57,0.01,0.05,47.39,0.46,19.82,89.88,0.0
1750334400,2025-06-19 12:00:00,3.0,77.21,0.01,0.05,48.04,0.45,19.53,87.34,0.0
1750338000,2025-06-19 13:00:00,3.0,78.09,0.0,0.06,48.94,0.45,19.19,84.58,0.0
1750341600,2025-06-19 14:00:00,3.0,78.69,0.0,0.07,49.29,0.46,19.07,83.14,0.0
1750345200,2025-06-19 15:00:00,3.0,79.15,0.0,0.08,49.44,0.47,19.41,83.71,0.0
1750348800,2025-06-19 16:00:00,3.0,79.99,0.0,0.09,50.16,0.48,20.13,85.38,0.0
1750352400,2025-06-19 17:00:00,3.0,81.3,0.0,0.09,51.81,0.47,21.04,86.88,0.0
1750356000,2025-06-19 18:00:00,3.0,81.9,0.0,0.09,52.82,0.47,22.34,89.8,0.0
1750359600,2025-06-19 19:00:00,3.0,81.03,0.0,0.09,51.83,0.48,24.05,95.45,0.0
1750363200,2025-06-19 20:00:00,4.0,79.09,0.0,0.1,49.86,0.49,25.78,102.99,0.0
1750366800,2025-06-19 21:00:00,4.0,77.53,0.0,0.1,48.61,0.5,26.76,108.76,0.0
1750370400,2025-06-19 22:00:00,4.0,77.01,0.0,0.1,48.97,0.5,26.93,111.33,0.0
1750374000,2025-06-19 23:00:00,4.0,77.02,0.0,0.09,50.16,0.49,26.81,112.56,0.0
1750377600,2025-06-20 00:00:00,4.0,76.97,0.0,0.09,50.94,0.5,27.0,115.22,0.0
1750381200,2025-06-20 01:00:00,4.0,76.43,0.0,0.09,50.63,0.51,27.57,118.41,0.0
1750384800,2025-06-20 02:00:00,4.0,75.88,0.0,0.09,49.9,0.52,28.12,121.64,0.0
1750388400,2025-06-20 03:00:00,4.0,75.93,0.0,0.08,49.67,0.52,28.3,123.05,0.0
1750392000,2025-06-20 04:00:00,4.0,76.49,0.01,0.08,50.53,0.51,27.91,121.98,0.0
1750395600,2025-06-20 05:00:00,4.0,77.53,0.01,0.07,52.05,0.49,27.5,120.06,0.0
1750399200,2025-06-20 06:00:00,4.0,78.54,0.01,0.06,52.98,0.48,27.3,119.29,0.0
1750402800,2025-06-20 07:00:00,4.0,78.99,0.01,0.05,52.77,0.48,27.42,120.81,0.0
1750406400,2025-06-20 08:00:00,4.0,79.19,0.01,0.05,51.85,0.48,27.64,123.09,0.0
1750410000,2025-06-20 09:00:00,4.0,79.64,0.01,0.04,51.33,0.47,27.43,123.06,0.0
1750413600,2025-06-20 10:00:00,4.0,80.86,0.01,0.04,51.94,0.46,26.64,119.27,0.0
1750417200,2025-06-20 11:00:00,4.0,82.31,0.01,0.04,53.35,0.45,25.51,113.06,0.0
1750420800,2025-06-20 12:00:00,4.0,83.52,0.01,0.04,54.55,0.44,24.85,108.6,0.0
1750424400,2025-06-20 13:00:00,4.0,83.78,0.0,0.05,54.77,0.45,25.09,108.38,0.0
1750428000,2025-06-20 14:00:00,4.0,83.25,0.0,0.07,54.15,0.46,25.81,110.64,0.0
1750431600,2025-06-20 15:00:00,4.0,83.03,0.0,0.08,54.1,0.48,26.22,112.01,0.0
1750435200,2025-06-20 16:00:00,4.0,83.59,0.0,0.08,55.16,0.48,26.08,110.87,0.0
1750438800,2025-06-20 17:00:00,4.0,84.59,0.0,0.08,56.62,0.49,26.15,110.33,0.0
1750442400,2025-06-20 18:00:00,4.0,84.67,0.0,0.08,57.07,0.49,26.9,112.44,0.0
1750446000,2025-06-20 19:00:00,4.0,83.37,0.0,0.08,55.95,0.5,27.95,116.55,0.0
1750449600,2025-06-20 20:00:00,4.0,81.46,0.0,0.09,54.26,0.51,28.88,121.23,0.0
1750453200,2025-06-20 21:00:00,4.0,79.73,0.0,0.09,52.92,0.52,29.43,125.36,0.0
1750456800,2025-06-20 22:00:00,4.0,78.7,0.0,0.09,52.48,0.52,29.66,128.5,0.0
1750460400,2025-06-20 23:00:00,4.0,78.28,0.0,0.09,52.53,0.52,29.69,130.68,0.0
1750464000,2025-06-21 00:00:00,4.0,77.92,0.0,0.09,52.48,0.52,29.25,130.81,0.0
1750467600,2025-06-21 01:00:00,4.0,77.36,0.0,0.09,52.19,0.52,28.8,130.79,0.0
1750471200,2025-06-21 02:00:00,4.0,76.9,0.0,0.09,51.94,0.52,28.03,129.13,0.0
1750474800,2025-06-21 03:00:00,4.0,76.6,0.0,0.09,51.99,0.52,26.63,124.51,0.0
1750478400,2025-06-21 04:00:00,4.0,76.22,0.0,0.09,52.02,0.51,25.15,118.79,0.0
1750482000,2025-06-21 05:00:00,4.0,75.74,0.0,0.09,51.57,0.51,24.16,115.02,0.0
1750485600,2025-06-21 06:00:00,4.0,75.0,0.01,0.08,50.43,0.52,23.69,113.63,0.0
1750489200,2025-06-21 07:00:00,4.0,74.22,0.01,0.07,49.28,0.53,23.49,113.25,0.0
1750492800,2025-06-21 08:00:00,4.0,74.04,0.01,0.07,49.0,0.52,23.83,115.03,0.0
1750496400,2025-06-21 09:00:00,4.0,74.67,0.01,0.07,49.66,0.52,23.67,113.86,0.0
1750500000,2025-06-21 10:00:00,4.0,75.85,0.01,0.06,50.71,0.51,23.27,111.4,0.0
1750503600,2025-06-21 11:00:00,4.0,76.53,0.01,0.07,51.35,0.5,23.16,110.11,0.0
1750507200,2025-06-21 12:00:00,4.0,76.73,0.0,0.07,51.6,0.5,23.37,110.28,0.0
1750510800,2025-06-21 13:00:00,4.0,77.41,0.0,0.08,52.27,0.49,23.73,110.78,0.0
1750514400,2025-06-21 14:00:00,4.0,78.46,0.0,0.08,53.24,0.48,24.08,110.97,0.0
1750518000,2025-06-21 15:00:00,4.0,79.77,0.0,0.09,54.21,0.48,24.59,111.95,0.0
1750521600,2025-06-21 16:00:00,4.0,80.54,0.0,0.08,54.66,0.48,25.39,114.73,0.0
1750525200,2025-06-21 17:00:00,4.0,80.84,0.0,0.08,54.73,0.49,26.62,120.18,0.0
1750528800,2025-06-21 18:00:00,4.0,80.74,0.0,0.08,54.62,0.5,28.33,128.6,0.0
1750532400,2025-06-21 19:00:00,4.0,80.67,0.0,0.08,54.68,0.5,30.41,139.57,0.0
1750536000,2025-06-21 20:00:00,4.0,81.12,0.0,0.08,55.51,0.49,32.8,152.22,0.0
1750539600,2025-06-21 21:00:00,4.0,81.62,0.0,0.08,56.49,0.49,34.97,164.31,0.0
1750543200,2025-06-21 22:00:00,4.0,81.5,0.0,0.08,56.97,0.49,36.4,173.31,0.0
1750546800,2025-06-21 23:00:00,4.0,80.92,0.0,0.07,56.72,0.49,36.52,176.15,0.0
1750550400,2025-06-22 00:00:00,4.0,79.74,0.0,0.07,55.81,0.49,35.16,171.36,0.0
1750554000,2025-06-22 01:00:00,4.0,78.63,0.0,0.08,54.85,0.48,33.69,165.06,0.0
1750557600,2025-06-22 02:00:00,4.0,77.49,0.0,0.08,53.83,0.48,32.11,157.21,0.0
1750561200,2025-06-22 03:00:00,4.0,76.95,0.0,0.09,53.37,0.48,30.7,149.09,0.0
1750564800,2025-06-22 04:00:00,4.0,77.35,0.0,0.09,53.8,0.48,29.83,143.58,0.0
1750568400,2025-06-22 05:00:00,4.0,78.39,0.0,0.09,54.76,0.47,29.62,141.4,0.0
1750572000,2025-06-22 06:00:00,4.0,79.25,0.0,0.08,55.6,0.46,29.77,141.45,0.0
1750575600,2025-06-22 07:00:00,4.0,79.38,0.0,0.08,55.66,0.45,30.07,142.78,0.0
1750579200,2025-06-22 08:00:00,4.0,78.93,0.0,0.07,55.19,0.46,30.35,144.39,0.0
1750582800,2025-06-22 09:00:00,4.0,78.79,0.0,0.07,54.87,0.46,30.46,144.85,0.0
1750586400,2025-06-22 10:00:00,4.0,79.66,0.0,0.08,55.72,0.46,30.5,144.28,0.0
1750590000,2025-06-22 11:00:00,4.0,80.69,0.0,0.08,56.88,0.46,30.37,142.83,0.0
1750593600,2025-06-22 12:00:00,4.0,80.78,0.0,0.09,56.59,0.45,30.29,142.17,0.0
1750597200,2025-06-22 13:00:00,4.0,79.61,0.0,0.09,54.54,0.46,30.04,141.26,0.0
1750600800,2025-06-22 14:00:00,4.0,77.74,0.0,0.1,51.29,0.48,29.42,138.57,0.0
1750604400,2025-06-22 15:00:00,4.0,77.24,0.0,0.1,49.62,0.51,29.05,136.01,0.0
1750608000,2025-06-22 16:00:00,4.0,78.61,0.0,0.09,50.29,0.52,29.27,135.22,0.0
1750611600,2025-06-22 17:00:00,4.0,80.35,0.0,0.09,51.79,0.51,30.15,137.01,0.0
1750615200,2025-06-22 18:00:00,4.0,81.3,0.0,0.09,52.66,0.51,31.27,140.12,0.0
1750618800,2025-06-22 19:00:00,4.0,81.27,0.0,0.1,52.55,0.5,32.22,142.62,0.0
1750622400,2025-06-22 20:00:00,4.0,80.49,0.0,0.1,51.8,0.5,33.16,145.58,0.0
1750626000,2025-06-22 21:00:00,4.0,79.2,0.0,0.1,50.37,0.51,33.58,146.9,0.0
1750629600,2025-06-22 22:00:00,4.0,78.16,0.0,0.1,49.51,0.52,33.85,147.8,0.0
1750633200,2025-06-22 23:00:00,4.0,78.11,0.0,0.1,49.7,0.52,34.16,149.05,0.0
1750636800,2025-06-23 00:00:00,4.0,78.58,0.0,0.09,50.66,0.51,34.45,150.47,0.0
1750640400,2025-06-23 01:00:00,4.0,78.78,0.0,0.09,51.4,0.5,34.48,150.57,0.0
1750644000,2025-06-23 02:00:00,4.0,78.67,0.0,0.1,51.5,0.51,34.17,149.08,0.0
1750647600,2025-06-23 03:00:00,4.0,78.64,0.0,0.09,51.86,0.51,33.97,148.5,0.0
1750651200,2025-06-23 04:00:00,4.0,79.95,0.01,0.09,53.88,0.51,34.29,151.06,0.0
1750654800,2025-06-23 05:00:00,4.0,81.91,0.01,0.08,56.47,0.5,34.84,154.49,0.0
1750658400,2025-06-23 06:00:00,4.0,82.9,0.01,0.07,57.64,0.5,34.99,155.69,0.0
1750662000,2025-06-23 07:00:00,4.0,82.31,0.01,0.07,56.43,0.5,34.64,154.66,0.0
1750665600,2025-06-23 08:00:00,4.0,80.85,0.01,0.06,53.86,0.5,33.95,152.48,0.0
1750669200,2025-06-23 09:00:00,4.0,79.65,0.01,0.06,51.55,0.5,33.41,151.11,0.0
1750672800,2025-06-23 10:00:00,4.0,79.53,0.01,0.06,50.84,0.49,33.38,151.63,0.0
1750676400,2025-06-23 11:00:00,4.0,80.53,0.01,0.06,52.18,0.48,33.7,152.53,0.0
1750680000,2025-06-23 12:00:00,4.0,82.21,0.01,0.07,54.71,0.48,33.87,151.62,0.0
1750683600,2025-06-23 13:00:00,4.0,82.81,0.0,0.08,55.7,0.48,33.41,148.13,0.0
1750687200,2025-06-23 14:00:00,4.0,81.14,0.0,0.09,53.53,0.5,32.22,142.4,0.0
1750690800,2025-06-23 15:00:00,4.0,78.3,0.0,0.1,49.63,0.54,31.06,137.95,0.0
1750694400,2025-06-23 16:00:00,4.0,76.38,0.0,0.11,46.87,0.56,30.62,136.56,0.0
1750698000,2025-06-23 17:00:00,4.0,76.22,0.0,0.11,46.65,0.57,30.82,137.16,0.0
1750701600,2025-06-23 18:00:00,4.0,76.91,0.0,0.12,47.57,0.57,31.53,138.59,0.0
1750705200,2025-06-23 19:00:00,4.0,77.35,0.0,0.12,48.36,0.57,32.3,140.28,0.0
1750708800,2025-06-23 20:00:00,4.0,77.51,0.0,0.12,48.74,0.57,32.94,142.26,0.0
1750712400,2025-06-23 21:00:00,4.0,77.82,0.0,0.12,49.31,0.56,33.1,142.7,0.0
1750716000,2025-06-23 22:00:00,4.0,78.81,0.0,0.12,50.97,0.54,32.64,140.9,0.0
1750719600,2025-06-23 23:00:00,4.0,80.15,0.0,0.11,53.38,0.51,32.06,138.53,0.0
1750723200,2025-06-24 00:00:00,4.0,81.6,0.0,0.11,55.5,0.5,31.47,136.12,0.0
1750726800,2025-06-24 01:00:00,4.0,82.57,0.0,0.1,56.99,0.49,30.62,132.54,0.0
1750730400,2025-06-24 02:00:00,4.0,82.98,0.0,0.11,57.81,0.49,30.11,130.74,0.0
1750734000,2025-06-24 03:00:00,4.0,82.87,0.0,0.11,57.79,0.49,30.36,132.02,0.0
1750737600,2025-06-24 04:00:00,4.0,82.43,0.01,0.1,57.18,0.5,30.84,133.88,0.0
1750741200,2025-06-24 05:00:00,4.0,81.87,0.01,0.09,56.36,0.5,31.23,135.33,0.0
1750744800,2025-06-24 06:00:00,4.0,81.49,0.01,0.07,55.56,0.5,31.73,137.6,0.0
1750748400,2025-06-24 07:00:00,4.0,80.83,0.01,0.06,54.2,0.49,32.4,141.28,0.0
1750752000,2025-06-24 08:00:00,4.0,79.91,0.01,0.06,52.19,0.49,33.02,145.23,0.0
1750755600,2025-06-24 09:00:00,4.0,79.22,0.01,0.05,50.19,0.49,33.31,147.66,0.0
1750759200,2025-06-24 10:00:00,4.0,79.1,0.01,0.05,49.03,0.5,33.36,148.67,0.0
1750762800,2025-06-24 11:00:00,4.0,79.45,0.01,0.05,48.97,0.5,33.0,146.95,0.0
1750766400,2025-06-24 12:00:00,4.0,80.0,0.01,0.06,49.65,0.5,32.59,144.17,0.0
1750770000,2025-06-24 13:00:00,4.0,80.96,0.01,0.07,50.47,0.51,32.56,142.38,0.0
1750773600,2025-06-24 14:00:00,4.0,81.43,0.0,0.09,50.93,0.52,32.89,142.09,0.0
1750777200,2025-06-24 15:00:00,4.0,81.71,0.0,0.1,51.18,0.53,33.45,142.48,0.0
1750780800,2025-06-24 16:00:00,4.0,81.83,0.0,0.1,51.41,0.54,34.07,142.48,0.0
1750784400,2025-06-24 17:00:00,4.0,81.81,0.0,0.1,51.73,0.56,34.94,143.26,0.0
1750788000,2025-06-24 18:00:00,4.0,82.04,0.0,0.1,52.31,0.58,36.19,145.26,0.0
1750791600,2025-06-24 19:00:00,4.0,82.58,0.0,0.1,53.56,0.59,37.65,148.19,0.0
1750795200,2025-06-24 20:00:00,4.0,83.76,0.0,0.1,55.57,0.6,39.03,150.99,0.0
1750798800,2025-06-24 21:00:00,4.0,85.25,0.0,0.1,58.08,0.6,40.09,152.72,0.0
1750802400,2025-06-24 22:00:00,4.0,87.26,0.0,0.1,61.51,0.6,40.85,153.11,0.0
1750806000,2025-06-24 23:00:00,4.0,89.61,0.0,0.09,65.36,0.61,41.78,154.26,0.0
1750809600,2025-06-25 00:00:00,4.0,91.61,0.0,0.09,68.64,0.62,42.76,156.12,0.0
1750813200,2025-06-25 01:00:00,4.0,93.51,0.0,0.09,71.71,0.63,43.56,157.92,0.0
1750816800,2025-06-25 02:00:00,4.0,95.16,0.0,0.1,73.84,0.64,44.08,158.88,0.0
1750820400,2025-06-25 03:00:00,4.0,96.33,0.0,0.1,75.18,0.65,44.24,159.31,0.0
1750824000,2025-06-25 04:00:00,4.0,96.56,0.01,0.08,75.24,0.65,43.88,158.99,0.0
1750827600,2025-06-25 05:00:00,4.0,96.43,0.01,0.07,74.62,0.64,43.3,158.94,0.0
1750831200,2025-06-25 06:00:00,4.0,96.25,0.01,0.07,73.69,0.63,42.49,158.84,0.0
1750834800,2025-06-25 07:00:00,4.0,95.96,0.0,0.07,72.75,0.62,41.49,158.52,0.0
1750838400,2025-06-25 08:00:00,4.0,95.38,0.0,0.07,71.63,0.61,40.45,158.36,0.0
1750842000,2025-06-25 09:00:00,4.0,94.44,0.0,0.08,70.14,0.59,39.44,158.29,0.0
1750845600,2025-06-25 10:00:00,4.0,93.64,0.0,0.09,68.56,0.58,38.72,159.23,0.0
1750849200,2025-06-25 11:00:00,4.0,92.43,0.0,0.1,66.52,0.56,37.99,160.34,0.0
1750852800,2025-06-25 12:00:00,4.0,90.84,0.0,0.1,64.19,0.55,37.41,161.78,0.0
1750856400,2025-06-25 13:00:00,4.0,89.55,0.0,0.11,61.98,0.53,37.07,164.12,0.0
1750860000,2025-06-25 14:00:00,4.0,88.73,0.0,0.11,60.45,0.52,37.01,167.12,0.0
1750863600,2025-06-25 15:00:00,4.0,88.53,0.0,0.11,59.69,0.51,37.05,170.73,0.0
1750867200,2025-06-25 16:00:00,4.0,88.5,0.0,0.1,59.4,0.5,37.45,175.96,0.0
1750870800,2025-06-25 17:00:00,4.0,88.63,0.0,0.1,59.06,0.49,37.53,178.9,0.0
1750874400,2025-06-25 18:00:00,4.0,88.82,0.0,0.09,58.5,0.49,37.9,182.5,0.0
1750878000,2025-06-25 19:00:00,4.0,88.7,0.0,0.09,57.93,0.48,38.11,184.85,0.0
1750881600,2025-06-25 20:00:00,4.0,89.03,0.0,0.08,58.05,0.46,38.27,186.76,0.0
1750885200,2025-06-25 21:00:00,4.0,89.4,0.0,0.08,58.78,0.45,38.68,190.27,0.0
1750888800,2025-06-25 22:00:00,4.0,90.2,0.0,0.08,60.37,0.44,39.8,196.87,0.0
1750892400,2025-06-25 23:00:00,5.0,91.01,0.0,0.07,62.19,0.43,41.6,205.96,0.0
1750896000,2025-06-26 00:00:00,5.0,91.65,0.0,0.07,63.72,0.42,43.63,215.1,0.0
1750899600,2025-06-26 01:00:00,5.0,92.19,0.0,0.07,64.87,0.41,45.46,221.07,0.0
1750903200,2025-06-26 02:00:00,5.0,92.22,0.0,0.08,64.96,0.41,46.84,222.7,0.0
1750906800,2025-06-26 03:00:00,5.0,92.13,0.0,0.09,64.9,0.4,47.82,222.78,0.0
1750910400,2025-06-26 04:00:00,5.0,91.94,0.0,0.09,64.34,0.39,48.41,221.79,0.0
1750914000,2025-06-26 05:00:00,5.0,91.66,0.0,0.08,63.61,0.37,48.6,220.35,0.0
1750917600,2025-06-26 06:00:00,5.0,91.18,0.0,0.08,62.97,0.36,48.28,217.68,0.0
1750921200,2025-06-26 07:00:00,5.0,90.75,0.0,0.07,62.31,0.34,47.78,214.65,0.0
1750924800,2025-06-26 08:00:00,5.0,90.48,0.0,0.07,61.87,0.32,47.12,206.12,0.0
1750928400,2025-06-26 09:00:00,4.0,90.59,0.01,0.07,62.05,0.31,45.97,193.96,0.0
1750932000,2025-06-26 10:00:00,4.0,90.65,0.01,0.06,61.94,0.3,44.93,182.61,0.0
1750935600,2025-06-26 11:00:00,4.0,89.96,0.01,0.07,60.91,0.3,44.13,173.18,0.0
1750939200,2025-06-26 12:00:00,4.0,88.99,0.0,0.08,59.59,0.32,43.5,167.67,0.0
1750942800,2025-06-26 13:00:00,4.0,88.12,0.0,0.1,58.7,0.33,42.7,165.6,0.0
1750946400,2025-06-26 14:00:00,4.0,87.02,0.0,0.12,57.87,0.35,41.77,166.33,0.0
1750950000,2025-06-26 15:00:00,4.0,85.75,0.0,0.12,56.64,0.36,40.76,168.64,0.0
1750953600,2025-06-26 16:00:00,4.0,84.7,0.0,0.12,55.55,0.37,39.62,170.96,0.0
1750957200,2025-06-26 17:00:00,4.0,84.0,0.0,0.12,54.51,0.39,38.86,175.01,0.0
1750960800,2025-06-26 18:00:00,4.0,83.52,0.0,0.12,53.6,0.4,38.84,183.57,0.0
1750964400,2025-06-26 19:00:00,4.0,83.12,0.0,0.12,52.94,0.41,39.72,197.32,0.0
1750968000,2025-06-26 20:00:00,5.0,83.0,0.0,0.12,52.55,0.42,41.61,216.59,0.0
1750971600,2025-06-26 21:00:00,5.0,82.92,0.0,0.13,52.3,0.43,44.31,240.96,0.0
1750975200,2025-06-26 22:00:00,5.0,83.04,0.0,0.13,52.34,0.44,47.81,273.43,0.0
1750978800,2025-06-26 23:00:00,5.0,83.08,0.0,0.13,52.39,0.45,51.38,309.01,0.0
1750982400,2025-06-27 00:00:00,5.0,83.03,0.0,0.13,52.12,0.46,54.1,337.26,0.0
1750986000,2025-06-27 01:00:00,5.0,83.05,0.0,0.13,51.97,0.46,52.87,302.11,0.02
1750989600,2025-06-27 02:00:00,5.0,83.49,0.0,0.13,52.79,0.4,50.24,247.75,0.02
1750993200,2025-06-27 03:00:00,1.0,84.31,0.0,0.14,54.1,0.35,0.0,0.0,0.03
1750996800,2025-06-27 04:00:00,4.0,85.23,0.0,0.14,54.53,0.31,45.5,180.48,0.07
1751000400,2025-06-27 05:00:00,4.0,86.12,0.0,0.15,54.16,0.29,43.11,161.86,0.13
1751004000,2025-06-27 06:00:00,4.0,87.08,0.01,0.14,54.12,0.28,41.86,153.97,0.2
1751007600,2025-06-27 07:00:00,4.0,87.64,0.01,0.12,54.09,0.27,42.28,157.43,0.22
1751011200,2025-06-27 08:00:00,4.0,88.03,0.01,0.12,53.95,0.26,43.59,168.43,0.21
1751014800,2025-06-27 09:00:00,4.0,87.94,0.01,0.11,54.29,0.24,44.93,181.95,0.19
1751018400,2025-06-27 10:00:00,4.0,88.22,0.0,0.1,56.45,0.26,45.44,188.15,0.25
1751022000,2025-06-27 11:00:00,4.0,88.86,0.0,0.1,58.87,0.29,43.97,169.84,0.4
1751025600,2025-06-27 12:00:00,4.0,89.4,0.0,0.11,60.33,0.34,40.27,137.24,0.55
1751029200,2025-06-27 13:00:00,4.0,90.08,0.0,0.14,61.53,0.39,36.72,108.48,0.67
1751032800,2025-06-27 14:00:00,3.0,90.1,0.0,0.18,61.25,0.42,33.69,86.73,0.73
1751036400,2025-06-27 15:00:00,3.0,90.29,0.0,0.23,60.18,0.45,30.74,70.5,0.73
1751040000,2025-06-27 16:00:00,3.0,92.27,0.0,0.3,59.78,0.45,28.04,59.5,0.69
1751043600,2025-06-27 17:00:00,3.0,94.7,0.0,0.34,59.35,0.45,25.77,52.58,0.64
1751047200,2025-06-27 18:00:00,2.0,95.29,0.0,0.33,58.33,0.42,24.3,48.47,0.61
1751050800,2025-06-27 19:00:00,2.0,93.77,0.0,0.29,56.75,0.43,21.95,41.71,0.53
1751054400,2025-06-27 20:00:00,2.0,91.11,0.0,0.24,55.03,0.41,19.35,34.0,0.42
1751058000,2025-06-27 21:00:00,2.0,88.71,0.0,0.2,53.64,0.37,17.37,28.42,0.35
1751061600,2025-06-27 22:00:00,2.0,86.39,0.0,0.17,52.61,0.32,15.89,24.91,0.3
1751065200,2025-06-27 23:00:00,2.0,85.21,0.0,0.14,52.18,0.27,15.13,22.92,0.26
1751068800,2025-06-28 00:00:00,2.0,85.03,0.0,0.12,53.01,0.23,14.8,21.37,0.24
1751072400,2025-06-28 01:00:00,2.0,85.67,0.0,0.1,54.81,0.19,14.41,19.65,0.21
1751076000,2025-06-28 02:00:00,2.0,85.99,0.0,0.09,56.4,0.18,13.81,18.67,0.15
1751079600,2025-06-28 03:00:00,2.0,84.83,0.0,0.1,56.58,0.19,13.22,19.06,0.1
1751083200,2025-06-28 04:00:00,2.0,83.88,0.0,0.1,57.91,0.16,12.22,16.8,0.08
1751086800,2025-06-28 05:00:00,2.0,85.67,0.0,0.1,61.71,0.16,11.68,16.0,0.06
1751090400,2025-06-28 06:00:00,2.0,89.03,0.0,0.09,66.29,0.15,10.8,14.77,0.05
1751094000,2025-06-28 07:00:00,2.0,90.16,0.0,0.08,68.07,0.15,10.01,13.73,0.04
1751097600,2025-06-28 08:00:00,2.0,88.96,0.0,0.08,68.02,0.14,9.8,13.48,0.03
1751101200,2025-06-28 09:00:00,2.0,87.25,0.0,0.07,67.79,0.14,9.84,13.5,0.02
1751104800,2025-06-28 10:00:00,2.0,85.2,0.0,0.07,67.0,0.14,9.86,13.92,0.02
1751108400,2025-06-28 11:00:00,2.0,82.58,0.0,0.07,65.36,0.15,9.65,13.88,0.02
1751112000,2025-06-28 12:00:00,2.0,80.26,0.0,0.08,63.45,0.15,9.1,13.17,0.01
1751115600,2025-06-28 13:00:00,2.0,78.78,0.0,0.09,61.57,0.15,8.82,12.97,0.01
1751119200,2025-06-28 14:00:00,1.0,77.41,0.0,0.1,59.39,0.15,8.45,12.31,0.01
1751122800,2025-06-28 15:00:00,1.0,76.5,0.0,0.1,57.35,0.14,8.08,11.34,0.0
1751126400,2025-06-28 16:00:00,1.0,76.0,0.0,0.1,55.86,0.13,7.82,10.55,0.0
1751130000,2025-06-28 17:00:00,1.0,75.46,0.0,0.1,54.02,0.13,7.93,10.48,0.0
1751133600,2025-06-28 18:00:00,1.0,74.75,0.0,0.1,52.09,0.13,8.15,10.63,0.0
1751137200,2025-06-28 19:00:00,1.0,74.03,0.0,0.1,50.18,0.14,8.53,11.06,0.0
1751140800,2025-06-28 20:00:00,1.0,73.37,0.0,0.1,48.47,0.14,9.1,11.66,0.0
1751144400,2025-06-28 21:00:00,1.0,72.82,0.0,0.1,47.27,0.14,9.68,12.2,0.0
1751148000,2025-06-28 22:00:00,2.0,73.13,0.0,0.1,47.07,0.15,10.0,12.41,0.0
1751151600,2025-06-28 23:00:00,1.0,73.56,0.0,0.1,47.46,0.16,9.99,12.32,0.0
1751155200,2025-06-29 00:00:00,1.0,74.34,0.0,0.1,48.32,0.16,9.74,12.07,0.0
1751158800,2025-06-29 01:00:00,1.0,74.88,0.0,0.1,49.4,0.16,9.61,12.27,0.0
1751162400,2025-06-29 02:00:00,1.0,75.47,0.0,0.11,50.53,0.16,9.71,12.54,0.0
1751166000,2025-06-29 03:00:00,2.0,76.27,0.01,0.1,51.91,0.15,10.02,12.9,0.0
1751169600,2025-06-29 04:00:00,2.0,77.31,0.01,0.08,53.72,0.14,10.58,13.56,0.0
1751173200,2025-06-29 05:00:00,2.0,78.5,0.01,0.07,55.62,0.14,11.24,14.5,0.0
1751176800,2025-06-29 06:00:00,2.0,80.54,0.01,0.06,57.65,0.14,11.87,15.42,0.0
1751180400,2025-06-29 07:00:00,2.0,84.1,0.01,0.05,59.88,0.14,12.35,16.06,0.0
1751184000,2025-06-29 08:00:00,2.0,90.17,0.01,0.04,62.23,0.14,12.6,16.38,0.0
1751187600,2025-06-29 09:00:00,2.0,99.15,0.01,0.04,64.68,0.13,12.61,16.39,0.0
1751191200,2025-06-29 10:00:00,2.0,112.0,0.01,0.04,68.02,0.13,12.39,16.2,0.0
1751194800,2025-06-29 11:00:00,2.0,126.22,0.01,0.05,72.13,0.13,11.82,15.83,0.0
1751198400,2025-06-29 12:00:00,2.0,132.55,0.0,0.07,75.18,0.13,11.17,15.64,0.0
1751202000,2025-06-29 13:00:00,2.0,125.21,0.0,0.08,76.01,0.14,10.71,15.69,0.0
1751205600,2025-06-29 14:00:00,2.0,109.6,0.0,0.09,75.48,0.16,10.97,16.76,0.0
1751209200,2025-06-29 15:00:00,2.0,95.51,0.0,0.1,74.42,0.18,11.41,18.55,0.0
1751212800,2025-06-29 16:00:00,2.0,87.23,0.0,0.1,72.51,0.21,11.21,19.84,0.0
1751216400,2025-06-29 17:00:00,2.0,83.19,0.0,0.1,69.66,0.23,10.77,20.8,0.0
1751220000,2025-06-29 18:00:00,2.0,81.32,0.0,0.1,66.61,0.25,10.72,22.6,0.0
1751223600,2025-06-29 19:00:00,2.0,80.25,0.0,0.1,64.24,0.26,11.25,25.34,0.0
1751227200,2025-06-29 20:00:00,2.0,79.52,0.0,0.09,62.33,0.28,12.33,28.28,0.0
1751230800,2025-06-29 21:00:00,2.0,78.97,0.0,0.09,60.84,0.28,13.34,30.24,0.0
1751234400,2025-06-29 22:00:00,2.0,77.98,0.0,0.09,59.21,0.29,14.3,32.2,0.0
1751238000,2025-06-29 23:00:00,2.0,76.85,0.0,0.09,57.38,0.31,15.39,35.73,0.0
1751241600,2025-06-30 00:00:00,2.0,75.72,0.0,0.09,55.68,0.33,16.56,40.65,0.0
1751245200,2025-06-30 01:00:00,2.0,74.69,0.0,0.09,54.09,0.35,17.84,48.1,0.0
1751248800,2025-06-30 02:00:00,3.0,73.57,0.0,0.1,52.12,0.39,19.14,59.34,0.0
1751252400,2025-06-30 03:00:00,3.0,72.22,0.0,0.1,49.1,0.45,20.65,75.89,0.0
1751256000,2025-06-30 04:00:00,3.0,70.51,0.01,0.1,45.33,0.51,22.19,94.36,0.0
1751259600,2025-06-30 05:00:00,4.0,68.82,0.01,0.1,41.67,0.57,23.59,109.91,0.0
1751263200,2025-06-30 06:00:00,4.0,67.56,0.01,0.09,38.97,0.61,24.47,118.03,0.0
1751266800,2025-06-30 07:00:00,4.0,66.82,0.01,0.08,37.32,0.62,24.75,120.24,0.0
1751270400,2025-06-30 08:00:00,4.0,66.76,0.01,0.07,36.78,0.61,24.84,120.7,0.0
1751274000,2025-06-30 09:00:00,4.0,67.17,0.01,0.07,36.95,0.59,24.95,122.13,0.0
1751277600,2025-06-30 10:00:00,4.0,67.75,0.01,0.06,37.45,0.57,25.04,123.57,0.0
1751281200,2025-06-30 11:00:00,4.0,68.14,0.01,0.07,37.9,0.55,24.69,121.49,0.0
1751284800,2025-06-30 12:00:00,4.0,68.67,0.0,0.08,38.48,0.53,24.12,115.76,0.0
1751288400,2025-06-30 13:00:00,4.0,69.68,0.0,0.09,39.48,0.51,23.18,107.66,0.0
1751292000,2025-06-30 14:00:00,4.0,70.71,0.0,0.1,40.52,0.48,22.04,100.86,0.0
1751295600,2025-06-30 15:00:00,4.0,70.74,0.0,0.1,40.47,0.48,21.81,101.43,0.0
1751299200,2025-06-30 16:00:00,4.0,70.09,0.0,0.11,39.65,0.48,21.88,104.51,0.0
1751302800,2025-06-30 17:00:00,4.0,69.51,0.0,0.11,39.02,0.49,21.88,106.9,0.0
1751306400,2025-06-30 18:00:00,4.0,69.35,0.0,0.12,38.86,0.49,21.71,107.46,0.0
1751310000,2025-06-30 19:00:00,4.0,69.06,0.0,0.12,38.92,0.48,21.28,105.46,0.0
1751313600,2025-06-30 20:00:00,3.0,69.08,0.0,0.12,39.41,0.47,20.63,99.94,0.0
1751317200,2025-06-30 21:00:00,3.0,69.34,0.0,0.13,40.31,0.46,19.88,93.89,0.0
1751320800,2025-06-30 22:00:00,3.0,69.54,0.0,0.13,41.4,0.44,19.2,86.12,0.0
1751324400,2025-06-30 23:00:00,3.0,69.78,0.0,0.12,42.58,0.43,18.65,80.07,0.0
1751328000,2025-07-01 00:00:00,3.0,70.13,0.0,0.12,43.82,0.41,17.95,74.49,0.0
1751331600,2025-07-01 01:00:00,3.0,70.32,0.0,0.11,45.01,0.39,17.22,69.81,0.0
1751335200,2025-07-01 02:00:00,3.0,70.74,0.0,0.11,46.05,0.39,16.78,68.54,0.0
1751338800,2025-07-01 03:00:00,3.0,70.9,0.0,0.1,46.8,0.38,16.58,68.67,0.0
1751342400,2025-07-01 04:00:00,3.0,71.24,0.01,0.09,47.42,0.38,16.61,72.33,0.0
1751346000,2025-07-01 05:00:00,3.0,71.37,0.01,0.08,47.66,0.38,16.8,77.14,0.0
1751349600,2025-07-01 06:00:00,3.0,71.61,0.01,0.07,47.42,0.38,17.04,80.1,0.0
1751353200,2025-07-01 07:00:00,3.0,71.67,0.01,0.06,46.63,0.38,17.11,81.11,0.0
1751356800,2025-07-01 08:00:00,3.0,71.29,0.01,0.06,45.42,0.38,17.34,82.44,0.0
1751360400,2025-07-01 09:00:00,3.0,71.06,0.01,0.05,44.1,0.39,17.86,85.03,0.0
1751364000,2025-07-01 10:00:00,3.0,71.14,0.01,0.05,43.16,0.4,18.72,89.01,0.0
1751367600,2025-07-01 11:00:00,3.0,71.26,0.01,0.06,42.65,0.41,19.66,93.18,0.0
1751371200,2025-07-01 12:00:00,3.0,71.81,0.01,0.06,42.64,0.42,20.4,95.71,0.0
1751374800,2025-07-01 13:00:00,3.0,72.48,0.0,0.08,43.19,0.42,20.8,95.91,0.0
1751378400,2025-07-01 14:00:00,3.0,73.37,0.0,0.09,43.92,0.42,21.08,95.69,0.0
1751382000,2025-07-01 15:00:00,3.0,73.72,0.0,0.1,44.28,0.43,21.49,96.48,0.0
1751385600,2025-07-01 16:00:00,3.0,73.57,0.0,0.11,44.04,0.42,21.58,96.18,0.0
1751389200,2025-07-01 17:00:00,3.0,73.27,0.0,0.11,43.76,0.41,21.22,94.19,0.0
1751392800,2025-07-01 18:00:00,3.0,72.8,0.0,0.11,43.54,0.4,20.78,92.44,0.0
1751396400,2025-07-01 19:00:00,3.0,72.19,0.0,0.11,43.53,0.39,20.13,90.37,0.0
1751400000,2025-07-01 20:00:00,3.0,71.87,0.0,0.1,43.83,0.39,19.17,87.55,0.0
1751403600,2025-07-01 21:00:00,3.0,71.73,0.0,0.1,44.14,0.39,18.16,83.17,0.0
1751407200,2025-07-01 22:00:00,3.0,71.47,0.0,0.1,44.33,0.39,17.44,79.6,0.0
1751410800,2025-07-01 23:00:00,3.0,71.38,0.0,0.1,44.5,0.4,16.95,76.11,0.0
1751414400,2025-07-02 00:00:00,3.0,71.5,0.0,0.1,44.71,0.4,16.5,71.97,0.0
1751418000,2025-07-02 01:00:00,3.0,71.65,0.0,0.09,44.96,0.42,16.74,72.72,0.0
1751421600,2025-07-02 02:00:00,3.0,71.93,0.0,0.1,45.23,0.44,17.2,75.08,0.0
1751425200,2025-07-02 03:00:00,3.0,72.33,0.0,0.1,45.89,0.44,17.07,73.97,0.0
1751428800,2025-07-02 04:00:00,3.0,72.63,0.01,0.09,46.52,0.42,16.61,68.9,0.0
1751432400,2025-07-02 05:00:00,3.0,72.71,0.01,0.09,46.68,0.41,16.48,65.58,0.0
1751436000,2025-07-02 06:00:00,3.0,72.5,0.01,0.07,46.35,0.4,16.64,65.21,0.0
1751439600,2025-07-02 07:00:00,3.0,72.15,0.01,0.06,45.59,0.4,16.82,67.85,0.0
1751443200,2025-07-02 08:00:00,3.0,71.79,0.01,0.05,44.39,0.4,16.86,70.49,0.0
1751446800,2025-07-02 09:00:00,3.0,71.42,0.01,0.05,43.09,0.41,16.89,72.77,0.0
1751450400,2025-07-02 10:00:00,3.0,71.29,0.01,0.05,42.03,0.41,17.08,74.93,0.0
1751454000,2025-07-02 11:00:00,3.0,71.01,0.01,0.06,41.26,0.42,17.48,76.38,0.0
1751457600,2025-07-02 12:00:00,3.0,71.14,0.01,0.06,41.09,0.43,17.79,76.25,0.0
1751461200,2025-07-02 13:00:00,3.0,71.77,0.0,0.08,41.65,0.43,17.84,74.57,0.0
1751464800,2025-07-02 14:00:00,3.0,72.56,0.0,0.09,42.72,0.41,17.58,72.18,0.0
1751468400,2025-07-02 15:00:00,3.0,73.29,0.0,0.1,43.68,0.4,17.53,71.68,0.0
1751472000,2025-07-02 16:00:00,3.0,73.56,0.0,0.1,44.14,0.39,17.51,72.3,0.0
1751475600,2025-07-02 17:00:00,3.0,73.68,0.0,0.1,44.21,0.38,17.42,73.4,0.0
1751479200,2025-07-02 18:00:00,3.0,73.55,0.0,0.1,43.73,0.38,17.69,76.29,0.0
1751482800,2025-07-02 19:00:00,3.0,72.79,0.0,0.1,42.86,0.38,18.06,79.07,0.0
1751486400,2025-07-02 20:00:00,3.0,72.27,0.0,0.1,42.19,0.38,18.4,80.89,0.0
1751490000,2025-07-02 21:00:00,3.0,71.86,0.0,0.1,41.77,0.39,18.58,82.03,0.0
1751493600,2025-07-02 22:00:00,3.0,71.65,0.0,0.1,41.78,0.39,18.4,80.16,0.0
1751497200,2025-07-02 23:00:00,3.0,71.65,0.0,0.1,41.94,0.38,18.06,75.4,0.0
1751500800,2025-07-03 00:00:00,3.0,71.85,0.0,0.1,42.25,0.36,17.69,69.98,0.0
1751504400,2025-07-03 01:00:00,3.0,72.16,0.0,0.09,42.49,0.35,17.4,66.36,0.0
1751508000,2025-07-03 02:00:00,3.0,72.5,0.0,0.1,42.51,0.35,17.59,66.81,0.0
1751511600,2025-07-03 03:00:00,3.0,72.78,0.0,0.11,42.61,0.35,17.66,67.91,0.0
1751515200,2025-07-03 04:00:00,3.0,73.15,0.0,0.11,42.78,0.34,17.62,68.87,0.0
1751518800,2025-07-03 05:00:00,3.0,73.32,0.0,0.1,42.89,0.33,17.48,69.91,0.0
1751522400,2025-07-03 06:00:00,3.0,73.18,0.01,0.09,42.89,0.31,17.3,70.87,0.0
1751526000,2025-07-03 07:00:00,3.0,72.98,0.01,0.08,42.76,0.31,17.2,72.26,0.0
1751529600,2025-07-03 08:00:00,3.0,72.48,0.0,0.08,42.43,0.31,17.22,73.66,0.0
1751533200,2025-07-03 09:00:00,3.0,71.75,0.0,0.08,41.98,0.32,17.49,75.63,0.0
1751536800,2025-07-03 10:00:00,3.0,71.1,0.0,0.08,41.65,0.34,18.09,78.08,0.0
1751540400,2025-07-03 11:00:00,3.0,70.62,0.0,0.09,41.61,0.34,18.62,79.83,0.0
1751544000,2025-07-03 12:00:00,3.0,70.47,0.0,0.09,41.89,0.34,19.03,80.7,0.0
1751547600,2025-07-03 13:00:00,3.0,70.46,0.0,0.1,42.27,0.35,19.37,80.38,0.0
1751551200,2025-07-03 14:00:00,3.0,70.76,0.0,0.11,42.53,0.35,19.71,80.63,0.0
1751554800,2025-07-03 15:00:00,3.0,71.0,0.0,0.11,42.69,0.35,19.88,81.04,0.0
1751558400,2025-07-03 16:00:00,3.0,71.17,0.0,0.11,42.74,0.34,19.85,80.89,0.0
1751562000,2025-07-03 17:00:00,3.0,71.54,0.0,0.11,43.01,0.35,19.83,80.51,0.0
1751565600,2025-07-03 18:00:00,3.0,72.05,0.0,0.11,43.48,0.35,19.63,78.43,0.0
1751569200,2025-07-03 19:00:00,3.0,72.54,0.0,0.1,43.98,0.36,19.41,75.39,0.0
1751572800,2025-07-03 20:00:00,3.0,72.77,0.0,0.1,44.35,0.35,19.51,73.52,0.0
1751576400,2025-07-03 21:00:00,3.0,72.65,0.0,0.1,44.28,0.35,20.28,75.94,0.0
1751580000,2025-07-03 22:00:00,3.0,72.46,0.0,0.1,44.02,0.35,21.24,79.14,0.03
1751583600,2025-07-03 23:00:00,3.0,72.3,0.0,0.1,43.74,0.35,22.16,82.2,0.07
1751587200,2025-07-04 00:00:00,3.0,71.91,0.0,0.1,43.32,0.36,23.28,85.87,0.08
1751590800,2025-07-04 01:00:00,3.0,71.64,0.0,0.1,43.04,0.35,24.07,85.36,0.08
1751594400,2025-07-04 02:00:00,3.0,71.51,0.0,0.1,42.69,0.35,24.64,82.93,0.07
1751598000,2025-07-04 03:00:00,3.0,71.46,0.0,0.11,42.39,0.34,25.13,81.41,0.07
1751601600,2025-07-04 04:00:00,3.0,71.49,0.0,0.12,42.17,0.33,25.55,83.28,0.06
1751605200,2025-07-04 05:00:00,3.0,71.52,0.0,0.11,42.02,0.33,25.91,86.86,0.04
1751608800,2025-07-04 06:00:00,3.0,71.58,0.0,0.11,41.94,0.32,26.15,89.33,0.03
1751612400,2025-07-04 07:00:00,3.0,71.82,0.0,0.1,42.15,0.31,26.08,88.19,0.06
1751616000,2025-07-04 08:00:00,3.0,72.3,0.0,0.09,42.55,0.29,25.99,85.04,0.09
1751619600,2025-07-04 09:00:00,3.0,72.47,0.0,0.09,42.76,0.28,26.33,83.79,0.11
1751623200,2025-07-04 10:00:00,3.0,72.96,0.01,0.08,43.28,0.27,27.0,84.91,0.12
1751626800,2025-07-04 11:00:00,3.0,73.55,0.0,0.08,44.13,0.26,27.8,87.29,0.12
1751630400,2025-07-04 12:00:00,3.0,74.6,0.0,0.09,45.54,0.25,28.59,90.14,0.12
1751634000,2025-07-04 13:00:00,3.0,76.15,0.0,0.09,47.32,0.24,29.31,93.89,0.1
1751637600,2025-07-04 14:00:00,4.0,77.66,0.0,0.09,49.12,0.24,30.35,100.2,0.09
1751641200,2025-07-04 15:00:00,4.0,78.89,0.0,0.1,50.75,0.25,31.52,107.64,0.06
1751644800,2025-07-04 16:00:00,4.0,79.65,0.0,0.09,51.95,0.27,32.28,113.9,0.04
1751648400,2025-07-04 17:00:00,4.0,80.06,0.0,0.09,52.67,0.3,32.7,119.11,0.02
1751652000,2025-07-04 18:00:00,4.0,80.13,0.0,0.1,53.13,0.33,32.82,123.95,0.0
1751655600,2025-07-04 19:00:00,4.0,79.78,0.0,0.1,53.32,0.37,32.59,127.94,0.0
1751659200,2025-07-04 20:00:00,4.0,79.14,0.0,0.1,53.24,0.39,31.89,129.35,0.0
1751662800,2025-07-04 21:00:00,4.0,78.07,0.0,0.1,52.73,0.41,31.42,130.76,0.0
1751666400,2025-07-04 22:00:00,4.0,77.02,0.0,0.1,52.28,0.41,30.79,130.29,0.0
1751670000,2025-07-04 23:00:00,4.0,76.17,0.0,0.1,52.19,0.4,29.63,124.79,0.0
1751673600,2025-07-05 00:00:00,4.0,75.53,0.0,0.1,52.31,0.39,28.6,119.06,0.0
1751677200,2025-07-05 01:00:00,4.0,74.89,0.0,0.1,52.75,0.38,27.77,110.42,0.0
1751680800,2025-07-05 02:00:00,4.0,74.83,0.0,0.1,53.19,0.37,28.25,106.61,0.0
1751684400,2025-07-05 03:00:00,4.0,75.18,0.0,0.11,53.82,0.36,29.7,108.81,0.0
1751688000,2025-07-05 04:00:00,4.0,76.08,0.0,0.11,54.61,0.36,31.84,120.14,0.0
1751691600,2025-07-05 05:00:00,4.0,77.1,0.0,0.1,55.43,0.36,34.13,136.97,0.0
1751695200,2025-07-05 06:00:00,4.0,78.23,0.01,0.09,56.24,0.37,36.15,153.78,0.0
1751698800,2025-07-05 07:00:00,4.0,79.58,0.01,0.08,56.84,0.37,37.71,164.43,0.0
1751702400,2025-07-05 08:00:00,4.0,80.88,0.01,0.07,57.45,0.37,39.07,171.18,0.0
1751706000,2025-07-05 09:00:00,4.0,82.38,0.01,0.07,58.12,0.37,40.39,176.64,0.0
1751709600,2025-07-05 10:00:00,4.0,84.34,0.0,0.07,59.1,0.37,42.1,186.68,0.0
1751713200,2025-07-05 11:00:00,4.0,85.67,0.0,0.07,60.1,0.38,43.43,192.75,0.0
1751716800,2025-07-05 12:00:00,4.0,86.16,0.0,0.08,60.95,0.39,43.32,186.7,0.0
1751720400,2025-07-05 13:00:00,4.0,86.08,0.0,0.09,62.2,0.4,41.55,171.41,0.0
1751724000,2025-07-05 14:00:00,4.0,84.99,0.0,0.1,62.66,0.42,38.32,150.31,0.0
1751727600,2025-07-05 15:00:00,4.0,82.47,0.0,0.11,61.13,0.44,34.48,127.55,0.0
1751731200,2025-07-05 16:00:00,4.0,79.07,0.0,0.11,58.06,0.47,31.28,109.16,0.0
1751734800,2025-07-05 17:00:00,3.0,75.71,0.0,0.11,54.47,0.5,29.3,98.09,0.0
1751738400,2025-07-05 18:00:00,3.0,73.16,0.0,0.12,51.31,0.53,28.53,94.5,0.0
1751742000,2025-07-05 19:00:00,3.0,71.65,0.0,0.13,49.64,0.55,28.92,98.07,0.0
1751745600,2025-07-05 20:00:00,4.0,71.22,0.0,0.13,49.59,0.57,30.54,108.14,0.0
1751749200,2025-07-05 21:00:00,4.0,71.51,0.0,0.13,50.18,0.59,32.89,120.52,0.0
1751752800,2025-07-05 22:00:00,4.0,71.62,0.0,0.13,50.79,0.6,35.14,131.67,0.0
1751756400,2025-07-05 23:00:00,4.0,71.84,0.0,0.13,51.45,0.61,36.69,140.76,0.0
1751760000,2025-07-06 00:00:00,4.0,72.12,0.0,0.12,52.23,0.61,37.51,150.24,0.0
1751763600,2025-07-06 01:00:00,4.0,72.48,0.0,0.11,53.56,0.61,38.41,167.59,0.0
1751767200,2025-07-06 02:00:00,4.0,72.54,0.0,0.11,54.8,0.6,38.98,185.48,0.0
1751770800,2025-07-06 03:00:00,4.0,71.99,0.0,0.11,54.7,0.6,37.74,185.95,0.0
1751774400,2025-07-06 04:00:00,4.0,71.22,0.0,0.1,54.07,0.59,35.71,176.5,0.0
1751778000,2025-07-06 05:00:00,4.0,70.66,0.01,0.09,53.07,0.59,33.36,163.76,0.0
1751781600,2025-07-06 06:00:00,4.0,70.06,0.01,0.08,51.58,0.58,31.34,152.86,0.0
1751785200,2025-07-06 07:00:00,4.0,69.36,0.01,0.07,49.99,0.59,29.98,146.22,0.0
1751788800,2025-07-06 08:00:00,4.0,69.0,0.01,0.06,48.58,0.59,29.34,143.74,0.0
1751792400,2025-07-06 09:00:00,4.0,68.97,0.01,0.06,47.69,0.6,29.08,142.97,0.0
1751796000,2025-07-06 10:00:00,4.0,69.54,0.01,0.06,47.44,0.6,28.91,141.67,0.0
1751799600,2025-07-06 11:00:00,4.0,70.69,0.01,0.07,47.91,0.6,28.93,141.4,0.0
1751803200,2025-07-06 12:00:00,4.0,72.19,0.0,0.08,48.84,0.6,29.56,144.67,0.0
1751806800,2025-07-06 13:00:00,4.0,73.34,0.0,0.09,49.52,0.61,30.34,147.58,0.0
1751810400,2025-07-06 14:00:00,4.0,73.31,0.0,0.11,48.95,0.61,30.75,146.86,0.0
1751814000,2025-07-06 15:00:00,4.0,72.51,0.0,0.11,47.78,0.62,30.89,144.89,0.0
1751817600,2025-07-06 16:00:00,4.0,71.68,0.0,0.11,47.17,0.62,31.49,145.83,0.0
1751821200,2025-07-06 17:00:00,4.0,71.81,0.0,0.12,47.98,0.62,33.27,156.47,0.0
1751824800,2025-07-06 18:00:00,4.0,72.46,0.0,0.12,49.72,0.61,36.17,176.61,0.0
1751828400,2025-07-06 19:00:00,5.0,73.16,0.0,0.12,51.59,0.61,39.48,203.48,0.0
1751832000,2025-07-06 20:00:00,5.0,73.26,0.0,0.12,52.64,0.61,41.85,223.96,0.0
1751835600,2025-07-06 21:00:00,5.0,72.53,0.0,0.12,52.62,0.62,42.28,228.76,0.0
1751839200,2025-07-06 22:00:00,5.0,71.69,0.0,0.12,52.51,0.63,41.21,221.04,0.0
1751842800,2025-07-06 23:00:00,5.0,71.34,0.0,0.12,53.07,0.64,39.16,201.03,0.0
1751846400,2025-07-07 00:00:00,4.0,71.77,0.0,0.12,54.59,0.62,38.01,181.18,0.0
1751850000,2025-07-07 01:00:00,4.0,72.17,0.0,0.12,55.72,0.61,37.19,169.14,0.0
1751853600,2025-07-07 02:00:00,4.0,72.2,0.0,0.12,55.67,0.6,36.63,167.5,0.0
1751857200,2025-07-07 03:00:00,4.0,72.11,0.0,0.12,55.08,0.6,36.49,172.79,0.0
1751860800,2025-07-07 04:00:00,4.0,72.26,0.0,0.12,54.81,0.59,36.62,179.31,0.0
1751864400,2025-07-07 05:00:00,4.0,72.53,0.01,0.11,54.82,0.57,36.71,183.24,0.0
1751868000,2025-07-07 06:00:00,4.0,72.8,0.01,0.1,54.9,0.55,36.6,183.08,0.0
1751871600,2025-07-07 07:00:00,4.0,73.22,0.01,0.09,55.04,0.53,36.27,179.36,0.0
1751875200,2025-07-07 08:00:00,4.0,73.87,0.01,0.08,55.48,0.51,35.8,174.4,0.0
1751878800,2025-07-07 09:00:00,4.0,74.7,0.01,0.08,56.09,0.49,35.37,171.16,0.0
1751882400,2025-07-07 10:00:00,4.0,75.65,0.0,0.08,57.03,0.47,34.36,158.8,0.0
1751886000,2025-07-07 11:00:00,4.0,76.27,0.0,0.08,57.64,0.45,33.31,149.6,0.0
1751889600,2025-07-07 12:00:00,4.0,76.43,0.0,0.09,57.51,0.44,32.46,146.68,0.0
1751893200,2025-07-07 13:00:00,4.0,76.3,0.0,0.09,56.54,0.44,32.03,143.68,0.0
1751896800,2025-07-07 14:00:00,4.0,76.11,0.0,0.1,54.72,0.44,31.64,137.97,0.0
1751900400,2025-07-07 15:00:00,4.0,76.34,0.0,0.1,52.99,0.44,31.56,133.62,0.0
1751904000,2025-07-07 16:00:00,4.0,77.61,0.0,0.1,52.29,0.45,32.7,143.62,0.0
1751907600,2025-07-07 17:00:00,4.0,79.67,0.0,0.1,52.89,0.47,35.35,165.03,0.0
1751911200,2025-07-07 18:00:00,4.0,81.61,0.0,0.1,53.65,0.48,37.77,179.47,0.0
1751914800,2025-07-07 19:00:00,4.0,82.51,0.0,0.1,54.03,0.49,39.28,182.34,0.0
1751918400,2025-07-07 20:00:00,4.0,82.9,0.0,0.1,54.5,0.51,40.19,175.88,0.0
1751922000,2025-07-07 21:00:00,4.0,82.89,0.0,0.1,55.38,0.54,40.9,168.68,0.0
1751925600,2025-07-07 22:00:00,4.0,82.94,0.0,0.1,56.6,0.58,41.73,167.13,0.0
1751929200,2025-07-07 23:00:00,4.0,82.51,0.0,0.1,57.43,0.61,42.14,170.47,0.0
1751932800,2025-07-08 00:00:00,4.0,81.42,0.0,0.1,57.83,0.63,41.84,171.95,0.0
1751936400,2025-07-08 01:00:00,4.0,80.16,0.0,0.1,57.17,0.64,41.24,169.02,0.0
1751940000,2025-07-08 02:00:00,4.0,79.17,0.0,0.11,56.02,0.62,40.57,164.25,0.0
1751943600,2025-07-08 03:00:00,4.0,78.56,0.0,0.11,55.22,0.59,39.95,160.77,0.0
1751947200,2025-07-08 04:00:00,4.0,78.08,0.01,0.1,54.32,0.55,39.4,157.48,0.0
1751950800,2025-07-08 05:00:00,4.0,77.51,0.01,0.08,53.29,0.52,38.65,154.57,0.0
1751954400,2025-07-08 06:00:00,4.0,76.89,0.01,0.07,52.29,0.5,37.7,152.19,0.0
1751958000,2025-07-08 07:00:00,4.0,76.33,0.01,0.06,51.06,0.48,36.38,149.74,0.0
1751961600,2025-07-08 08:00:00,4.0,75.33,0.01,0.05,48.98,0.46,34.6,143.79,0.0
1751965200,2025-07-08 09:00:00,4.0,74.16,0.01,0.05,46.73,0.46,32.56,136.61,0.0
1751968800,2025-07-08 10:00:00,4.0,73.07,0.01,0.06,45.17,0.47,30.41,126.95,0.0
1751972400,2025-07-08 11:00:00,4.0,72.69,0.01,0.06,44.2,0.47,28.67,116.35,0.0
1751976000,2025-07-08 12:00:00,4.0,72.78,0.01,0.06,44.49,0.48,27.61,109.69,0.0
1751979600,2025-07-08 13:00:00,4.0,73.28,0.01,0.07,45.57,0.5,27.17,106.58,0.0
1751983200,2025-07-08 14:00:00,4.0,73.69,0.0,0.1,46.79,0.52,26.72,102.61,0.0
1751986800,2025-07-08 15:00:00,3.0,74.31,0.0,0.11,48.42,0.53,26.23,98.25,0.0
1751990400,2025-07-08 16:00:00,3.0,74.68,0.0,0.12,50.16,0.53,25.95,95.78,0.0
1751994000,2025-07-08 17:00:00,3.0,75.22,0.0,0.12,51.46,0.53,26.21,96.91,0.0
1751997600,2025-07-08 18:00:00,4.0,74.89,0.0,0.12,51.43,0.53,26.86,101.91,0.0
1752001200,2025-07-08 19:00:00,4.0,73.98,0.0,0.13,50.32,0.53,27.78,111.05,0.0
1752004800,2025-07-08 20:00:00,4.0,73.17,0.0,0.13,49.06,0.54,28.86,123.73,0.0
1752008400,2025-07-08 21:00:00,4.0,72.65,0.0,0.13,48.03,0.55,29.79,137.7,0.0
1752012000,2025-07-08 22:00:00,4.0,72.43,0.0,0.12,47.57,0.57,30.54,151.89,0.0
1752015600,2025-07-08 23:00:00,4.0,72.56,0.0,0.12,47.81,0.58,31.36,166.73,0.0
1752019200,2025-07-09 00:00:00,4.0,72.79,0.0,0.11,48.09,0.58,32.29,179.54,0.0
1752022800,2025-07-09 01:00:00,4.0,72.98,0.0,0.11,48.38,0.58,32.85,184.25,0.0
1752026400,2025-07-09 02:00:00,4.0,73.14,0.0,0.11,48.28,0.58,32.83,180.99,0.0
1752030000,2025-07-09 03:00:00,4.0,73.38,0.01,0.11,47.94,0.56,32.39,173.44,0.0
1752033600,2025-07-09 04:00:00,4.0,73.33,0.01,0.09,47.67,0.54,31.92,167.09,0.0
1752037200,2025-07-09 05:00:00,4.0,73.64,0.01,0.08,47.44,0.52,31.75,164.02,0.0
1752040800,2025-07-09 06:00:00,4.0,73.88,0.01,0.07,47.03,0.51,31.9,163.77,0.0
1752044400,2025-07-09 07:00:00,4.0,74.22,0.01,0.06,46.45,0.5,32.38,168.78,0.0
1752048000,2025-07-09 08:00:00,4.0,74.6,0.01,0.05,45.7,0.49,32.83,175.62,0.0
1752051600,2025-07-09 09:00:00,4.0,74.92,0.01,0.05,45.09,0.47,33.11,180.91,0.0
1752055200,2025-07-09 10:00:00,4.0,75.48,0.01,0.05,44.69,0.47,33.21,183.57,0.0
1752058800,2025-07-09 11:00:00,4.0,75.59,0.01,0.05,44.28,0.47,32.8,181.23,0.0
1752062400,2025-07-09 12:00:00,4.0,75.42,0.01,0.05,43.98,0.48,31.92,173.24,0.0
1752066000,2025-07-09 13:00:00,4.0,75.51,0.01,0.07,44.32,0.5,31.08,164.29,0.0
1752069600,2025-07-09 14:00:00,4.0,75.79,0.0,0.09,45.15,0.51,30.58,156.56,0.0
1752073200,2025-07-09 15:00:00,4.0,76.41,0.0,0.1,46.34,0.52,30.42,150.09,0.0
1752076800,2025-07-09 16:00:00,4.0,76.77,0.0,0.1,47.2,0.53,30.51,145.19,0.0
1752080400,2025-07-09 17:00:00,4.0,77.04,0.0,0.11,47.66,0.55,30.8,141.41,0.0
1752084000,2025-07-09 18:00:00,4.0,77.02,0.0,0.11,47.64,0.56,31.15,137.94,0.0
1752087600,2025-07-09 19:00:00,4.0,76.57,0.0,0.11,47.25,0.56,31.33,135.25,0.0
1752091200,2025-07-09 20:00:00,4.0,76.29,0.0,0.11,46.87,0.56,31.43,133.89,0.0
1752094800,2025-07-09 21:00:00,4.0,75.96,0.0,0.11,46.59,0.56,31.35,132.74,0.0
1752098400,2025-07-09 22:00:00,4.0,75.87,0.0,0.11,46.62,0.55,31.08,132.14,0.0
1752102000,2025-07-09 23:00:00,4.0,75.82,0.0,0.11,46.98,0.55,30.42,131.53,0.0
1752105600,2025-07-10 00:00:00,4.0,75.94,0.0,0.1,47.5,0.55,29.47,130.51,0.0
1752109200,2025-07-10 01:00:00,4.0,75.97,0.0,0.1,47.86,0.54,28.45,129.0,0.0
1752112800,2025-07-10 02:00:00,4.0,75.7,0.0,0.11,47.96,0.54,27.5,126.13,0.0
1752116400,2025-07-10 03:00:00,4.0,75.46,0.01,0.1,47.64,0.54,26.56,121.98,0.0
1752120000,2025-07-10 04:00:00,4.0,74.82,0.01,0.09,47.13,0.54,25.65,117.79,0.0
1752123600,2025-07-10 05:00:00,4.0,74.42,0.01,0.08,46.68,0.53,24.99,115.18,0.0
1752127200,2025-07-10 06:00:00,4.0,74.19,0.01,0.07,46.34,0.52,24.55,114.37,0.0
1752130800,2025-07-10 07:00:00,4.0,74.04,0.01,0.06,45.99,0.51,24.27,114.96,0.0
1752134400,2025-07-10 08:00:00,4.0,74.2,0.01,0.06,45.67,0.5,24.16,116.72,0.0
1752138000,2025-07-10 09:00:00,4.0,74.45,0.01,0.05,45.32,0.48,24.24,119.11,0.0
1752141600,2025-07-10 10:00:00,4.0,74.93,0.01,0.05,45.16,0.48,24.57,122.17,0.0
1752145200,2025-07-10 11:00:00,4.0,74.89,0.01,0.06,44.69,0.48,24.77,123.58,0.0
1752148800,2025-07-10 12:00:00,4.0,74.81,0.01,0.07,44.01,0.49,24.78,122.95,0.0
1752152400,2025-07-10 13:00:00,4.0,74.76,0.0,0.08,43.47,0.5,24.68,121.17,0.0
1752156000,2025-07-10 14:00:00,4.0,74.77,0.0,0.09,43.17,0.5,24.4,118.46,0.0
1752159600,2025-07-10 15:00:00,4.0,75.06,0.0,0.1,43.2,0.49,24.05,115.37,0.0
1752163200,2025-07-10 16:00:00,4.0,75.31,0.0,0.09,43.41,0.48,23.62,112.04,0.0
1752166800,2025-07-10 17:00:00,4.0,75.69,0.0,0.09,43.78,0.48,23.37,109.2,0.0
1752170400,2025-07-10 18:00:00,4.0,76.22,0.0,0.09,44.08,0.48,23.28,107.1,0.0
1752174000,2025-07-10 19:00:00,4.0,76.76,0.0,0.09,44.42,0.48,23.23,105.57,0.0
1752177600,2025-07-10 20:00:00,4.0,77.19,0.0,0.09,44.92,0.47,23.33,105.61,0.0
1752181200,2025-07-10 21:00:00,4.0,77.53,0.0,0.09,45.22,0.47,23.69,107.51,0.0
1752184800,2025-07-10 22:00:00,4.0,77.65,0.0,0.09,45.2,0.47,24.12,110.33,0.0
1752188400,2025-07-10 23:00:00,4.0,77.35,0.0,0.09,44.89,0.47,24.22,111.49,0.0
1752192000,2025-07-11 00:00:00,4.0,76.94,0.0,0.09,44.39,0.47,23.67,109.51,0.0
1752195600,2025-07-11 01:00:00,4.0,76.62,0.0,0.1,43.73,0.46,22.77,104.74,0.0
1752199200,2025-07-11 02:00:00,3.0,76.04,0.0,0.1,43.07,0.45,21.81,99.24,0.0
1752202800,2025-07-11 03:00:00,3.0,75.65,0.0,0.11,42.69,0.43,20.84,93.57,0.0
1752206400,2025-07-11 04:00:00,3.0,75.24,0.01,0.09,42.56,0.41,19.79,88.18,0.0
1752210000,2025-07-11 05:00:00,3.0,74.96,0.01,0.08,42.55,0.39,18.74,83.35,0.0
1752213600,2025-07-11 06:00:00,3.0,74.84,0.01,0.07,42.59,0.37,17.66,78.8,0.0
1752217200,2025-07-11 07:00:00,3.0,74.79,0.01,0.06,42.71,0.34,16.46,73.59,0.0
1752220800,2025-07-11 08:00:00,3.0,74.74,0.01,0.05,42.45,0.32,15.48,68.62,0.0
1752224400,2025-07-11 09:00:00,3.0,74.55,0.01,0.05,42.15,0.31,14.69,64.13,0.0
1752228000,2025-07-11 10:00:00,3.0,74.47,0.01,0.05,41.89,0.3,14.17,60.89,0.0
1752231600,2025-07-11 11:00:00,3.0,74.25,0.01,0.05,41.69,0.3,13.9,59.22,0.0
1752235200,2025-07-11 12:00:00,3.0,74.05,0.01,0.06,41.66,0.31,13.82,59.11,0.0
1752238800,2025-07-11 13:00:00,3.0,74.25,0.0,0.07,41.96,0.31,13.9,60.31,0.0
1752242400,2025-07-11 14:00:00,3.0,74.38,0.0,0.08,42.21,0.32,14.11,62.25,0.0
1752246000,2025-07-11 15:00:00,3.0,74.66,0.0,0.09,42.25,0.32,14.58,64.72,0.0
1752249600,2025-07-11 16:00:00,3.0,74.56,0.0,0.09,42.15,0.32,15.02,66.41,0.0
1752253200,2025-07-11 17:00:00,3.0,74.88,0.0,0.09,42.23,0.32,15.14,66.22,0.0
1752256800,2025-07-11 18:00:00,3.0,75.31,0.0,0.09,42.32,0.31,15.07,65.27,0.0
1752260400,2025-07-11 19:00:00,3.0,75.48,0.0,0.08,42.47,0.3,14.79,63.79,0.0
1752264000,2025-07-11 20:00:00,3.0,75.68,0.0,0.08,42.82,0.3,14.57,62.77,0.0
1752267600,2025-07-11 21:00:00,3.0,75.99,0.0,0.08,43.22,0.3,14.58,63.07,0.0
1752271200,2025-07-11 22:00:00,3.0,76.08,0.0,0.08,43.57,0.3,14.76,61.99,0.0
1752274800,2025-07-11 23:00:00,3.0,76.08,0.0,0.09,43.74,0.3,15.12,61.2,0.0
1752278400,2025-07-12 00:00:00,3.0,75.84,0.0,0.09,43.56,0.3,15.57,62.0,0.0
1752282000,2025-07-12 01:00:00,3.0,75.55,0.0,0.09,43.11,0.3,16.04,63.59,0.0
1752285600,2025-07-12 02:00:00,3.0,75.12,0.0,0.1,42.65,0.31,16.59,65.6,0.0
1752289200,2025-07-12 03:00:00,3.0,74.77,0.0,0.1,41.98,0.31,17.13,67.31,0.0
1752292800,2025-07-12 04:00:00,3.0,74.29,0.01,0.1,41.3,0.31,17.55,69.05,0.0
1752296400,2025-07-12 05:00:00,3.0,73.75,0.01,0.08,40.6,0.32,18.04,71.86,0.0
1752300000,2025-07-12 06:00:00,3.0,73.13,0.01,0.07,39.75,0.33,18.48,73.72,0.0
1752303600,2025-07-12 07:00:00,3.0,72.78,0.01,0.06,39.04,0.33,18.73,75.99,0.0
1752307200,2025-07-12 08:00:00,3.0,72.48,0.01,0.06,38.37,0.34,18.6,76.78,0.0
1752310800,2025-07-12 09:00:00,3.0,72.5,0.01,0.05,37.98,0.33,18.16,74.97,0.0
1752314400,2025-07-12 10:00:00,3.0,72.86,0.01,0.05,37.87,0.32,17.57,71.99,0.0
1752318000,2025-07-12 11:00:00,3.0,73.22,0.01,0.06,38.06,0.31,16.82,68.32,0.0
1752321600,2025-07-12 12:00:00,3.0,73.55,0.01,0.06,38.46,0.3,16.05,64.8,0.0
1752325200,2025-07-12 13:00:00,3.0,74.35,0.0,0.07,39.08,0.29,15.32,61.67,0.0
1752328800,2025-07-12 14:00:00,3.0,75.14,0.0,0.08,39.9,0.28,14.59,58.6,0.0
1752332400,2025-07-12 15:00:00,3.0,76.13,0.0,0.08,40.86,0.27,13.96,55.89,0.0
1752336000,2025-07-12 16:00:00,3.0,77.08,0.0,0.07,41.89,0.27,13.4,53.41,0.0
1752339600,2025-07-12 17:00:00,3.0,78.05,0.0,0.07,42.69,0.27,13.12,52.16,0.0
1752343200,2025-07-12 18:00:00,3.0,78.65,0.0,0.07,43.08,0.27,13.23,52.48,0.0
1752346800,2025-07-12 19:00:00,3.0,79.21,0.0,0.07,43.08,0.28,13.52,53.71,0.0
1752350400,2025-07-12 20:00:00,3.0,79.79,0.0,0.07,43.15,0.28,13.93,55.67,0.0
1752354000,2025-07-12 21:00:00,3.0,80.58,0.0,0.07,43.3,0.29,14.37,57.77,0.0
1752357600,2025-07-12 22:00:00,3.0,81.51,0.0,0.07,43.69,0.28,14.68,59.11,0.0
1752361200,2025-07-12 23:00:00,3.0,82.53,0.0,0.07,44.24,0.28,14.77,59.5,0.0
1752364800,2025-07-13 00:00:00,3.0,83.32,0.0,0.07,44.68,0.28,14.93,60.87,0.0
1752368400,2025-07-13 01:00:00,3.0,83.78,0.0,0.08,44.81,0.27,15.28,63.32,0.0
1752372000,2025-07-13 02:00:00,3.0,83.89,0.0,0.08,44.75,0.27,15.76,65.63,0.0
1752375600,2025-07-13 03:00:00,3.0,83.77,0.0,0.09,44.65,0.27,16.15,66.53,0.0
1752379200,2025-07-13 04:00:00,3.0,83.74,0.01,0.08,44.6,0.26,16.28,65.21,0.0
1752382800,2025-07-13 05:00:00,3.0,83.29,0.01,0.07,44.15,0.25,16.73,64.45,0.0
1752386400,2025-07-13 06:00:00,3.0,82.59,0.01,0.06,43.32,0.25,17.43,64.4,0.0
1752390000,2025-07-13 07:00:00,3.0,81.67,0.01,0.06,42.24,0.26,18.32,66.38,0.0
1752393600,2025-07-13 08:00:00,3.0,80.5,0.01,0.06,41.13,0.27,19.3,70.47,0.0
1752397200,2025-07-13 09:00:00,3.0,79.44,0.01,0.05,40.09,0.27,20.17,75.53,0.0
1752400800,2025-07-13 10:00:00,3.0,78.74,0.01,0.05,39.54,0.28,20.77,80.29,0.0
1752404400,2025-07-13 11:00:00,3.0,78.54,0.01,0.06,39.43,0.28,20.81,83.18,0.0
1752408000,2025-07-13 12:00:00,3.0,78.69,0.01,0.06,39.64,0.29,20.38,83.8,0.0
1752411600,2025-07-13 13:00:00,3.0,78.93,0.0,0.07,40.14,0.29,19.7,82.86,0.0
1752415200,2025-07-13 14:00:00,3.0,79.08,0.0,0.08,40.55,0.31,19.15,81.71,0.0
1752418800,2025-07-13 15:00:00,3.0,79.26,0.0,0.08,40.96,0.32,18.81,80.32,0.0
1752422400,2025-07-13 16:00:00,3.0,79.08,0.0,0.08,41.32,0.33,18.67,79.74,0.0
1752426000,2025-07-13 17:00:00,3.0,78.84,0.0,0.08,41.77,0.35,18.82,80.89,0.0
1752429600,2025-07-13 18:00:00,3.0,78.78,0.0,0.08,42.44,0.36,19.11,82.56,0.0
1752433200,2025-07-13 19:00:00,3.0,79.11,0.0,0.08,43.46,0.37,19.17,82.68,0.0
1752436800,2025-07-13 20:00:00,3.0,80.0,0.0,0.08,44.78,0.37,19.11,82.32,0.0
1752440400,2025-07-13 21:00:00,3.0,81.01,0.0,0.08,46.03,0.37,19.13,82.75,0.0
1752444000,2025-07-13 22:00:00,3.0,81.82,0.0,0.07,47.14,0.37,19.41,82.77,0.0
1752447600,2025-07-13 23:00:00,3.0,82.26,0.0,0.07,47.89,0.37,20.18,83.78,0.0
1752451200,2025-07-14 00:00:00,3.0,82.28,0.0,0.07,48.29,0.37,21.16,86.15,0.0
1752454800,2025-07-14 01:00:00,3.0,82.19,0.0,0.07,48.46,0.37,22.18,88.2,0.0
1752458400,2025-07-14 02:00:00,3.0,81.82,0.0,0.08,48.31,0.36,23.17,90.47,0.0
1752462000,2025-07-14 03:00:00,3.0,81.26,0.0,0.09,47.91,0.36,24.2,93.36,0.0
1752465600,2025-07-14 04:00:00,3.0,80.89,0.01,0.08,47.45,0.36,25.27,98.74,0.0
1752469200,2025-07-14 05:00:00,4.0,80.32,0.01,0.07,46.96,0.37,26.4,105.25,0.0
1752472800,2025-07-14 06:00:00,4.0,79.81,0.01,0.06,46.29,0.38,27.18,109.38,0.0
1752476400,2025-07-14 07:00:00,4.0,79.4,0.01,0.05,45.5,0.37,27.66,112.91,0.0
1752480000,2025-07-14 08:00:00,4.0,78.81,0.01,0.05,44.63,0.37,27.72,115.47,0.0
1752483600,2025-07-14 09:00:00,4.0,78.22,0.01,0.05,43.59,0.38,27.5,116.49,0.0
1752487200,2025-07-14 10:00:00,4.0,77.35,0.01,0.05,42.53,0.39,27.18,116.05,0.0
1752490800,2025-07-14 11:00:00,4.0,76.46,0.01,0.05,41.63,0.41,26.6,115.43,0.0
1752494400,2025-07-14 12:00:00,4.0,75.57,0.01,0.06,41.09,0.44,25.73,113.83,0.0
1752498000,2025-07-14 13:00:00,4.0,74.96,0.01,0.07,40.79,0.46,24.82,112.06,0.0
1752501600,2025-07-14 14:00:00,4.0,74.09,0.0,0.09,40.47,0.49,24.03,111.04,0.0
1752505200,2025-07-14 15:00:00,4.0,73.85,0.0,0.1,40.42,0.51,23.58,111.06,0.0
1752508800,2025-07-14 16:00:00,4.0,74.42,0.0,0.1,40.86,0.52,23.41,111.31,0.0
1752512400,2025-07-14 17:00:00,4.0,75.31,0.0,0.09,41.38,0.52,23.46,111.22,0.0
1752516000,2025-07-14 18:00:00,4.0,75.86,0.0,0.09,41.55,0.53,23.73,111.03,0.0
1752519600,2025-07-14 19:00:00,4.0,75.96,0.0,0.1,41.43,0.54,24.12,109.98,0.0
1752523200,2025-07-14 20:00:00,4.0,76.25,0.0,0.1,41.37,0.54,24.48,109.01,0.0
1752526800,2025-07-14 21:00:00,4.0,76.95,0.0,0.1,41.52,0.54,24.78,108.67,0.0
1752530400,2025-07-14 22:00:00,4.0,77.98,0.0,0.1,42.07,0.52,25.0,106.6,0.0
1752534000,2025-07-14 23:00:00,4.0,78.9,0.0,0.1,42.48,0.51,25.29,105.23,0.0
1752537600,2025-07-15 00:00:00,4.0,78.86,0.0,0.11,42.18,0.52,25.57,106.03,0.0
1752541200,2025-07-15 01:00:00,4.0,78.76,0.0,0.11,42.05,0.53,25.82,109.68,0.0
1752544800,2025-07-15 02:00:00,4.0,79.26,0.0,0.11,42.49,0.52,25.8,110.95,0.0
1752548400,2025-07-15 03:00:00,4.0,79.99,0.0,0.11,43.34,0.49,25.6,110.63,0.0
1752552000,2025-07-15 04:00:00,4.0,80.65,0.01,0.1,44.16,0.47,25.31,110.05,0.0
1752555600,2025-07-15 05:00:00,4.0,81.35,0.01,0.09,44.97,0.44,25.07,109.52,0.0
1752559200,2025-07-15 06:00:00,4.0,81.71,0.01,0.07,45.4,0.42,24.84,108.94,0.0
1752562800,2025-07-15 07:00:00,4.0,81.71,0.01,0.06,45.44,0.4,24.57,108.37,0.0
1752566400,2025-07-15 08:00:00,4.0,81.43,0.01,0.06,45.17,0.39,24.3,107.88,0.0
1752570000,2025-07-15 09:00:00,4.0,80.98,0.01,0.06,44.64,0.38,23.96,106.99,0.0
1752573600,2025-07-15 10:00:00,4.0,80.56,0.01,0.05,44.07,0.38,23.61,105.95,0.0
1752577200,2025-07-15 11:00:00,4.0,79.41,0.01,0.06,43.32,0.39,23.26,104.79,0.0
1752580800,2025-07-15 12:00:00,4.0,78.01,0.01,0.06,42.66,0.4,23.03,104.23,0.0
1752584400,2025-07-15 13:00:00,4.0,76.85,0.0,0.08,42.44,0.42,22.96,104.26,0.0
1752588000,2025-07-15 14:00:00,4.0,76.34,0.0,0.09,42.5,0.44,22.93,104.29,0.0
1752591600,2025-07-15 15:00:00,4.0,76.51,0.0,0.1,42.99,0.45,23.0,104.63,0.0
1752595200,2025-07-15 16:00:00,4.0,77.7,0.0,0.09,43.75,0.45,23.24,105.33,0.0
1752598800,2025-07-15 17:00:00,4.0,78.99,0.0,0.09,44.36,0.45,23.71,106.46,0.0
1752602400,2025-07-15 18:00:00,4.0,79.69,0.0,0.09,44.44,0.47,24.39,108.43,0.0
1752606000,2025-07-15 19:00:00,4.0,79.66,0.0,0.1,43.99,0.48,25.14,110.86,0.0
1752609600,2025-07-15 20:00:00,4.0,79.25,0.0,0.1,43.43,0.48,26.0,114.2,0.0
1752613200,2025-07-15 21:00:00,4.0,78.81,0.0,0.1,42.99,0.48,26.96,118.37,0.0
1752616800,2025-07-15 22:00:00,4.0,78.79,0.0,0.1,42.78,0.47,27.96,123.09,0.0
1752620400,2025-07-15 23:00:00,4.0,78.42,0.0,0.1,42.58,0.47,28.89,127.73,0.0
1752624000,2025-07-16 00:00:00,4.0,77.61,0.0,0.1,42.13,0.46,29.66,131.37,0.0
1752627600,2025-07-16 01:00:00,4.0,76.79,0.0,0.1,41.73,0.46,30.2,133.99,0.0
1752631200,2025-07-16 02:00:00,4.0,76.15,0.0,0.11,41.5,0.45,30.39,134.77,0.0
1752634800,2025-07-16 03:00:00,4.0,76.09,0.01,0.1,41.68,0.42,30.27,133.98,0.0
1752638400,2025-07-16 04:00:00,4.0,76.19,0.01,0.09,41.98,0.4,30.0,132.19,0.0
1752642000,2025-07-16 05:00:00,4.0,76.17,0.01,0.07,42.14,0.39,29.61,130.27,0.0
1752645600,2025-07-16 06:00:00,4.0,76.23,0.01,0.06,41.94,0.39,29.07,127.55,0.0
1752649200,2025-07-16 07:00:00,4.0,75.87,0.01,0.05,41.23,0.39,28.3,123.61,0.0
1752652800,2025-07-16 08:00:00,4.0,75.24,0.01,0.05,40.23,0.39,27.39,119.0,0.0
1752656400,2025-07-16 09:00:00,4.0,74.67,0.01,0.05,39.14,0.39,26.46,114.85,0.0
1752660000,2025-07-16 10:00:00,4.0,74.17,0.01,0.05,38.34,0.4,25.72,112.03,0.0
1752663600,2025-07-16 11:00:00,4.0,73.93,0.01,0.05,37.96,0.4,25.05,109.88,0.0
1752667200,2025-07-16 12:00:00,4.0,74.03,0.01,0.05,38.13,0.4,24.49,108.17,0.0
1752670800,2025-07-16 13:00:00,4.0,74.51,0.01,0.06,38.58,0.4,24.18,107.45,0.0
1752674400,2025-07-16 14:00:00,4.0,74.82,0.0,0.08,39.07,0.41,24.14,107.5,0.0
1752678000,2025-07-16 15:00:00,4.0,75.07,0.0,0.09,39.49,0.42,24.3,108.29,0.0
1752681600,2025-07-16 16:00:00,4.0,75.19,0.0,0.09,39.85,0.43,24.56,109.23,0.0
1752685200,2025-07-16 17:00:00,4.0,75.53,0.0,0.09,40.21,0.44,24.88,110.57,0.0
1752688800,2025-07-16 18:00:00,4.0,75.95,0.0,0.09,40.69,0.44,25.34,112.45,0.0
1752692400,2025-07-16 19:00:00,4.0,76.33,0.0,0.09,41.07,0.44,25.9,114.49,0.0
1752696000,2025-07-16 20:00:00,4.0,76.71,0.0,0.09,41.43,0.44,26.65,116.51,0.0
1752699600,2025-07-16 21:00:00,4.0,76.9,0.0,0.09,41.7,0.45,27.48,118.25,0.0
1752703200,2025-07-16 22:00:00,4.0,77.08,0.0,0.09,41.78,0.46,28.32,119.17,0.0
1752706800,2025-07-16 23:00:00,4.0,77.01,0.0,0.09,41.76,0.47,29.11,121.18,0.0
1752710400,2025-07-17 00:00:00,4.0,76.73,0.0,0.1,41.78,0.47,29.76,124.01,0.0
1752714000,2025-07-17 01:00:00,4.0,76.86,0.0,0.1,42.04,0.47,30.03,124.07,0.0
1752717600,2025-07-17 02:00:00,4.0,77.01,0.0,0.1,42.58,0.46,29.95,121.7,0.0
1752721200,2025-07-17 03:00:00,4.0,77.39,0.01,0.1,43.3,0.44,29.6,118.79,0.0
1752724800,2025-07-17 04:00:00,4.0,77.43,0.01,0.09,43.78,0.43,28.99,119.36,0.0
1752728400,2025-07-17 05:00:00,4.0,77.31,0.01,0.08,43.89,0.43,28.35,121.27,0.0
1752732000,2025-07-17 06:00:00,4.0,76.93,0.01,0.07,43.44,0.43,27.55,121.14,0.0
1752735600,2025-07-17 07:00:00,4.0,76.35,0.01,0.06,42.53,0.43,26.7,119.74,0.0
1752739200,2025-07-17 08:00:00,4.0,76.01,0.01,0.05,41.63,0.42,25.9,117.87,0.0
1752742800,2025-07-17 09:00:00,4.0,75.93,0.01,0.05,40.93,0.4,25.27,116.06,0.0
1752746400,2025-07-17 10:00:00,4.0,76.22,0.01,0.05,40.52,0.39,24.82,114.72,0.0
1752750000,2025-07-17 11:00:00,4.0,76.39,0.01,0.05,40.14,0.38,24.29,112.89,0.0
1752753600,2025-07-17 12:00:00,4.0,76.51,0.0,0.06,40.04,0.37,23.73,110.71,0.0
1752757200,2025-07-17 13:00:00,4.0,76.95,0.0,0.07,40.09,0.36,23.16,108.35,0.0
1752760800,2025-07-17 14:00:00,4.0,77.27,0.0,0.08,40.23,0.35,22.52,105.34,0.0
1752764400,2025-07-17 15:00:00,4.0,77.67,0.0,0.08,40.46,0.35,21.97,102.76,0.0
1752768000,2025-07-17 16:00:00,4.0,77.88,0.0,0.08,40.62,0.34,21.46,100.29,0.0
1752771600,2025-07-17 17:00:00,3.0,78.38,0.0,0.08,40.93,0.34,21.04,98.1,0.0
1752775200,2025-07-17 18:00:00,3.0,78.74,0.0,0.08,41.32,0.34,20.68,95.95,0.0
1752778800,2025-07-17 19:00:00,3.0,79.19,0.0,0.08,41.77,0.34,20.27,93.48,0.0
1752782400,2025-07-17 20:00:00,3.0,79.64,0.0,0.07,42.17,0.34,20.08,91.95,0.0
1752786000,2025-07-17 21:00:00,3.0,79.49,0.0,0.07,42.2,0.34,20.41,93.03,0.0
1752789600,2025-07-17 22:00:00,3.0,79.19,0.0,0.07,41.98,0.35,21.3,96.7,0.0
1752793200,2025-07-17 23:00:00,4.0,79.27,0.0,0.07,41.88,0.36,22.3,100.72,0.0
1752796800,2025-07-18 00:00:00,4.0,79.46,0.0,0.07,41.96,0.35,23.02,103.47,0.0
1752800400,2025-07-18 01:00:00,3.0,79.77,0.0,0.07,42.17,0.33,23.05,99.88,0.0
1752804000,2025-07-18 02:00:00,3.0,80.34,0.0,0.08,42.89,0.31,22.57,93.96,0.0
1752807600,2025-07-18 03:00:00,3.0,80.88,0.0,0.08,43.63,0.28,21.93,89.2,0.0
1752811200,2025-07-18 04:00:00,3.0,81.05,0.0,0.08,44.11,0.27,21.48,87.61,0.0
1752814800,2025-07-18 05:00:00,3.0,80.96,0.01,0.06,43.88,0.26,21.47,88.28,0.0
1752818400,2025-07-18 06:00:00,3.0,80.5,0.01,0.05,43.21,0.26,21.67,88.61,0.0
1752822000,2025-07-18 07:00:00,3.0,79.66,0.01,0.05,42.24,0.25,21.74,87.75,0.0
1752825600,2025-07-18 08:00:00,3.0,78.85,0.01,0.05,41.0,0.25,21.55,85.41,0.0
1752829200,2025-07-18 09:00:00,3.0,78.02,0.01,0.05,39.93,0.24,21.17,83.01,0.0
1752832800,2025-07-18 10:00:00,3.0,77.51,0.01,0.05,39.12,0.24,20.7,80.9,0.0
1752836400,2025-07-18 11:00:00,3.0,77.02,0.01,0.06,38.51,0.24,20.11,79.2,0.0
1752840000,2025-07-18 12:00:00,3.0,76.63,0.01,0.06,38.3,0.24,19.59,78.33,0.0
1752843600,2025-07-18 13:00:00,3.0,76.61,0.0,0.07,38.56,0.24,19.26,78.57,0.0
1752847200,2025-07-18 14:00:00,3.0,76.89,0.0,0.08,39.03,0.24,19.05,79.32,0.0
1752850800,2025-07-18 15:00:00,3.0,77.32,0.0,0.09,39.75,0.25,18.98,80.32,0.0
1752854400,2025-07-18 16:00:00,3.0,77.63,0.0,0.09,40.45,0.26,18.98,81.03,0.0
1752858000,2025-07-18 17:00:00,3.0,77.83,0.0,0.09,41.01,0.27,19.22,82.01,0.0
1752861600,2025-07-18 18:00:00,3.0,78.2,0.0,0.09,41.55,0.28,19.44,82.33,0.0
1752865200,2025-07-18 19:00:00,3.0,78.91,0.0,0.09,42.04,0.29,19.44,81.37,0.0
1752868800,2025-07-18 20:00:00,3.0,79.57,0.0,0.09,42.51,0.3,19.39,80.29,0.0
1752872400,2025-07-18 21:00:00,3.0,80.11,0.0,0.09,42.79,0.32,19.5,80.35,0.0
1752876000,2025-07-18 22:00:00,3.0,80.19,0.0,0.09,42.9,0.33,19.62,77.79,0.0
1752879600,2025-07-18 23:00:00,3.0,80.19,0.0,0.09,42.87,0.33,19.75,75.77,0.0
1752883200,2025-07-19 00:00:00,3.0,79.98,0.0,0.09,42.89,0.33,20.02,75.4,0.0
1752886800,2025-07-19 01:00:00,3.0,80.02,0.0,0.08,42.91,0.34,20.23,76.82,0.0
1752890400,2025-07-19 02:00:00,3.0,79.77,0.0,0.09,42.65,0.35,20.89,78.9,0.0
1752894000,2025-07-19 03:00:00,3.0,79.46,0.0,0.1,42.44,0.35,21.31,78.21,0.0
1752897600,2025-07-19 04:00:00,3.0,78.97,0.0,0.1,42.09,0.35,21.61,77.37,0.0
1752901200,2025-07-19 05:00:00,3.0,78.64,0.01,0.09,41.79,0.35,21.89,77.29,0.0
1752904800,2025-07-19 06:00:00,3.0,78.14,0.01,0.07,41.46,0.34,22.13,77.51,0.0
1752908400,2025-07-19 07:00:00,3.0,77.65,0.01,0.06,41.06,0.33,22.21,77.68,0.0
1752912000,2025-07-19 08:00:00,3.0,77.11,0.01,0.06,40.6,0.32,21.9,77.34,0.0
1752915600,2025-07-19 09:00:00,3.0,76.6,0.01,0.05,40.07,0.31,21.76,78.15,0.0
1752919200,2025-07-19 10:00:00,3.0,76.52,0.01,0.05,39.83,0.31,21.44,78.24,0.0
1752922800,2025-07-19 11:00:00,3.0,76.46,0.01,0.06,39.73,0.31,20.95,77.04,0.0
1752926400,2025-07-19 12:00:00,3.0,77.16,0.01,0.07,40.03,0.32,20.34,75.17,0.0
1752930000,2025-07-19 13:00:00,3.0,78.59,0.0,0.08,40.76,0.33,19.23,71.81,0.0
1752933600,2025-07-19 14:00:00,3.0,80.57,0.0,0.09,41.66,0.33,17.64,67.27,0.0
1752937200,2025-07-19 15:00:00,3.0,82.66,0.0,0.09,42.51,0.33,16.02,62.77,0.0
1752940800,2025-07-19 16:00:00,3.0,84.7,0.0,0.09,43.06,0.33,14.64,58.8,0.0
1752944400,2025-07-19 17:00:00,3.0,86.41,0.0,0.09,43.27,0.34,13.75,55.95,0.0
1752948000,2025-07-19 18:00:00,3.0,87.81,0.0,0.09,43.05,0.36,14.0,57.18,0.0
1752951600,2025-07-19 19:00:00,3.0,88.86,0.0,0.1,42.67,0.39,14.55,58.86,0.0
1752955200,2025-07-19 20:00:00,3.0,89.58,0.0,0.1,42.37,0.39,14.99,60.83,0.0
1752958800,2025-07-19 21:00:00,3.0,89.6,0.0,0.1,42.15,0.38,14.86,61.45,0.0
1752962400,2025-07-19 22:00:00,3.0,88.39,0.0,0.1,41.77,0.37,14.57,60.31,0.0
1752966000,2025-07-19 23:00:00,3.0,85.98,0.0,0.11,40.93,0.37,14.8,61.96,0.0
1752969600,2025-07-20 00:00:00,3.0,83.17,0.0,0.11,39.78,0.39,15.46,65.3,0.0
1752973200,2025-07-20 01:00:00,3.0,81.24,0.0,0.11,39.16,0.4,16.12,69.5,0.0
1752976800,2025-07-20 02:00:00,3.0,80.84,0.0,0.11,39.27,0.39,16.24,69.64,0.0
1752980400,2025-07-20 03:00:00,3.0,81.31,0.0,0.11,40.0,0.36,16.05,66.49,0.0
1752984000,2025-07-20 04:00:00,3.0,81.46,0.0,0.11,40.8,0.35,16.19,65.33,0.0
1752987600,2025-07-20 05:00:00,3.0,80.89,0.01,0.1,41.26,0.36,17.05,68.96,0.0
1752991200,2025-07-20 06:00:00,3.0,79.6,0.01,0.09,41.28,0.37,18.6,77.28,0.0
1752994800,2025-07-20 07:00:00,3.0,78.0,0.01,0.08,41.19,0.38,20.35,85.98,0.0
1752998400,2025-07-20 08:00:00,3.0,76.71,0.01,0.07,41.37,0.38,21.74,92.46,0.0
1753002000,2025-07-20 09:00:00,3.0,76.26,0.01,0.07,41.89,0.38,22.5,96.2,0.0
1753005600,2025-07-20 10:00:00,4.0,76.14,0.01,0.06,42.7,0.38,22.92,100.62,0.0
1753009200,2025-07-20 11:00:00,4.0,75.95,0.01,0.07,43.52,0.38,22.97,102.43,0.0
1753012800,2025-07-20 12:00:00,4.0,75.39,0.01,0.07,44.17,0.38,22.72,101.59,0.0
1753016400,2025-07-20 13:00:00,4.0,74.68,0.0,0.08,44.75,0.39,22.31,100.46,0.0
1753020000,2025-07-20 14:00:00,3.0,74.22,0.0,0.1,45.22,0.39,21.82,98.27,0.0
1753023600,2025-07-20 15:00:00,3.0,74.35,0.0,0.1,45.9,0.39,21.51,96.04,0.0
1753027200,2025-07-20 16:00:00,3.0,74.96,0.0,0.1,46.59,0.39,21.48,95.34,0.0
1753030800,2025-07-20 17:00:00,3.0,75.75,0.0,0.1,47.3,0.39,21.9,97.47,0.0
1753034400,2025-07-20 18:00:00,4.0,76.34,0.0,0.1,47.84,0.4,22.84,102.76,0.0
1753038000,2025-07-20 19:00:00,4.0,76.45,0.0,0.09,47.98,0.4,24.01,110.04,0.0
1753041600,2025-07-20 20:00:00,4.0,76.63,0.0,0.09,47.92,0.4,25.33,118.54,0.0
1753045200,2025-07-20 21:00:00,4.0,76.32,0.0,0.09,47.59,0.41,26.88,128.22,0.0
1753048800,2025-07-20 22:00:00,4.0,75.5,0.0,0.09,47.2,0.41,28.19,134.08,0.0
1753052400,2025-07-20 23:00:00,4.0,74.34,0.0,0.09,46.8,0.41,28.78,134.18,0.0
1753056000,2025-07-21 00:00:00,4.0,73.1,0.0,0.09,46.59,0.41,28.61,130.94,0.0
1753059600,2025-07-21 01:00:00,4.0,72.24,0.0,0.09,46.57,0.39,27.6,119.55,0.0
1753063200,2025-07-21 02:00:00,4.0,71.68,0.0,0.09,46.75,0.38,26.5,106.63,0.0
1753066800,2025-07-21 03:00:00,3.0,71.59,0.0,0.09,47.1,0.36,25.63,95.87,0.0
1753070400,2025-07-21 04:00:00,3.0,71.96,0.01,0.08,47.6,0.34,24.82,89.82,0.0
1753074000,2025-07-21 05:00:00,3.0,72.5,0.01,0.07,48.06,0.33,23.79,85.32,0.0
1753077600,2025-07-21 06:00:00,3.0,73.05,0.0,0.07,48.45,0.31,22.48,79.6,0.0
1753081200,2025-07-21 07:00:00,3.0,73.28,0.01,0.05,48.55,0.29,21.14,73.99,0.0
1753084800,2025-07-21 08:00:00,3.0,73.41,0.01,0.05,48.21,0.28,19.98,69.92,0.0
1753088400,2025-07-21 09:00:00,3.0,73.26,0.01,0.04,47.63,0.27,18.97,67.3,0.0
1753092000,2025-07-21 10:00:00,3.0,73.29,0.01,0.04,47.17,0.27,18.22,66.3,0.0
1753095600,2025-07-21 11:00:00,3.0,73.25,0.01,0.04,46.96,0.27,17.76,66.56,0.0
1753099200,2025-07-21 12:00:00,3.0,73.41,0.0,0.05,47.04,0.27,17.6,67.69,0.0
1753102800,2025-07-21 13:00:00,3.0,73.77,0.0,0.06,47.48,0.27,17.57,68.82,0.0
1753106400,2025-07-21 14:00:00,3.0,74.07,0.0,0.07,47.96,0.28,17.7,70.52,0.0
1753110000,2025-07-21 15:00:00,3.0,74.2,0.0,0.07,48.46,0.29,17.97,73.54,0.0
1753113600,2025-07-21 16:00:00,3.0,74.24,0.0,0.07,48.97,0.29,17.86,73.91,0.0
1753117200,2025-07-21 17:00:00,3.0,74.43,0.0,0.07,49.63,0.3,17.47,72.37,0.0
1753120800,2025-07-21 18:00:00,3.0,74.64,0.0,0.07,50.27,0.3,17.22,70.8,0.0
1753124400,2025-07-21 19:00:00,3.0,74.61,0.0,0.07,50.69,0.31,17.24,70.52,0.0
1753128000,2025-07-21 20:00:00,3.0,74.59,0.0,0.08,50.97,0.32,17.56,71.66,0.0
1753131600,2025-07-21 21:00:00,3.0,74.43,0.0,0.08,51.14,0.32,17.81,73.0,0.0
1753135200,2025-07-21 22:00:00,3.0,74.12,0.0,0.08,51.08,0.32,17.82,74.18,0.0
1753138800,2025-07-21 23:00:00,3.0,73.79,0.0,0.08,51.05,0.32,17.57,75.31,0.0
1753142400,2025-07-22 00:00:00,3.0,73.42,0.0,0.07,50.98,0.31,17.19,75.48,0.0
1753146000,2025-07-22 01:00:00,3.0,73.12,0.0,0.07,50.9,0.3,16.52,71.03,0.0
1753149600,2025-07-22 02:00:00,3.0,72.92,0.0,0.08,50.97,0.29,15.88,63.99,0.0
1753153200,2025-07-22 03:00:00,3.0,72.95,0.0,0.08,51.04,0.27,15.22,57.03,0.0
1753156800,2025-07-22 04:00:00,3.0,72.68,0.01,0.07,50.9,0.25,14.75,54.48,0.0
1753160400,2025-07-22 05:00:00,3.0,72.41,0.01,0.06,50.46,0.26,14.89,56.07,0.0
1753164000,2025-07-22 06:00:00,3.0,72.2,0.01,0.05,49.7,0.26,15.02,57.27,0.0
1753167600,2025-07-22 07:00:00,3.0,72.17,0.01,0.04,48.58,0.26,14.98,57.4,0.0
1753171200,2025-07-22 08:00:00,3.0,72.02,0.01,0.04,47.1,0.25,14.66,55.85,0.0
1753174800,2025-07-22 09:00:00,3.0,71.98,0.01,0.04,45.64,0.25,14.19,53.08,0.0
1753178400,2025-07-22 10:00:00,2.0,72.11,0.01,0.04,44.6,0.24,13.73,49.78,0.0
1753182000,2025-07-22 11:00:00,2.0,72.13,0.01,0.04,43.67,0.24,13.32,46.18,0.0
1753185600,2025-07-22 12:00:00,2.0,72.06,0.0,0.05,43.03,0.24,13.11,43.32,0.0
1753189200,2025-07-22 13:00:00,2.0,72.21,0.0,0.06,42.66,0.25,13.03,41.47,0.0
1753192800,2025-07-22 14:00:00,2.0,72.77,0.0,0.07,42.47,0.25,13.0,40.98,0.0
1753196400,2025-07-22 15:00:00,2.0,73.31,0.0,0.07,42.49,0.26,13.33,43.57,0.0
1753200000,2025-07-22 16:00:00,2.0,74.16,0.0,0.07,42.77,0.28,13.63,47.24,0.0
1753203600,2025-07-22 17:00:00,3.0,75.24,0.0,0.07,43.34,0.29,14.07,51.02,0.0
1753207200,2025-07-22 18:00:00,3.0,76.76,0.0,0.07,44.17,0.31,14.62,54.66,0.0
1753210800,2025-07-22 19:00:00,3.0,78.25,0.0,0.07,45.08,0.31,14.95,55.35,0.0
1753214400,2025-07-22 20:00:00,3.0,79.74,0.0,0.07,45.98,0.3,14.93,53.48,0.0
1753218000,2025-07-22 21:00:00,3.0,81.12,0.0,0.07,46.72,0.29,14.66,51.2,0.0
1753221600,2025-07-22 22:00:00,3.0,81.94,0.0,0.07,47.22,0.28,14.32,50.98,0.0
1753225200,2025-07-22 23:00:00,3.0,82.32,0.0,0.08,47.56,0.29,14.31,52.41,0.0
1753228800,2025-07-23 00:00:00,3.0,82.5,0.0,0.08,47.89,0.29,14.35,52.64,0.0
1753232400,2025-07-23 01:00:00,3.0,82.66,0.0,0.08,48.51,0.3,14.33,51.27,0.0
1753236000,2025-07-23 02:00:00,3.0,82.53,0.0,0.08,49.11,0.3,14.51,50.84,0.0
1753239600,2025-07-23 03:00:00,3.0,82.08,0.0,0.08,49.82,0.3,14.98,52.35,0.0
1753243200,2025-07-23 04:00:00,3.0,81.87,0.01,0.07,50.6,0.31,15.33,54.89,0.0
1753246800,2025-07-23 05:00:00,3.0,81.47,0.01,0.06,51.34,0.32,15.84,59.45,0.0
1753250400,2025-07-23 06:00:00,3.0,80.84,0.01,0.06,51.72,0.34,16.4,64.77,0.0
1753254000,2025-07-23 07:00:00,3.0,79.59,0.01,0.05,51.56,0.36,16.91,69.64,0.0
1753257600,2025-07-23 08:00:00,3.0,77.58,0.01,0.05,50.82,0.38,17.34,73.16,0.0
1753261200,2025-07-23 09:00:00,3.0,75.57,0.01,0.05,49.64,0.4,17.7,75.06,0.0
1753264800,2025-07-23 10:00:00,3.0,74.17,0.01,0.05,48.38,0.41,18.0,76.68,0.0
1753268400,2025-07-23 11:00:00,3.0,73.36,0.01,0.05,47.22,0.42,17.98,77.24,0.0
1753272000,2025-07-23 12:00:00,3.0,73.32,0.01,0.05,46.41,0.42,17.72,76.57,0.0
1753275600,2025-07-23 13:00:00,3.0,73.81,0.0,0.06,46.09,0.41,17.36,73.72,0.0
1753279200,2025-07-23 14:00:00,3.0,74.47,0.0,0.07,46.01,0.41,16.42,69.13,0.0
1753282800,2025-07-23 15:00:00,3.0,75.05,0.0,0.08,46.15,0.41,15.27,64.83,0.0
1753286400,2025-07-23 16:00:00,3.0,75.71,0.0,0.08,46.38,0.42,14.9,63.5,0.0
1753290000,2025-07-23 17:00:00,3.0,76.73,0.0,0.08,46.8,0.43,16.15,69.44,0.0
1753293600,2025-07-23 18:00:00,3.0,78.0,0.0,0.08,47.25,0.44,18.9,82.26,0.0
1753297200,2025-07-23 19:00:00,3.0,79.33,0.0,0.08,47.65,0.45,22.24,96.35,0.0
1753300800,2025-07-23 20:00:00,4.0,80.37,0.0,0.08,47.85,0.45,25.13,108.14,0.0
1753304400,2025-07-23 21:00:00,4.0,80.43,0.0,0.09,47.74,0.46,27.1,115.73,0.0
1753308000,2025-07-23 22:00:00,4.0,79.92,0.0,0.09,47.43,0.46,27.71,117.18,0.0
1753311600,2025-07-23 23:00:00,4.0,79.09,0.0,0.08,47.16,0.46,26.89,112.67,0.0
1753315200,2025-07-24 00:00:00,4.0,78.44,0.0,0.08,47.12,0.45,25.16,105.58,0.0
1753318800,2025-07-24 01:00:00,3.0,78.24,0.0,0.08,47.39,0.44,23.21,98.02,0.0
1753322400,2025-07-24 02:00:00,3.0,78.25,0.0,0.08,48.02,0.41,21.26,88.89,0.0
1753326000,2025-07-24 03:00:00,3.0,78.46,0.0,0.08,48.71,0.39,20.1,82.2,0.0
1753329600,2025-07-24 04:00:00,3.0,78.36,0.01,0.07,49.28,0.37,19.83,80.31,0.0
1753333200,2025-07-24 05:00:00,3.0,78.03,0.01,0.06,49.47,0.36,20.24,82.29,0.0
1753336800,2025-07-24 06:00:00,3.0,77.49,0.01,0.05,49.24,0.35,20.88,84.69,0.0
1753340400,2025-07-24 07:00:00,3.0,76.98,0.01,0.04,48.59,0.35,21.57,88.52,0.0
1753344000,2025-07-24 08:00:00,3.0,76.55,0.01,0.04,47.55,0.36,22.28,92.31,0.0
1753347600,2025-07-24 09:00:00,3.0,76.03,0.01,0.04,46.42,0.37,22.93,94.5,0.0
1753351200,2025-07-24 10:00:00,3.0,75.96,0.01,0.04,45.52,0.38,23.51,97.21,0.0
1753354800,2025-07-24 11:00:00,3.0,75.97,0.01,0.04,44.98,0.39,23.56,98.1,0.0
1753358400,2025-07-24 12:00:00,3.0,76.16,0.01,0.05,44.88,0.4,23.04,96.32,0.0
1753362000,2025-07-24 13:00:00,3.0,76.93,0.01,0.06,45.28,0.4,22.08,92.44,0.0
1753365600,2025-07-24 14:00:00,3.0,77.72,0.0,0.08,45.83,0.4,20.87,87.14,0.0
1753369200,2025-07-24 15:00:00,3.0,78.55,0.0,0.09,46.38,0.39,20.0,83.28,0.0
1753372800,2025-07-24 16:00:00,3.0,79.16,0.0,0.09,46.71,0.39,19.73,81.9,0.0
1753376400,2025-07-24 17:00:00,3.0,79.82,0.0,0.09,46.84,0.39,19.94,82.03,0.0
1753380000,2025-07-24 18:00:00,3.0,80.14,0.0,0.09,46.74,0.39,20.68,82.93,0.0
1753383600,2025-07-24 19:00:00,3.0,80.12,0.0,0.09,46.34,0.39,22.13,85.49,0.0
1753387200,2025-07-24 20:00:00,3.0,79.59,0.0,0.09,45.72,0.39,24.41,93.75,0.0
1753390800,2025-07-24 21:00:00,4.0,78.61,0.0,0.09,44.87,0.42,26.99,106.01,0.0
1753394400,2025-07-24 22:00:00,4.0,77.21,0.0,0.09,44.2,0.44,28.41,111.87,0.0
1753398000,2025-07-24 23:00:00,4.0,76.0,0.0,0.09,43.93,0.45,27.96,108.27,0.0
1753401600,2025-07-25 00:00:00,4.0,75.11,0.0,0.09,44.11,0.44,26.69,101.88,0.0
1753405200,2025-07-25 01:00:00,3.0,74.58,0.0,0.09,44.42,0.44,25.82,98.78,0.0
1753408800,2025-07-25 02:00:00,4.0,73.81,0.0,0.1,44.57,0.44,25.92,100.04,0.0
1753412400,2025-07-25 03:00:00,4.0,73.43,0.0,0.1,44.86,0.44,26.01,101.27,0.0
1753416000,2025-07-25 04:00:00,4.0,73.05,0.01,0.08,45.34,0.44,26.05,104.37,0.0
1753419600,2025-07-25 05:00:00,4.0,73.18,0.01,0.07,46.02,0.43,26.0,107.79,0.0
1753423200,2025-07-25 06:00:00,4.0,73.82,0.01,0.06,46.76,0.42,25.87,109.67,0.0
1753426800,2025-07-25 07:00:00,4.0,74.74,0.01,0.05,47.37,0.41,25.8,110.49,0.0
1753430400,2025-07-25 08:00:00,4.0,75.76,0.01,0.04,47.97,0.4,25.82,110.82,0.0
1753434000,2025-07-25 09:00:00,4.0,76.63,0.01,0.04,48.22,0.39,26.03,110.77,0.0
1753437600,2025-07-25 10:00:00,4.0,77.03,0.01,0.04,48.55,0.39,26.28,108.32,0.0
1753441200,2025-07-25 11:00:00,4.0,76.97,0.01,0.05,48.87,0.39,26.15,103.61,0.0
1753444800,2025-07-25 12:00:00,3.0,76.89,0.01,0.05,49.56,0.39,25.61,97.75,0.0
1753448400,2025-07-25 13:00:00,3.0,77.44,0.0,0.06,50.9,0.39,24.47,92.09,0.0
1753452000,2025-07-25 14:00:00,3.0,78.31,0.0,0.08,52.51,0.4,23.76,89.45,0.0
1753455600,2025-07-25 15:00:00,3.0,78.76,0.0,0.08,53.89,0.41,24.09,91.35,0.0
1753459200,2025-07-25 16:00:00,3.0,78.73,0.0,0.09,54.66,0.43,24.94,93.98,0.0
1753462800,2025-07-25 17:00:00,3.0,78.28,0.0,0.09,54.89,0.44,26.18,97.58,0.0
1753466400,2025-07-25 18:00:00,4.0,77.31,0.0,0.09,54.44,0.46,27.83,103.5,0.0
1753470000,2025-07-25 19:00:00,4.0,75.67,0.0,0.09,53.17,0.47,29.38,107.94,0.0
1753473600,2025-07-25 20:00:00,4.0,74.41,0.0,0.09,51.96,0.47,30.45,108.46,0.0
1753477200,2025-07-25 21:00:00,4.0,73.46,0.0,0.09,51.11,0.47,31.12,108.85,0.0
1753480800,2025-07-25 22:00:00,4.0,72.85,0.0,0.09,50.65,0.46,31.32,105.17,0.0
1753484400,2025-07-25 23:00:00,4.0,72.55,0.0,0.09,50.54,0.45,31.35,102.0,0.0
1753488000,2025-07-26 00:00:00,4.0,72.25,0.0,0.09,50.79,0.45,31.24,102.23,0.0
1753491600,2025-07-26 01:00:00,4.0,72.54,0.0,0.08,51.51,0.43,30.75,104.32,0.0
1753495200,2025-07-26 02:00:00,4.0,73.1,0.0,0.08,52.77,0.43,30.01,107.48,0.0
1753498800,2025-07-26 03:00:00,4.0,73.51,0.0,0.09,53.9,0.42,29.19,109.68,0.0
1753502400,2025-07-26 04:00:00,4.0,73.25,0.0,0.08,54.24,0.42,28.47,109.06,0.0
1753506000,2025-07-26 05:00:00,4.0,72.25,0.01,0.07,53.4,0.43,28.15,107.12,0.0
1753509600,2025-07-26 06:00:00,4.0,71.26,0.01,0.05,52.36,0.42,27.55,101.04,0.0
1753513200,2025-07-26 07:00:00,3.0,70.63,0.01,0.04,51.29,0.41,26.69,94.33,0.0
1753516800,2025-07-26 08:00:00,3.0,70.44,0.01,0.04,50.5,0.4,25.71,89.74,0.0
1753520400,2025-07-26 09:00:00,3.0,70.63,0.01,0.04,49.83,0.39,24.88,88.05,0.0
1753524000,2025-07-26 10:00:00,3.0,71.2,0.01,0.04,49.36,0.4,24.65,91.48,0.0
1753527600,2025-07-26 11:00:00,3.0,71.62,0.01,0.04,48.92,0.43,25.26,98.76,0.0
1753531200,2025-07-26 12:00:00,4.0,72.2,0.01,0.05,48.76,0.46,26.61,108.24,0.0
1753534800,2025-07-26 13:00:00,4.0,72.96,0.0,0.06,49.2,0.49,28.09,115.79,0.0
1753538400,2025-07-26 14:00:00,4.0,73.63,0.0,0.08,49.92,0.52,29.73,124.5,0.0
1753542000,2025-07-26 15:00:00,4.0,74.1,0.0,0.09,50.77,0.54,31.78,135.65,0.0
1753545600,2025-07-26 16:00:00,4.0,74.25,0.0,0.09,51.38,0.56,33.96,147.53,0.0
1753549200,2025-07-26 17:00:00,4.0,74.02,0.0,0.09,51.82,0.59,36.21,160.12,0.0
1753552800,2025-07-26 18:00:00,4.0,73.52,0.0,0.09,51.94,0.61,37.96,170.97,0.0
1753556400,2025-07-26 19:00:00,4.0,72.64,0.0,0.09,51.71,0.62,38.63,177.56,0.0
1753560000,2025-07-26 20:00:00,4.0,71.67,0.0,0.09,51.3,0.63,38.4,180.01,0.0
1753563600,2025-07-26 21:00:00,4.0,70.77,0.0,0.09,50.8,0.63,37.68,179.43,0.0
1753567200,2025-07-26 22:00:00,4.0,70.22,0.0,0.09,50.22,0.64,36.78,176.41,0.0
1753570800,2025-07-26 23:00:00,4.0,69.53,0.0,0.09,49.68,0.65,35.71,171.62,0.0
1753574400,2025-07-27 00:00:00,4.0,69.07,0.0,0.09,49.27,0.64,34.61,166.76,0.0
1753578000,2025-07-27 01:00:00,4.0,69.0,0.0,0.09,49.36,0.63,33.24,161.23,0.0
1753581600,2025-07-27 02:00:00,4.0,69.25,0.0,0.09,49.82,0.61,32.43,159.12,0.0
1753585200,2025-07-27 03:00:00,4.0,69.39,0.0,0.09,50.1,0.6,31.42,155.91,0.0
1753588800,2025-07-27 04:00:00,4.0,69.03,0.0,0.09,49.92,0.59,30.22,151.04,0.0
1753592400,2025-07-27 05:00:00,4.0,68.64,0.01,0.08,49.57,0.58,28.82,144.77,0.0
1753596000,2025-07-27 06:00:00,4.0,68.54,0.01,0.07,49.53,0.56,27.33,137.98,0.0
1753599600,2025-07-27 07:00:00,4.0,69.34,0.01,0.06,50.35,0.53,25.94,132.05,0.0
1753603200,2025-07-27 08:00:00,4.0,70.96,0.01,0.05,51.78,0.5,25.53,130.49,0.0
1753606800,2025-07-27 09:00:00,4.0,72.29,0.01,0.05,52.63,0.49,26.57,135.42,0.0
1753610400,2025-07-27 10:00:00,4.0,72.96,0.0,0.06,52.67,0.51,28.51,144.34,0.0
1753614000,2025-07-27 11:00:00,4.0,72.79,0.0,0.06,52.05,0.54,30.42,153.05,0.0
1753617600,2025-07-27 12:00:00,4.0,72.53,0.0,0.08,51.44,0.57,31.63,158.54,0.0
1753621200,2025-07-27 13:00:00,4.0,72.83,0.0,0.09,51.25,0.57,32.43,162.82,0.0
1753624800,2025-07-27 14:00:00,4.0,73.38,0.0,0.09,51.24,0.57,33.32,167.8,0.0
1753628400,2025-07-27 15:00:00,4.0,73.55,0.0,0.1,50.82,0.56,34.41,174.17,0.0
1753632000,2025-07-27 16:00:00,4.0,73.33,0.0,0.1,50.14,0.56,35.36,180.31,0.0
1753635600,2025-07-27 17:00:00,4.0,72.81,0.0,0.1,49.35,0.56,36.01,185.58,0.0
1753639200,2025-07-27 18:00:00,4.0,72.14,0.0,0.1,48.39,0.56,35.94,187.44,0.0
1753642800,2025-07-27 19:00:00,4.0,71.11,0.0,0.1,46.94,0.58,34.87,183.75,0.0
1753646400,2025-07-27 20:00:00,4.0,70.04,0.0,0.11,45.35,0.6,33.34,175.81,0.0
1753650000,2025-07-27 21:00:00,4.0,69.41,0.0,0.11,44.2,0.62,31.9,167.07,0.0
1753653600,2025-07-27 22:00:00,4.0,69.47,0.0,0.11,44.06,0.62,30.95,161.28,0.0
1753657200,2025-07-27 23:00:00,4.0,70.06,0.0,0.1,44.71,0.61,30.37,158.1,0.0
1753660800,2025-07-28 00:00:00,4.0,70.56,0.0,0.1,45.15,0.6,29.8,155.15,0.0
1753664400,2025-07-28 01:00:00,4.0,70.47,0.0,0.1,45.18,0.6,29.12,150.72,0.0
1753668000,2025-07-28 02:00:00,4.0,70.31,0.0,0.1,44.9,0.6,28.46,145.41,0.0
1753671600,2025-07-28 03:00:00,4.0,70.19,0.0,0.11,44.75,0.6,27.63,139.86,0.0
1753675200,2025-07-28 04:00:00,4.0,70.11,0.0,0.1,44.89,0.6,27.23,137.33,0.0
1753678800,2025-07-28 05:00:00,4.0,69.98,0.01,0.1,45.11,0.61,27.28,137.54,0.0
1753682400,2025-07-28 06:00:00,4.0,69.79,0.01,0.09,45.25,0.63,27.5,138.5,0.0
1753686000,2025-07-28 07:00:00,4.0,69.63,0.01,0.08,45.32,0.64,27.47,137.94,0.0
1753689600,2025-07-28 08:00:00,4.0,69.45,0.01,0.08,45.24,0.64,26.81,134.36,0.0
1753693200,2025-07-28 09:00:00,4.0,69.54,0.0,0.08,45.29,0.63,26.74,133.88,0.0
1753696800,2025-07-28 10:00:00,4.0,69.75,0.0,0.08,45.41,0.62,27.18,136.49,0.0
1753700400,2025-07-28 11:00:00,4.0,69.81,0.0,0.08,45.37,0.61,27.98,141.33,0.0
1753704000,2025-07-28 12:00:00,4.0,69.78,0.0,0.08,45.34,0.6,28.97,146.99,0.0
1753707600,2025-07-28 13:00:00,4.0,69.93,0.0,0.09,45.44,0.6,30.17,153.59,0.0
1753711200,2025-07-28 14:00:00,4.0,69.86,0.0,0.1,45.4,0.6,31.39,160.31,0.0
1753714800,2025-07-28 15:00:00,4.0,69.62,0.0,0.1,45.27,0.61,32.44,166.07,0.0
1753718400,2025-07-28 16:00:00,4.0,69.45,0.0,0.1,45.13,0.62,33.02,169.52,0.0
1753722000,2025-07-28 17:00:00,4.0,69.39,0.0,0.1,45.15,0.63,32.93,169.08,0.0
1753725600,2025-07-28 18:00:00,4.0,69.13,0.0,0.1,45.16,0.64,32.22,164.75,0.0
1753729200,2025-07-28 19:00:00,4.0,68.87,0.0,0.1,45.13,0.65,30.95,157.79,0.0
1753732800,2025-07-28 20:00:00,4.0,68.71,0.0,0.1,45.53,0.66,29.71,151.38,0.0
1753736400,2025-07-28 21:00:00,4.0,69.03,0.0,0.1,46.2,0.66,28.59,145.26,0.0
1753740000,2025-07-28 22:00:00,4.0,69.27,0.0,0.1,47.0,0.66,27.5,139.04,0.0
1753743600,2025-07-28 23:00:00,4.0,69.55,0.0,0.09,47.68,0.67,26.86,135.14,0.0
1753747200,2025-07-29 00:00:00,4.0,69.45,0.0,0.09,47.97,0.68,26.16,130.54,0.0
1753750800,2025-07-29 01:00:00,4.0,69.31,0.0,0.09,48.23,0.68,24.92,122.66,0.0
1753754400,2025-07-29 02:00:00,4.0,69.48,0.0,0.09,48.67,0.65,23.44,114.45,0.0
1753758000,2025-07-29 03:00:00,4.0,70.06,0.0,0.08,49.33,0.64,22.81,112.17,0.0
1753761600,2025-07-29 04:00:00,4.0,70.58,0.01,0.07,49.85,0.64,23.1,115.42,0.0
1753765200,2025-07-29 05:00:00,4.0,70.87,0.01,0.07,49.88,0.64,23.42,117.98,0.0
1753768800,2025-07-29 06:00:00,4.0,71.05,0.01,0.06,49.36,0.64,23.75,119.71,0.0
1753772400,2025-07-29 07:00:00,4.0,71.11,0.01,0.05,48.37,0.64,24.41,121.39,0.0
1753776000,2025-07-29 08:00:00,4.0,71.47,0.01,0.05,47.43,0.64,25.42,125.32,0.0
1753779600,2025-07-29 09:00:00,4.0,72.26,0.01,0.05,46.81,0.62,26.36,129.47,0.0
1753783200,2025-07-29 10:00:00,4.0,73.48,0.01,0.05,46.65,0.6,27.32,135.29,0.0
1753786800,2025-07-29 11:00:00,4.0,74.45,0.01,0.05,46.59,0.59,28.48,141.07,0.0
1753790400,2025-07-29 12:00:00,4.0,75.09,0.0,0.06,46.58,0.58,30.11,148.04,0.0
1753794000,2025-07-29 13:00:00,4.0,75.34,0.0,0.08,46.56,0.59,32.25,157.4,0.0
1753797600,2025-07-29 14:00:00,4.0,74.71,0.0,0.09,46.14,0.61,34.44,167.25,0.0
1753801200,2025-07-29 15:00:00,4.0,73.57,0.0,0.1,45.69,0.62,36.17,175.59,0.0
1753804800,2025-07-29 16:00:00,4.0,72.36,0.0,0.1,45.31,0.63,36.92,180.89,0.0
1753808400,2025-07-29 17:00:00,4.0,71.0,0.0,0.1,44.96,0.64,36.82,182.09,0.0
1753812000,2025-07-29 18:00:00,4.0,69.42,0.0,0.1,44.33,0.68,35.83,177.42,0.0
1753815600,2025-07-29 19:00:00,4.0,67.93,0.0,0.1,43.8,0.7,34.33,168.93,0.0
1753819200,2025-07-29 20:00:00,4.0,67.1,0.0,0.1,43.73,0.71,32.96,161.13,0.0
1753822800,2025-07-29 21:00:00,4.0,66.88,0.0,0.1,43.92,0.72,32.13,155.51,0.0
1753826400,2025-07-29 22:00:00,4.0,67.08,0.0,0.1,44.61,0.71,31.94,153.78,0.0
1753830000,2025-07-29 23:00:00,4.0,67.18,0.0,0.1,45.12,0.72,31.97,153.18,0.0
1753833600,2025-07-30 00:00:00,4.0,67.07,0.0,0.1,45.41,0.73,31.85,151.87,0.0
1753837200,2025-07-30 01:00:00,4.0,67.33,0.0,0.1,45.94,0.74,31.66,151.41,0.0
1753840800,2025-07-30 02:00:00,4.0,67.67,0.0,0.1,46.7,0.74,31.5,151.85,0.0
1753844400,2025-07-30 03:00:00,4.0,68.35,0.0,0.09,47.95,0.72,31.48,154.07,0.0
1753848000,2025-07-30 04:00:00,4.0,68.97,0.01,0.09,49.15,0.71,31.46,156.34,0.0
1753851600,2025-07-30 05:00:00,4.0,69.18,0.01,0.07,50.06,0.7,31.33,156.94,0.0
1753855200,2025-07-30 06:00:00,4.0,69.27,0.01,0.06,50.7,0.68,31.49,158.04,0.0
1753858800,2025-07-30 07:00:00,4.0,69.32,0.01,0.06,50.83,0.67,31.88,159.42,0.0
1753862400,2025-07-30 08:00:00,4.0,69.18,0.01,0.05,50.51,0.67,32.15,159.12,0.0
1753866000,2025-07-30 09:00:00,4.0,68.84,0.01,0.05,49.81,0.68,32.35,157.15,0.0
1753869600,2025-07-30 10:00:00,4.0,68.52,0.01,0.06,49.01,0.69,32.82,155.08,0.0
1753873200,2025-07-30 11:00:00,4.0,68.35,0.01,0.06,48.28,0.7,33.58,153.86,0.0
1753876800,2025-07-30 12:00:00,4.0,68.62,0.01,0.07,47.96,0.71,34.89,155.45,0.0
1753880400,2025-07-30 13:00:00,4.0,69.76,0.0,0.09,48.16,0.71,36.92,160.45,0.0
1753884000,2025-07-30 14:00:00,4.0,71.28,0.0,0.11,48.61,0.71,39.31,166.87,0.0
1753887600,2025-07-30 15:00:00,4.0,72.5,0.0,0.11,48.8,0.7,41.51,172.21,0.0
1753891200,2025-07-30 16:00:00,4.0,73.02,0.0,0.12,48.53,0.7,42.72,174.94,0.0
1753894800,2025-07-30 17:00:00,4.0,72.93,0.0,0.12,47.77,0.7,42.88,175.34,0.0
1753898400,2025-07-30 18:00:00,4.0,72.57,0.0,0.12,46.66,0.7,42.13,173.0,0.0
1753902000,2025-07-30 19:00:00,4.0,72.15,0.0,0.12,45.51,0.7,40.46,168.58,0.0
1753905600,2025-07-30 20:00:00,4.0,72.25,0.0,0.12,44.91,0.7,38.35,163.21,0.0
1753909200,2025-07-30 21:00:00,4.0,72.35,0.0,0.11,44.89,0.69,36.24,158.39,0.0
1753912800,2025-07-30 22:00:00,4.0,72.49,0.0,0.11,45.3,0.67,34.53,154.7,0.0
1753916400,2025-07-30 23:00:00,4.0,71.99,0.0,0.11,45.46,0.67,32.93,150.18,0.0
1753920000,2025-07-31 00:00:00,4.0,70.93,0.0,0.11,45.46,0.67,31.43,143.89,0.0
1753923600,2025-07-31 01:00:00,4.0,70.08,0.0,0.11,45.66,0.67,30.48,142.06,0.0
1753927200,2025-07-31 02:00:00,4.0,69.94,0.0,0.11,46.25,0.66,29.96,141.56,0.0
1753930800,2025-07-31 03:00:00,4.0,70.18,0.0,0.1,46.94,0.64,29.49,139.91,0.0
1753934400,2025-07-31 04:00:00,4.0,70.58,0.0,0.1,47.54,0.62,29.18,138.39,0.0
1753938000,2025-07-31 05:00:00,4.0,71.4,0.01,0.09,48.05,0.61,29.12,138.06,0.0
1753941600,2025-07-31 06:00:00,4.0,72.05,0.01,0.08,48.09,0.6,29.08,137.56,0.0
1753945200,2025-07-31 07:00:00,4.0,72.21,0.01,0.07,47.73,0.6,29.39,137.61,0.0
1753948800,2025-07-31 08:00:00,4.0,72.27,0.01,0.06,47.08,0.59,29.57,134.38,0.0
1753952400,2025-07-31 09:00:00,4.0,72.18,0.01,0.06,46.26,0.58,29.63,133.11,0.0
1753956000,2025-07-31 10:00:00,4.0,71.98,0.01,0.06,45.65,0.58,29.73,132.61,0.0
1753959600,2025-07-31 11:00:00,4.0,72.14,0.01,0.07,45.39,0.57,29.8,134.33,0.0
1753963200,2025-07-31 12:00:00,4.0,72.33,0.01,0.08,45.46,0.57,29.88,137.84,0.0
1753966800,2025-07-31 13:00:00,4.0,72.8,0.0,0.09,45.65,0.56,29.93,139.15,0.0
1753970400,2025-07-31 14:00:00,4.0,73.1,0.0,0.11,45.74,0.55,30.08,139.69,0.0
1753974000,2025-07-31 15:00:00,4.0,73.34,0.0,0.11,45.54,0.55,30.31,139.97,0.0
1753977600,2025-07-31 16:00:00,4.0,73.35,0.0,0.11,45.23,0.54,30.58,140.46,0.0
1753981200,2025-07-31 17:00:00,4.0,73.66,0.0,0.11,44.99,0.54,31.01,142.07,0.0
1753984800,2025-07-31 18:00:00,4.0,74.48,0.0,0.11,44.92,0.53,31.55,144.89,0.0
1753988400,2025-07-31 19:00:00,4.0,75.34,0.0,0.11,44.85,0.51,31.92,147.74,0.0
1753992000,2025-07-31 20:00:00,4.0,76.23,0.0,0.1,44.87,0.51,32.07,149.8,0.0
1753995600,2025-07-31 21:00:00,4.0,76.66,0.0,0.1,44.88,0.51,31.65,149.29,0.0
1753999200,2025-07-31 22:00:00,4.0,76.55,0.0,0.1,44.92,0.52,30.54,144.1,0.0
1754002800,2025-07-31 23:00:00,4.0,76.13,0.0,0.1,45.04,0.53,29.06,136.64,0.0
1754006400,2025-08-01 00:00:00,4.0,75.66,0.0,0.1,45.29,0.54,27.61,129.85,0.0
1754010000,2025-08-01 01:00:00,4.0,75.17,0.0,0.1,45.73,0.53,25.81,118.61,0.0
1754013600,2025-08-01 02:00:00,4.0,75.39,0.0,0.1,46.46,0.5,23.46,103.01,0.0
1754017200,2025-08-01 03:00:00,3.0,75.59,0.0,0.1,47.12,0.47,21.43,89.79,0.0
1754020800,2025-08-01 04:00:00,3.0,75.32,0.01,0.08,47.44,0.44,20.08,79.59,0.0
1754024400,2025-08-01 05:00:00,3.0,74.9,0.01,0.07,47.32,0.43,19.66,73.25,0.0
1754028000,2025-08-01 06:00:00,3.0,74.68,0.01,0.07,46.8,0.42,19.6,68.27,0.0
1754031600,2025-08-01 07:00:00,3.0,75.03,0.01,0.06,46.23,0.41,19.57,65.52,0.0
1754035200,2025-08-01 08:00:00,3.0,75.99,0.01,0.06,45.71,0.4,19.56,64.75,0.0
1754038800,2025-08-01 09:00:00,3.0,77.52,0.01,0.05,45.35,0.39,19.7,65.37,0.0
1754042400,2025-08-01 10:00:00,3.0,79.24,0.01,0.05,45.23,0.38,19.96,67.95,0.0
1754046000,2025-08-01 11:00:00,3.0,80.85,0.01,0.05,45.15,0.37,20.1,70.63,0.0
1754049600,2025-08-01 12:00:00,3.0,81.54,0.01,0.05,45.09,0.38,20.45,74.81,0.0
1754053200,2025-08-01 13:00:00,3.0,81.76,0.0,0.06,45.05,0.39,21.08,81.17,0.0
1754056800,2025-08-01 14:00:00,3.0,81.49,0.0,0.08,44.96,0.41,21.93,88.78,0.0
1754060400,2025-08-01 15:00:00,3.0,80.33,0.0,0.09,44.67,0.43,23.17,98.04,0.0
1754064000,2025-08-01 16:00:00,4.0,78.49,0.0,0.09,44.01,0.45,24.46,108.02,0.0
1754067600,2025-08-01 17:00:00,4.0,76.46,0.0,0.09,43.39,0.46,25.64,116.8,0.0
1754071200,2025-08-01 18:00:00,4.0,74.49,0.0,0.09,42.87,0.47,26.29,122.32,0.0
1754074800,2025-08-01 19:00:00,4.0,72.71,0.0,0.09,42.56,0.47,25.9,121.78,0.0
1754078400,2025-08-01 20:00:00,4.0,71.4,0.0,0.09,42.81,0.46,24.54,113.92,0.0
1754082000,2025-08-01 21:00:00,4.0,70.73,0.0,0.09,43.39,0.43,22.69,102.28,0.0
1754085600,2025-08-01 22:00:00,3.0,70.84,0.0,0.09,44.35,0.41,20.95,90.78,0.0
1754089200,2025-08-01 23:00:00,3.0,71.42,0.0,0.08,45.63,0.38,19.45,79.54,0.0
1754092800,2025-08-02 00:00:00,3.0,72.05,0.0,0.08,46.89,0.36,18.41,71.53,0.0
1754096400,2025-08-02 01:00:00,3.0,72.53,0.0,0.08,48.04,0.35,17.85,68.08,0.0
1754100000,2025-08-02 02:00:00,3.0,72.41,0.0,0.08,48.58,0.36,17.85,67.96,0.0
1754103600,2025-08-02 03:00:00,3.0,71.8,0.0,0.08,48.73,0.36,17.94,67.19,0.0
1754107200,2025-08-02 04:00:00,3.0,71.17,0.01,0.07,48.62,0.36,17.73,64.45,0.0
1754110800,2025-08-02 05:00:00,3.0,70.88,0.01,0.06,48.25,0.36,17.47,61.7,0.0
1754114400,2025-08-02 06:00:00,3.0,70.64,0.01,0.05,47.7,0.36,17.23,60.09,0.0
1754118000,2025-08-02 07:00:00,3.0,70.59,0.01,0.05,46.93,0.36,17.01,58.17,0.0
1754121600,2025-08-02 08:00:00,3.0,70.37,0.01,0.05,46.07,0.35,16.85,56.83,0.0
1754125200,2025-08-02 09:00:00,3.0,70.23,0.01,0.04,45.22,0.34,16.79,57.39,0.0
1754128800,2025-08-02 10:00:00,3.0,70.49,0.01,0.04,44.57,0.34,16.94,61.03,0.0
1754132400,2025-08-02 11:00:00,3.0,70.98,0.01,0.04,44.19,0.34,16.85,64.84,0.0
1754136000,2025-08-02 12:00:00,3.0,71.83,0.01,0.05,44.18,0.33,16.63,66.38,0.0
1754139600,2025-08-02 13:00:00,3.0,72.93,0.0,0.05,44.37,0.32,16.23,63.4,0.0
1754143200,2025-08-02 14:00:00,3.0,74.38,0.0,0.06,44.75,0.31,15.99,59.9,0.0
1754146800,2025-08-02 15:00:00,3.0,75.95,0.0,0.07,45.02,0.3,16.02,58.8,0.0
1754150400,2025-08-02 16:00:00,3.0,77.17,0.0,0.07,45.14,0.31,16.55,61.7,0.0
1754154000,2025-08-02 17:00:00,3.0,77.77,0.0,0.08,45.06,0.32,17.7,67.91,0.0
1754157600,2025-08-02 18:00:00,3.0,77.3,0.0,0.08,44.9,0.34,19.13,74.6,0.0
1754161200,2025-08-02 19:00:00,3.0,76.05,0.0,0.08,44.66,0.34,20.13,77.63,0.0
1754164800,2025-08-02 20:00:00,3.0,74.71,0.0,0.08,44.56,0.34,20.64,78.27,0.0
1754168400,2025-08-02 21:00:00,3.0,73.44,0.0,0.08,44.63,0.33,20.7,78.08,0.0
1754172000,2025-08-02 22:00:00,3.0,72.48,0.0,0.08,44.84,0.32,20.23,74.42,0.0
1754175600,2025-08-02 23:00:00,3.0,72.34,0.0,0.08,45.3,0.31,19.36,68.04,0.0
1754179200,2025-08-03 00:00:00,3.0,72.61,0.0,0.08,45.98,0.3,18.69,62.79,0.0
1754182800,2025-08-03 01:00:00,3.0,73.07,0.0,0.08,46.61,0.29,18.48,62.12,0.0
1754186400,2025-08-03 02:00:00,3.0,73.74,0.0,0.08,47.27,0.29,18.73,65.33,0.0
1754190000,2025-08-03 03:00:00,3.0,74.46,0.0,0.08,48.01,0.29,19.06,68.92,0.0
1754193600,2025-08-03 04:00:00,3.0,74.87,0.0,0.07,48.68,0.29,19.23,71.52,0.0
1754197200,2025-08-03 05:00:00,3.0,74.22,0.01,0.06,48.56,0.3,19.53,75.45,0.0
1754200800,2025-08-03 06:00:00,3.0,73.46,0.01,0.05,48.12,0.31,19.51,77.94,0.0
1754204400,2025-08-03 07:00:00,3.0,72.99,0.01,0.05,47.45,0.31,19.13,79.16,0.0
1754208000,2025-08-03 08:00:00,3.0,72.77,0.01,0.04,46.72,0.3,18.35,78.59,0.0
1754211600,2025-08-03 09:00:00,3.0,72.75,0.01,0.04,46.1,0.29,17.4,76.35,0.0
1754215200,2025-08-03 10:00:00,3.0,72.88,0.01,0.05,45.68,0.29,16.53,73.44,0.0
1754218800,2025-08-03 11:00:00,3.0,72.37,0.01,0.05,45.07,0.29,15.88,70.67,0.0
1754222400,2025-08-03 12:00:00,3.0,71.28,0.01,0.05,44.26,0.3,15.48,68.1,0.0
1754226000,2025-08-03 13:00:00,3.0,70.74,0.01,0.06,43.72,0.3,15.11,64.09,0.0
1754229600,2025-08-03 14:00:00,3.0,71.37,0.0,0.08,43.59,0.29,14.68,59.39,0.0
1754233200,2025-08-03 15:00:00,3.0,73.01,0.0,0.08,43.85,0.29,14.35,56.03,0.0
1754236800,2025-08-03 16:00:00,3.0,75.59,0.0,0.08,44.42,0.28,13.9,52.7,0.0
1754240400,2025-08-03 17:00:00,2.0,78.8,0.0,0.08,45.26,0.28,13.47,49.97,0.0
1754244000,2025-08-03 18:00:00,2.0,81.1,0.0,0.08,45.98,0.28,13.35,48.4,0.0
1754247600,2025-08-03 19:00:00,2.0,81.73,0.0,0.08,46.29,0.28,13.47,47.55,0.0
1754251200,2025-08-03 20:00:00,2.0,81.59,0.0,0.08,46.42,0.28,13.85,48.46,0.0
1754254800,2025-08-03 21:00:00,2.0,80.7,0.0,0.08,46.5,0.28,14.18,49.74,0.0
1754258400,2025-08-03 22:00:00,3.0,79.4,0.0,0.08,46.66,0.28,14.21,50.48,0.0
1754262000,2025-08-03 23:00:00,3.0,78.06,0.0,0.08,47.08,0.27,13.96,50.84,0.0
1754265600,2025-08-04 00:00:00,3.0,76.89,0.0,0.07,47.63,0.28,13.71,51.62,0.0
1754269200,2025-08-04 01:00:00,3.0,75.91,0.0,0.07,48.24,0.28,13.38,50.22,0.0
1754272800,2025-08-04 02:00:00,2.0,74.98,0.0,0.08,48.8,0.27,13.05,48.44,0.0
1754276400,2025-08-04 03:00:00,2.0,74.41,0.0,0.08,49.36,0.27,12.67,46.9,0.0
1754280000,2025-08-04 04:00:00,2.0,74.15,0.01,0.06,49.82,0.27,12.22,46.47,0.0
1754283600,2025-08-04 05:00:00,2.0,74.14,0.01,0.05,50.13,0.26,11.78,46.31,0.0
1754287200,2025-08-04 06:00:00,2.0,74.22,0.01,0.04,49.99,0.26,11.43,45.71,0.0
1754290800,2025-08-04 07:00:00,2.0,74.23,0.01,0.04,49.31,0.25,11.21,45.05,0.0
1754294400,2025-08-04 08:00:00,2.0,74.21,0.01,0.03,48.25,0.25,11.22,44.97,0.0
1754298000,2025-08-04 09:00:00,2.0,74.14,0.01,0.03,47.1,0.25,11.27,44.92,0.0
1754301600,2025-08-04 10:00:00,2.0,74.16,0.01,0.03,46.17,0.25,11.24,44.07,0.0
1754305200,2025-08-04 11:00:00,2.0,74.22,0.0,0.04,45.52,0.25,10.9,42.54,0.0
1754308800,2025-08-04 12:00:00,2.0,74.02,0.0,0.04,45.17,0.25,10.41,41.17,0.0
1754312400,2025-08-04 13:00:00,2.0,73.74,0.0,0.05,45.03,0.26,9.99,39.48,0.0
1754316000,2025-08-04 14:00:00,2.0,73.52,0.0,0.06,44.89,0.27,9.82,37.57,0.0
1754319600,2025-08-04 15:00:00,2.0,73.62,0.0,0.07,44.82,0.28,9.97,37.11,0.0
1754323200,2025-08-04 16:00:00,2.0,74.36,0.0,0.07,44.76,0.28,10.27,37.11,0.0
1754326800,2025-08-04 17:00:00,2.0,75.85,0.0,0.07,44.73,0.29,10.66,37.89,0.0
1754330400,2025-08-04 18:00:00,2.0,77.0,0.0,0.07,44.66,0.3,11.23,40.22,0.0
1754334000,2025-08-04 19:00:00,2.0,77.45,0.0,0.07,44.39,0.31,11.91,42.91,0.0
1754337600,2025-08-04 20:00:00,2.0,77.53,0.0,0.07,44.09,0.32,12.63,45.82,0.0
1754341200,2025-08-04 21:00:00,2.0,77.09,0.0,0.08,43.72,0.32,13.21,49.19,0.0
1754344800,2025-08-04 22:00:00,3.0,76.64,0.0,0.08,43.39,0.32,13.52,52.21,0.0
1754348400,2025-08-04 23:00:00,3.0,76.41,0.0,0.08,43.11,0.32,13.35,52.49,0.0
1754352000,2025-08-05 00:00:00,3.0,76.11,0.0,0.08,42.93,0.31,12.87,50.89,0.0
1754355600,2025-08-05 01:00:00,3.0,75.7,0.0,0.08,42.87,0.31,12.42,50.2,0.0
1754359200,2025-08-05 02:00:00,2.0,75.34,0.0,0.08,43.01,0.31,12.12,49.65,0.0
1754362800,2025-08-05 03:00:00,2.0,75.36,0.0,0.08,43.39,0.31,11.85,47.89,0.0
1754366400,2025-08-05 04:00:00,2.0,75.67,0.0,0.08,43.88,0.3,11.66,46.32,0.0
1754370000,2025-08-05 05:00:00,2.0,76.04,0.01,0.07,44.35,0.31,11.81,46.82,0.0
1754373600,2025-08-05 06:00:00,2.0,76.52,0.01,0.06,44.69,0.31,11.86,47.0,0.0
1754377200,2025-08-05 07:00:00,2.0,76.76,0.01,0.05,44.87,0.32,11.74,46.49,0.0
1754380800,2025-08-05 08:00:00,2.0,76.93,0.01,0.05,44.97,0.31,11.49,45.48,0.0
1754384400,2025-08-05 09:00:00,2.0,76.8,0.01,0.05,44.9,0.31,11.23,44.7,0.0
1754388000,2025-08-05 10:00:00,2.0,76.69,0.0,0.05,44.71,0.31,10.95,44.54,0.0
1754391600,2025-08-05 11:00:00,2.0,77.06,0.0,0.06,44.39,0.31,10.5,44.2,0.0
1754395200,2025-08-05 12:00:00,2.0,77.63,0.0,0.06,43.94,0.31,10.21,44.55,0.0
1754398800,2025-08-05 13:00:00,2.0,78.62,0.0,0.07,43.5,0.3,10.13,42.87,0.0
1754402400,2025-08-05 14:00:00,2.0,79.53,0.0,0.08,43.13,0.3,10.26,40.95,0.0
1754406000,2025-08-05 15:00:00,2.0,80.05,0.0,0.08,42.96,0.3,10.64,41.22,0.0
1754409600,2025-08-05 16:00:00,2.0,80.44,0.0,0.08,42.92,0.31,11.09,44.47,0.0
1754413200,2025-08-05 17:00:00,2.0,81.24,0.0,0.08,42.92,0.32,11.44,48.09,0.0
1754416800,2025-08-05 18:00:00,3.0,82.16,0.0,0.08,42.86,0.33,11.72,50.02,0.0
1754420400,2025-08-05 19:00:00,3.0,82.79,0.0,0.08,42.67,0.33,11.97,50.03,0.0
1754424000,2025-08-05 20:00:00,2.0,83.1,0.0,0.08,42.44,0.32,12.24,49.43,0.0
1754427600,2025-08-05 21:00:00,2.0,82.8,0.0,0.08,42.32,0.32,12.57,49.92,0.0
1754431200,2025-08-05 22:00:00,3.0,82.34,0.0,0.08,42.23,0.32,12.9,50.84,0.0
1754434800,2025-08-05 23:00:00,3.0,81.67,0.0,0.08,42.19,0.32,13.36,55.41,0.0
1754438400,2025-08-06 00:00:00,3.0,81.16,0.0,0.08,42.22,0.32,13.74,59.63,0.0
1754442000,2025-08-06 01:00:00,3.0,81.22,0.0,0.08,42.36,0.31,13.83,60.66,0.0
1754445600,2025-08-06 02:00:00,3.0,81.56,0.0,0.08,42.67,0.3,13.56,58.45,0.0
1754449200,2025-08-06 03:00:00,3.0,82.25,0.0,0.08,43.03,0.29,13.07,55.35,0.0
1754452800,2025-08-06 04:00:00,3.0,83.02,0.01,0.06,43.45,0.28,12.55,53.89,0.0
1754456400,2025-08-06 05:00:00,3.0,83.37,0.01,0.05,43.54,0.28,12.15,53.38,0.0
1754460000,2025-08-06 06:00:00,3.0,83.36,0.01,0.04,43.27,0.28,11.78,52.45,0.0
1754463600,2025-08-06 07:00:00,2.0,83.19,0.01,0.04,42.73,0.28,11.33,49.07,0.0
1754467200,2025-08-06 08:00:00,2.0,82.97,0.01,0.04,42.07,0.27,10.78,44.28,0.0
1754470800,2025-08-06 09:00:00,2.0,83.07,0.01,0.04,41.54,0.26,10.31,40.05,0.0
1754474400,2025-08-06 10:00:00,2.0,83.48,0.01,0.04,41.29,0.26,10.09,37.3,0.0
1754478000,2025-08-06 11:00:00,2.0,83.71,0.01,0.04,41.1,0.26,10.14,35.84,0.0
1754481600,2025-08-06 12:00:00,2.0,84.23,0.01,0.05,41.18,0.26,10.25,34.89,0.0
1754485200,2025-08-06 13:00:00,2.0,84.94,0.0,0.05,41.33,0.26,10.33,34.5,0.0
1754488800,2025-08-06 14:00:00,2.0,85.88,0.0,0.07,41.49,0.26,10.41,34.95,0.0
1754492400,2025-08-06 15:00:00,2.0,86.87,0.0,0.07,41.55,0.26,10.51,36.01,0.0
1754496000,2025-08-06 16:00:00,2.0,87.78,0.0,0.07,41.55,0.27,10.52,37.27,0.0
1754499600,2025-08-06 17:00:00,2.0,88.96,0.0,0.07,41.59,0.27,10.53,38.13,0.0
1754503200,2025-08-06 18:00:00,2.0,90.05,0.0,0.07,41.71,0.27,10.65,38.41,0.0
1754506800,2025-08-06 19:00:00,2.0,90.94,0.0,0.07,41.86,0.27,10.74,37.94,0.0
1754510400,2025-08-06 20:00:00,2.0,92.07,0.0,0.07,42.17,0.27,10.83,37.7,0.0
1754514000,2025-08-06 21:00:00,2.0,92.91,0.0,0.07,42.46,0.27,11.01,38.24,0.0
1754517600,2025-08-06 22:00:00,2.0,93.44,0.0,0.07,42.78,0.26,11.3,38.74,0.0
1754521200,2025-08-06 23:00:00,2.0,93.53,0.0,0.07,43.0,0.26,11.72,39.31,0.0
1754524800,2025-08-07 00:00:00,2.0,93.31,0.0,0.07,43.11,0.26,12.29,41.41,0.0
1754528400,2025-08-07 01:00:00,2.0,92.99,0.0,0.08,43.27,0.26,13.03,45.56,0.0
1754532000,2025-08-07 02:00:00,3.0,92.51,0.0,0.08,43.43,0.27,13.87,50.67,0.0
1754535600,2025-08-07 03:00:00,3.0,92.66,0.0,0.08,43.89,0.27,14.41,54.63,0.0
1754539200,2025-08-07 04:00:00,3.0,92.98,0.01,0.06,44.38,0.27,14.79,58.48,0.0
1754542800,2025-08-07 05:00:00,3.0,92.32,0.01,0.05,44.31,0.28,15.44,63.37,0.0
1754546400,2025-08-07 06:00:00,3.0,91.05,0.01,0.04,43.77,0.3,15.99,67.22,0.0
1754550000,2025-08-07 07:00:00,3.0,89.76,0.01,0.04,42.87,0.3,16.21,69.43,0.0
1754553600,2025-08-07 08:00:00,3.0,88.54,0.01,0.04,41.96,0.31,16.03,69.97,0.0
1754557200,2025-08-07 09:00:00,3.0,87.73,0.01,0.04,41.24,0.3,15.6,69.5,0.0
1754560800,2025-08-07 10:00:00,3.0,87.51,0.01,0.04,40.9,0.29,14.89,67.27,0.0
1754564400,2025-08-07 11:00:00,3.0,88.3,0.01,0.04,40.99,0.28,13.71,62.07,0.0
1754568000,2025-08-07 12:00:00,3.0,89.11,0.01,0.04,41.25,0.26,12.52,56.53,0.0
1754571600,2025-08-07 13:00:00,3.0,90.28,0.01,0.05,41.73,0.25,11.48,50.81,0.0
1754575200,2025-08-07 14:00:00,2.0,91.33,0.0,0.06,42.2,0.24,10.72,45.99,0.0
1754578800,2025-08-07 15:00:00,2.0,91.8,0.0,0.07,42.61,0.23,10.37,43.15,0.0
1754582400,2025-08-07 16:00:00,2.0,91.42,0.0,0.07,42.81,0.23,10.13,40.93,0.0
1754586000,2025-08-07 17:00:00,2.0,90.94,0.0,0.07,42.91,0.23,9.93,38.92,0.0
1754589600,2025-08-07 18:00:00,2.0,90.43,0.0,0.07,42.89,0.23,9.72,37.14,0.0
1754593200,2025-08-07 19:00:00,2.0,89.69,0.0,0.06,42.69,0.23,9.5,35.79,0.0
1754596800,2025-08-07 20:00:00,2.0,89.0,0.0,0.06,42.57,0.23,9.42,35.19,0.0
1754600400,2025-08-07 21:00:00,2.0,88.25,0.0,0.06,42.38,0.24,9.48,35.24,0.0
1754604000,2025-08-07 22:00:00,2.0,87.76,0.0,0.06,42.28,0.24,9.55,34.18,0.0
1754607600,2025-08-07 23:00:00,2.0,87.54,0.0,0.06,42.22,0.23,9.52,32.69,0.0
1754611200,2025-08-08 00:00:00,2.0,88.07,0.0,0.06,42.26,0.22,9.49,31.72,0.0
1754614800,2025-08-08 01:00:00,2.0,88.92,0.0,0.06,42.4,0.22,9.57,31.72,0.0
1754618400,2025-08-08 02:00:00,2.0,90.03,0.0,0.07,42.6,0.22,9.8,32.84,0.0
1754622000,2025-08-08 03:00:00,2.0,91.22,0.0,0.06,42.88,0.22,10.15,34.66,0.0
1754625600,2025-08-08 04:00:00,2.0,91.78,0.01,0.05,43.04,0.22,10.58,36.84,0.0
1754629200,2025-08-08 05:00:00,2.0,91.71,0.01,0.04,42.98,0.22,11.12,39.95,0.0
1754632800,2025-08-08 06:00:00,2.0,90.71,0.01,0.04,42.55,0.22,11.71,43.9,0.0
1754636400,2025-08-08 07:00:00,2.0,89.29,0.01,0.03,41.75,0.23,12.28,48.73,0.0
1754640000,2025-08-08 08:00:00,3.0,87.28,0.01,0.03,40.71,0.23,12.93,53.87,0.0
1754643600,2025-08-08 09:00:00,3.0,84.77,0.01,0.03,39.61,0.24,13.37,57.33,0.0
1754647200,2025-08-08 10:00:00,3.0,82.64,0.01,0.03,38.59,0.25,13.45,59.0,0.0
1754650800,2025-08-08 11:00:00,3.0,80.57,0.01,0.03,37.89,0.26,13.09,59.13,0.0
1754654400,2025-08-08 12:00:00,3.0,79.12,0.01,0.04,37.53,0.27,12.49,58.41,0.0
1754658000,2025-08-08 13:00:00,3.0,77.79,0.01,0.05,37.59,0.28,11.89,57.19,0.0
1754661600,2025-08-08 14:00:00,3.0,76.68,0.0,0.06,37.77,0.29,11.41,55.74,0.0
1754665200,2025-08-08 15:00:00,3.0,75.62,0.0,0.07,38.03,0.3,11.12,54.14,0.0
1754668800,2025-08-08 16:00:00,3.0,74.97,0.0,0.07,38.37,0.3,10.71,50.16,0.0
1754672400,2025-08-08 17:00:00,2.0,75.48,0.0,0.07,38.84,0.29,10.01,44.02,0.0
1754676000,2025-08-08 18:00:00,2.0,76.25,0.0,0.07,39.24,0.28,9.4,39.23,0.0
1754679600,2025-08-08 19:00:00,2.0,76.57,0.0,0.07,39.41,0.27,9.0,35.45,0.0
1754683200,2025-08-08 20:00:00,2.0,76.96,0.0,0.07,39.56,0.27,8.88,34.38,0.0
1754686800,2025-08-08 21:00:00,2.0,77.41,0.0,0.06,39.64,0.27,8.97,35.12,0.0
1754690400,2025-08-08 22:00:00,2.0,78.08,0.0,0.06,39.71,0.28,9.1,36.11,0.0
1754694000,2025-08-08 23:00:00,2.0,79.12,0.0,0.06,39.83,0.27,9.07,35.79,0.0
1754697600,2025-08-09 00:00:00,2.0,80.35,0.0,0.06,40.04,0.26,8.92,34.44,0.0
1754701200,2025-08-09 01:00:00,2.0,81.27,0.0,0.06,40.18,0.25,8.82,33.94,0.0
1754704800,2025-08-09 02:00:00,2.0,81.44,0.0,0.06,40.28,0.25,8.88,34.16,0.0
1754708400,2025-08-09 03:00:00,2.0,81.39,0.0,0.06,40.42,0.24,9.0,34.5,0.0
1754712000,2025-08-09 04:00:00,2.0,81.3,0.0,0.06,40.62,0.24,9.16,35.15,0.0
1754715600,2025-08-09 05:00:00,2.0,80.39,0.0,0.05,40.76,0.24,9.62,37.52,0.0
1754719200,2025-08-09 06:00:00,2.0,79.27,0.01,0.04,40.79,0.24,10.35,41.4,0.0
1754722800,2025-08-09 07:00:00,2.0,78.34,0.01,0.04,40.77,0.25,11.09,45.61,0.0
1754726400,2025-08-09 08:00:00,2.0,77.68,0.01,0.04,40.68,0.25,11.71,49.46,0.0
1754730000,2025-08-09 09:00:00,3.0,77.65,0.01,0.04,40.66,0.25,12.03,52.17,0.0
1754733600,2025-08-09 10:00:00,3.0,77.93,0.01,0.04,40.62,0.26,12.1,54.09,0.0
1754737200,2025-08-09 11:00:00,3.0,77.34,0.0,0.04,40.19,0.26,12.21,56.38,0.0
1754740800,2025-08-09 12:00:00,3.0,76.14,0.0,0.05,39.43,0.28,12.45,59.05,0.0
1754744400,2025-08-09 13:00:00,3.0,74.57,0.0,0.06,38.65,0.29,12.72,61.52,0.0
1754748000,2025-08-09 14:00:00,3.0,72.9,0.0,0.06,37.95,0.3,12.83,62.9,0.0
1754751600,2025-08-09 15:00:00,3.0,71.46,0.0,0.07,37.5,0.3,12.79,62.97,0.0
1754755200,2025-08-09 16:00:00,3.0,70.27,0.0,0.07,37.33,0.31,12.31,60.58,0.0
1754758800,2025-08-09 17:00:00,3.0,69.84,0.0,0.07,37.49,0.31,11.46,55.81,0.0
1754762400,2025-08-09 18:00:00,3.0,69.21,0.0,0.07,37.68,0.31,10.71,51.12,0.0
1754766000,2025-08-09 19:00:00,2.0,68.44,0.0,0.07,37.78,0.31,10.11,46.28,0.0
1754769600,2025-08-09 20:00:00,2.0,68.22,0.0,0.07,37.89,0.31,9.6,42.4,0.0
1754773200,2025-08-09 21:00:00,2.0,68.66,0.0,0.07,38.01,0.31,9.08,39.26,0.0
1754776800,2025-08-09 22:00:00,2.0,69.65,0.0,0.07,38.09,0.3,8.62,37.27,0.0
1754780400,2025-08-09 23:00:00,2.0,70.69,0.0,0.07,38.12,0.29,8.4,36.09,0.0
1754784000,2025-08-10 00:00:00,2.0,71.37,0.0,0.07,38.07,0.29,8.44,35.34,0.0
1754787600,2025-08-10 01:00:00,2.0,71.69,0.0,0.07,38.02,0.28,8.65,34.27,0.0
1754791200,2025-08-10 02:00:00,2.0,71.42,0.0,0.07,37.78,0.28,8.95,33.13,0.0
1754794800,2025-08-10 03:00:00,2.0,71.18,0.0,0.07,37.61,0.27,9.22,32.63,0.0
1754798400,2025-08-10 04:00:00,2.0,71.26,0.01,0.06,37.52,0.26,9.51,32.88,0.0
1754802000,2025-08-10 05:00:00,2.0,71.16,0.01,0.05,37.38,0.26,10.13,35.14,0.0
1754805600,2025-08-10 06:00:00,2.0,71.47,0.01,0.05,37.15,0.27,10.78,38.08,0.0
1754809200,2025-08-10 07:00:00,2.0,72.4,0.01,0.04,36.85,0.27,11.28,41.08,0.0
1754812800,2025-08-10 08:00:00,2.0,73.37,0.01,0.04,36.57,0.26,11.54,43.7,0.0
1754816400,2025-08-10 09:00:00,2.0,74.13,0.01,0.04,36.21,0.26,11.72,46.11,0.0
1754820000,2025-08-10 10:00:00,2.0,74.44,0.01,0.04,36.08,0.26,11.91,49.07,0.0
1754823600,2025-08-10 11:00:00,3.0,74.32,0.01,0.04,36.07,0.27,11.98,51.99,0.0
1754827200,2025-08-10 12:00:00,3.0,73.35,0.01,0.05,36.19,0.28,12.2,54.43,0.0
1754830800,2025-08-10 13:00:00,3.0,72.3,0.01,0.06,36.48,0.29,12.38,55.76,0.0
1754834400,2025-08-10 14:00:00,3.0,71.47,0.0,0.07,36.72,0.3,12.12,53.98,0.0
1754838000,2025-08-10 15:00:00,2.0,71.15,0.0,0.07,37.11,0.29,11.52,49.86,0.0
1754841600,2025-08-10 16:00:00,2.0,71.56,0.0,0.07,37.41,0.28,10.78,44.49,0.0
1754845200,2025-08-10 17:00:00,2.0,72.3,0.0,0.07,37.79,0.28,10.14,40.6,0.0
1754848800,2025-08-10 18:00:00,2.0,72.54,0.0,0.07,38.19,0.3,9.66,38.85,0.0
1754852400,2025-08-10 19:00:00,2.0,72.68,0.0,0.07,38.46,0.3,9.19,37.38,0.0
1754856000,2025-08-10 20:00:00,2.0,72.98,0.0,0.07,38.7,0.3,8.71,35.77,0.0
1754859600,2025-08-10 21:00:00,2.0,73.66,0.0,0.07,38.91,0.3,8.31,34.21,0.0
1754863200,2025-08-10 22:00:00,2.0,74.58,0.0,0.06,39.17,0.29,7.99,32.05,0.0
1754866800,2025-08-10 23:00:00,2.0,75.3,0.0,0.06,39.42,0.28,7.87,29.75,0.0
1754870400,2025-08-11 00:00:00,2.0,76.07,0.0,0.06,39.67,0.27,7.97,28.4,0.0
1754874000,2025-08-11 01:00:00,2.0,76.64,0.0,0.06,39.92,0.28,8.27,29.02,0.0
1754877600,2025-08-11 02:00:00,2.0,77.33,0.0,0.07,40.1,0.29,8.69,30.59,0.0
1754881200,2025-08-11 03:00:00,2.0,78.37,0.0,0.07,40.25,0.29,8.89,31.1,0.0
1754884800,2025-08-11 04:00:00,2.0,79.32,0.01,0.06,40.28,0.29,9.03,31.87,0.0
1754888400,2025-08-11 05:00:00,2.0,80.06,0.01,0.05,40.07,0.31,9.45,34.6,0.0
1754892000,2025-08-11 06:00:00,2.0,80.16,0.01,0.04,39.54,0.32,10.09,38.89,0.0
1754895600,2025-08-11 07:00:00,2.0,79.75,0.01,0.04,38.61,0.33,10.83,43.73,0.0
1754899200,2025-08-11 08:00:00,2.0,79.13,0.01,0.04,37.58,0.33,11.33,47.11,0.0
1754902800,2025-08-11 09:00:00,2.0,78.09,0.01,0.04,36.7,0.33,11.6,48.99,0.0
1754906400,2025-08-11 10:00:00,3.0,76.84,0.01,0.04,36.01,0.33,11.72,50.07,0.0
1754910000,2025-08-11 11:00:00,2.0,75.2,0.01,0.04,35.74,0.33,11.53,49.81,0.0
1754913600,2025-08-11 12:00:00,2.0,73.71,0.01,0.05,35.8,0.34,11.15,48.74,0.0
1754917200,2025-08-11 13:00:00,2.0,73.28,0.0,0.07,36.29,0.35,10.65,46.97,0.0
1754920800,2025-08-11 14:00:00,2.0,73.82,0.0,0.08,36.85,0.35,10.12,44.73,0.0
1754924400,2025-08-11 15:00:00,2.0,74.7,0.0,0.08,37.24,0.35,9.65,42.63,0.0
1754928000,2025-08-11 16:00:00,2.0,75.57,0.0,0.08,37.46,0.35,9.26,40.87,0.0
1754931600,2025-08-11 17:00:00,2.0,76.24,0.0,0.08,37.53,0.35,9.23,40.79,0.0
1754935200,2025-08-11 18:00:00,2.0,76.46,0.0,0.08,37.48,0.36,9.57,42.82,0.0
1754938800,2025-08-11 19:00:00,2.0,75.93,0.0,0.08,37.2,0.38,10.25,45.02,0.0
1754942400,2025-08-11 20:00:00,2.0,75.34,0.0,0.08,36.87,0.4,11.07,47.55,0.0
1754946000,2025-08-11 21:00:00,2.0,75.22,0.0,0.09,36.56,0.4,11.52,48.88,0.0
1754949600,2025-08-11 22:00:00,2.0,75.88,0.0,0.08,36.48,0.4,11.37,47.44,0.0
1754953200,2025-08-11 23:00:00,2.0,77.03,0.0,0.08,36.71,0.39,10.92,45.65,0.0
1754956800,2025-08-12 00:00:00,2.0,77.91,0.0,0.08,37.08,0.38,10.77,45.73,0.0
1754960400,2025-08-12 01:00:00,2.0,78.14,0.0,0.08,37.44,0.39,11.33,49.15,0.0
1754964000,2025-08-12 02:00:00,3.0,77.05,0.0,0.08,37.0,0.41,12.65,55.73,0.0
1754967600,2025-08-12 03:00:00,3.0,75.49,0.0,0.08,36.34,0.44,13.79,61.74,0.0
1754971200,2025-08-12 04:00:00,3.0,74.42,0.01,0.08,36.05,0.44,14.18,63.61,0.0
1754974800,2025-08-12 05:00:00,3.0,74.3,0.01,0.07,36.31,0.43,14.09,63.45,0.0
1754978400,2025-08-12 06:00:00,3.0,74.56,0.01,0.06,36.78,0.42,13.75,62.49,0.0
1754982000,2025-08-12 07:00:00,3.0,74.82,0.01,0.05,37.04,0.41,13.4,61.93,0.0
1754985600,2025-08-12 08:00:00,3.0,74.34,0.01,0.05,36.88,0.42,13.27,61.99,0.0
1754989200,2025-08-12 09:00:00,3.0,73.37,0.01,0.05,36.42,0.43,13.33,62.4,0.0
1754992800,2025-08-12 10:00:00,3.0,72.87,0.01,0.05,36.19,0.44,13.44,62.63,0.0
1754996400,2025-08-12 11:00:00,3.0,72.93,0.01,0.06,36.29,0.44,13.32,61.44,0.0
1755000000,2025-08-12 12:00:00,3.0,73.53,0.01,0.06,36.6,0.44,13.1,59.69,0.0
1755003600,2025-08-12 13:00:00,3.0,74.02,0.01,0.08,36.97,0.44,13.14,59.12,0.0
1755007200,2025-08-12 14:00:00,3.0,73.71,0.0,0.1,37.27,0.44,13.29,59.16,0.0
1755010800,2025-08-12 15:00:00,3.0,73.11,0.0,0.1,37.51,0.45,13.53,59.89,0.0
1755014400,2025-08-12 16:00:00,3.0,72.94,0.0,0.11,37.77,0.46,13.72,60.74,0.0
1755018000,2025-08-12 17:00:00,3.0,73.35,0.0,0.11,38.16,0.45,13.66,60.43,0.0
1755021600,2025-08-12 18:00:00,3.0,74.22,0.0,0.11,38.47,0.45,13.7,60.56,0.0
1755025200,2025-08-12 19:00:00,3.0,74.55,0.0,0.11,38.6,0.45,14.22,61.85,0.0
1755028800,2025-08-12 20:00:00,3.0,74.32,0.0,0.11,38.5,0.46,15.45,66.98,0.0
1755032400,2025-08-12 21:00:00,3.0,73.71,0.0,0.11,38.21,0.49,16.89,73.96,0.0
1755036000,2025-08-12 22:00:00,3.0,73.29,0.0,0.12,38.22,0.5,18.04,80.07,0.0
1755039600,2025-08-12 23:00:00,3.0,73.39,0.0,0.12,38.6,0.5,18.65,83.86,0.0
1755043200,2025-08-13 00:00:00,3.0,74.13,0.0,0.12,39.34,0.51,19.38,87.88,0.0
1755046800,2025-08-13 01:00:00,3.0,74.82,0.0,0.11,40.31,0.51,20.56,94.71,0.0
1755050400,2025-08-13 02:00:00,4.0,75.08,0.0,0.11,40.93,0.52,21.57,101.01,0.0
1755054000,2025-08-13 03:00:00,4.0,74.95,0.0,0.12,41.15,0.53,22.13,104.57,0.0
1755057600,2025-08-13 04:00:00,4.0,74.59,0.01,0.12,41.11,0.52,22.26,105.95,0.0
1755061200,2025-08-13 05:00:00,4.0,74.26,0.01,0.11,41.05,0.52,22.19,106.15,0.0
1755064800,2025-08-13 06:00:00,4.0,74.17,0.01,0.09,40.86,0.51,21.93,105.39,0.0
1755068400,2025-08-13 07:00:00,4.0,74.06,0.01,0.08,40.5,0.5,21.49,103.68,0.0
1755072000,2025-08-13 08:00:00,4.0,73.99,0.01,0.07,40.03,0.5,20.96,101.37,0.0
1755075600,2025-08-13 09:00:00,3.0,73.89,0.01,0.07,39.54,0.5,20.47,99.19,0.0
1755079200,2025-08-13 10:00:00,3.0,73.93,0.01,0.07,39.25,0.5,20.14,97.6,0.0
1755082800,2025-08-13 11:00:00,3.0,74.13,0.01,0.08,39.15,0.5,19.85,96.22,0.0
1755086400,2025-08-13 12:00:00,3.0,74.27,0.01,0.09,39.24,0.49,19.66,95.0,0.0
1755090000,2025-08-13 13:00:00,3.0,74.85,0.0,0.1,39.45,0.49,19.61,94.33,0.0
1755093600,2025-08-13 14:00:00,3.0,74.99,0.0,0.11,39.53,0.49,19.65,93.74,0.0
1755097200,2025-08-13 15:00:00,3.0,75.01,0.0,0.11,39.53,0.5,19.78,93.45,0.0
1755100800,2025-08-13 16:00:00,3.0,75.04,0.0,0.11,39.52,0.5,19.88,93.15,0.0
1755104400,2025-08-13 17:00:00,3.0,75.31,0.0,0.11,39.65,0.49,19.94,92.82,0.0
1755108000,2025-08-13 18:00:00,3.0,75.76,0.0,0.11,39.88,0.48,19.93,92.41,0.0
1755111600,2025-08-13 19:00:00,3.0,76.33,0.0,0.11,40.25,0.46,19.81,91.97,0.0
1755115200,2025-08-13 20:00:00,3.0,76.78,0.0,0.11,40.62,0.44,19.86,92.46,0.0
1755118800,2025-08-13 21:00:00,3.0,77.01,0.0,0.11,40.67,0.43,20.01,92.97,0.0
1755122400,2025-08-13 22:00:00,3.0,77.15,0.0,0.11,40.62,0.43,20.21,93.43,0.0
1755126000,2025-08-13 23:00:00,3.0,77.36,0.0,0.11,40.66,0.43,20.38,93.6,0.0
1755129600,2025-08-14 00:00:00,3.0,77.71,0.0,0.11,40.84,0.42,20.57,94.2,0.0
1755133200,2025-08-14 01:00:00,3.0,78.29,0.0,0.11,41.26,0.4,20.8,95.37,0.0
1755136800,2025-08-14 02:00:00,3.0,78.85,0.0,0.11,41.62,0.39,21.03,96.32,0.0
1755140400,2025-08-14 03:00:00,3.0,79.18,0.0,0.12,41.78,0.38,21.16,96.47,0.0
1755144000,2025-08-14 04:00:00,3.0,79.26,0.0,0.12,41.66,0.37,21.15,95.87,0.0
1755147600,2025-08-14 05:00:00,3.0,79.37,0.01,0.11,41.61,0.36,21.06,94.98,0.0
1755151200,2025-08-14 06:00:00,3.0,79.4,0.01,0.11,41.49,0.36,20.93,93.9,0.0
1755154800,2025-08-14 07:00:00,3.0,79.19,0.01,0.1,41.29,0.35,20.68,92.44,0.0
1755158400,2025-08-14 08:00:00,3.0,78.86,0.01,0.09,41.21,0.34,20.39,90.76,0.0
1755162000,2025-08-14 09:00:00,3.0,78.59,0.01,0.09,41.07,0.33,20.07,89.1,0.0
1755165600,2025-08-14 10:00:00,3.0,78.43,0.01,0.09,40.96,0.32,19.85,87.61,0.0
1755169200,2025-08-14 11:00:00,3.0,77.98,0.01,0.09,40.77,0.32,19.72,86.51,0.0
1755172800,2025-08-14 12:00:00,3.0,77.53,0.0,0.11,40.8,0.32,19.66,86.1,0.0
1755176400,2025-08-14 13:00:00,3.0,77.46,0.0,0.12,41.04,0.33,19.63,86.14,0.0
1755180000,2025-08-14 14:00:00,3.0,77.51,0.0,0.13,41.41,0.33,19.52,85.78,0.0
1755183600,2025-08-14 15:00:00,3.0,77.66,0.0,0.13,41.91,0.32,19.29,84.94,0.0
1755187200,2025-08-14 16:00:00,3.0,78.04,0.0,0.13,42.54,0.3,18.91,83.42,0.0
1755190800,2025-08-14 17:00:00,3.0,78.69,0.0,0.12,43.03,0.3,18.55,81.76,0.0
1755194400,2025-08-14 18:00:00,3.0,79.32,0.0,0.12,43.42,0.29,18.26,80.34,0.0
1755198000,2025-08-14 19:00:00,3.0,79.83,0.0,0.11,43.69,0.28,17.95,78.72,0.0
1755201600,2025-08-14 20:00:00,3.0,80.27,0.0,0.11,44.0,0.27,17.68,77.36,0.0
1755205200,2025-08-14 21:00:00,3.0,80.65,0.0,0.11,44.16,0.26,17.49,76.36,0.0
1755208800,2025-08-14 22:00:00,3.0,80.84,0.0,0.1,44.22,0.25,17.37,75.59,0.0
1755212400,2025-08-14 23:00:00,3.0,81.04,0.0,0.1,44.2,0.24,17.17,72.95,0.0
1755216000,2025-08-15 00:00:00,3.0,81.21,0.0,0.1,44.16,0.23,16.92,69.9,0.0
1755219600,2025-08-15 01:00:00,3.0,81.3,0.0,0.1,44.01,0.21,16.6,66.44,0.0
1755223200,2025-08-15 02:00:00,3.0,81.39,0.0,0.1,43.99,0.2,16.28,62.57,0.0
1755226800,2025-08-15 03:00:00,3.0,81.5,0.0,0.11,43.97,0.19,15.87,58.47,0.0
1755230400,2025-08-15 04:00:00,3.0,81.43,0.01,0.09,43.84,0.17,15.47,55.8,0.0
1755234000,2025-08-15 05:00:00,3.0,81.41,0.01,0.08,43.7,0.17,15.21,54.51,0.0
1755237600,2025-08-15 06:00:00,3.0,81.37,0.01,0.06,43.29,0.16,15.07,53.46,0.0
1755241200,2025-08-15 07:00:00,3.0,81.21,0.01,0.05,42.37,0.15,15.09,52.69,0.0
1755244800,2025-08-15 08:00:00,3.0,81.11,0.01,0.05,41.13,0.15,15.32,52.4,0.0
1755248400,2025-08-15 09:00:00,3.0,80.85,0.01,0.05,39.96,0.15,15.65,52.39,0.0
1755252000,2025-08-15 10:00:00,3.0,80.9,0.01,0.05,39.21,0.15,16.09,53.08,0.0
1755255600,2025-08-15 11:00:00,3.0,80.73,0.01,0.05,38.67,0.15,16.6,54.27,0.0
1755259200,2025-08-15 12:00:00,3.0,80.36,0.01,0.06,38.42,0.16,17.14,55.99,0.0
1755262800,2025-08-15 13:00:00,3.0,80.13,0.01,0.08,38.36,0.16,17.65,58.14,0.0
1755266400,2025-08-15 14:00:00,3.0,79.89,0.0,0.1,38.2,0.17,18.02,60.32,0.0
1755270000,2025-08-15 15:00:00,3.0,79.53,0.0,0.1,38.08,0.17,18.19,62.35,0.0
1755273600,2025-08-15 16:00:00,3.0,79.3,0.0,0.1,38.02,0.17,18.1,63.52,0.0
1755277200,2025-08-15 17:00:00,3.0,79.17,0.0,0.1,38.06,0.17,17.65,63.18,0.0
1755280800,2025-08-15 18:00:00,3.0,79.13,0.0,0.1,38.18,0.17,16.98,61.76,0.0
1755284400,2025-08-15 19:00:00,3.0,79.15,0.0,0.09,38.27,0.16,16.12,59.22,0.0
1755288000,2025-08-15 20:00:00,3.0,79.18,0.0,0.09,38.37,0.15,15.36,56.64,0.0
1755291600,2025-08-15 21:00:00,3.0,79.27,0.0,0.09,38.5,0.15,14.74,54.12,0.0
1755295200,2025-08-15 22:00:00,3.0,79.51,0.0,0.09,38.64,0.15,14.24,51.69,0.0
1755298800,2025-08-15 23:00:00,2.0,79.78,0.0,0.09,38.74,0.14,13.92,49.62,0.0
1755302400,2025-08-16 00:00:00,2.0,80.03,0.0,0.09,38.83,0.13,13.74,47.97,0.0
1755306000,2025-08-16 01:00:00,2.0,80.09,0.0,0.09,38.93,0.13,13.65,46.75,0.0
1755309600,2025-08-16 02:00:00,2.0,80.34,0.0,0.09,38.94,0.12,13.59,45.93,0.0
1755313200,2025-08-16 03:00:00,2.0,80.5,0.0,0.09,39.03,0.11,13.58,45.5,0.0
1755316800,2025-08-16 04:00:00,2.0,80.69,0.01,0.08,38.91,0.11,13.57,45.08,0.0
1755320400,2025-08-16 05:00:00,2.0,80.81,0.01,0.07,38.79,0.1,13.56,44.73,0.0
1755324000,2025-08-16 06:00:00,2.0,80.95,0.01,0.06,38.57,0.1,13.57,44.4,0.0
1755327600,2025-08-16 07:00:00,2.0,81.0,0.01,0.05,38.15,0.1,13.53,43.82,0.0
1755331200,2025-08-16 08:00:00,2.0,81.04,0.01,0.04,37.5,0.09,13.49,43.21,0.0
1755334800,2025-08-16 09:00:00,2.0,81.05,0.01,0.04,36.87,0.09,13.43,42.53,0.0
1755338400,2025-08-16 10:00:00,2.0,81.38,0.01,0.04,36.46,0.09,13.45,42.09,0.0
1755342000,2025-08-16 11:00:00,2.0,81.72,0.01,0.05,36.36,0.08,13.54,41.72,0.0
1755345600,2025-08-16 12:00:00,2.0,82.14,0.0,0.06,36.65,0.08,13.66,41.45,0.0
1755349200,2025-08-16 13:00:00,2.0,83.01,0.0,0.07,37.36,0.08,13.86,41.26,0.0
1755352800,2025-08-16 14:00:00,2.0,84.02,0.0,0.07,38.14,0.08,14.03,40.9,0.0
1755356400,2025-08-16 15:00:00,2.0,84.96,0.0,0.08,39.08,0.08,14.21,40.83,0.0
1755360000,2025-08-16 16:00:00,2.0,85.81,0.0,0.08,39.97,0.08,14.25,40.51,0.0
1755363600,2025-08-16 17:00:00,2.0,86.58,0.0,0.08,40.72,0.09,14.28,40.53,0.0
1755367200,2025-08-16 18:00:00,2.0,87.29,0.0,0.08,41.35,0.09,14.3,40.81,0.0
1755370800,2025-08-16 19:00:00,2.0,87.64,0.0,0.08,41.79,0.1,14.21,40.87,0.0
1755374400,2025-08-16 20:00:00,2.0,87.88,0.0,0.08,41.87,0.1,13.93,40.28,0.0
1755378000,2025-08-16 21:00:00,2.0,87.64,0.0,0.08,41.76,0.1,13.52,39.22,0.0
1755381600,2025-08-16 22:00:00,2.0,87.38,0.0,0.08,41.53,0.1,13.11,38.16,0.0
1755385200,2025-08-16 23:00:00,2.0,87.21,0.0,0.08,41.24,0.1,12.74,37.15,0.0
1755388800,2025-08-17 00:00:00,2.0,87.04,0.0,0.08,40.99,0.09,12.47,36.44,0.0
1755392400,2025-08-17 01:00:00,2.0,86.89,0.0,0.07,40.78,0.09,12.3,36.03,0.0
1755396000,2025-08-17 02:00:00,2.0,86.85,0.0,0.08,40.65,0.09,12.32,36.36,0.0
1755399600,2025-08-17 03:00:00,2.0,86.81,0.0,0.08,40.56,0.08,12.58,37.57,0.0
1755403200,2025-08-17 04:00:00,2.0,87.02,0.0,0.08,40.4,0.08,12.97,39.03,0.0
1755406800,2025-08-17 05:00:00,2.0,87.21,0.01,0.06,40.17,0.08,13.35,40.3,0.0
1755410400,2025-08-17 06:00:00,2.0,87.26,0.01,0.05,39.81,0.08,13.67,41.18,0.0
1755414000,2025-08-17 07:00:00,2.0,87.34,0.01,0.04,39.08,0.08,13.85,41.6,0.0
1755417600,2025-08-17 08:00:00,2.0,87.08,0.01,0.04,38.11,0.08,13.93,41.73,0.0
1755421200,2025-08-17 09:00:00,2.0,86.85,0.01,0.04,37.18,0.08,13.96,41.63,0.0
1755424800,2025-08-17 10:00:00,2.0,86.85,0.01,0.04,36.36,0.07,13.91,41.3,0.0
1755428400,2025-08-17 11:00:00,2.0,86.68,0.01,0.04,35.68,0.07,13.74,40.6,0.0
1755432000,2025-08-17 12:00:00,2.0,86.52,0.01,0.05,35.38,0.07,13.46,39.55,0.0
1755435600,2025-08-17 13:00:00,2.0,86.6,0.01,0.05,35.5,0.06,13.16,38.4,0.0
1755439200,2025-08-17 14:00:00,2.0,86.46,0.0,0.07,35.43,0.06,12.85,37.17,0.0
1755442800,2025-08-17 15:00:00,2.0,86.32,0.0,0.08,35.25,0.06,12.53,36.05,0.0
1755446400,2025-08-17 16:00:00,2.0,85.96,0.0,0.08,35.0,0.06,12.22,34.83,0.0
1755450000,2025-08-17 17:00:00,2.0,85.58,0.0,0.08,34.8,0.06,11.91,33.48,0.0
1755453600,2025-08-17 18:00:00,2.0,85.43,0.0,0.08,34.5,0.06,11.58,31.95,0.0
1755457200,2025-08-17 19:00:00,2.0,84.9,0.0,0.08,34.23,0.06,11.19,30.17,0.0
1755460800,2025-08-17 20:00:00,2.0,84.55,0.0,0.08,33.93,0.06,10.89,28.69,0.0
1755464400,2025-08-17 21:00:00,2.0,84.17,0.0,0.07,33.71,0.06,10.67,27.61,0.0
1755468000,2025-08-17 22:00:00,2.0,83.92,0.0,0.08,33.25,0.07,10.56,26.32,0.0
1755471600,2025-08-17 23:00:00,2.0,83.83,0.0,0.08,32.71,0.09,10.56,25.52,0.0
1755475200,2025-08-18 00:00:00,2.0,84.0,0.0,0.08,32.37,0.1,10.65,25.4,0.0
1755478800,2025-08-18 01:00:00,2.0,83.98,0.0,0.08,32.08,0.11,10.76,25.37,0.0
1755482400,2025-08-18 02:00:00,2.0,84.12,0.0,0.08,31.65,0.1,10.91,25.62,0.0
1755486000,2025-08-18 03:00:00,2.0,84.32,0.0,0.09,31.46,0.09,11.06,26.16,0.0
1755489600,2025-08-18 04:00:00,2.0,84.87,0.0,0.09,31.82,0.08,10.91,25.99,0.0
1755493200,2025-08-18 05:00:00,2.0,85.52,0.01,0.09,31.87,0.08,10.84,25.97,0.0
1755496800,2025-08-18 06:00:00,2.0,85.9,0.01,0.09,31.94,0.09,11.02,26.41,0.0
1755500400,2025-08-18 07:00:00,2.0,86.02,0.01,0.07,31.9,0.09,11.51,27.89,0.0
1755504000,2025-08-18 08:00:00,2.0,85.8,0.01,0.06,31.49,0.08,12.03,29.36,0.0
1755507600,2025-08-18 09:00:00,2.0,85.44,0.01,0.05,30.92,0.07,12.25,29.71,0.0
1755511200,2025-08-18 10:00:00,2.0,85.11,0.01,0.05,30.55,0.07,12.23,29.15,0.0
1755514800,2025-08-18 11:00:00,2.0,84.83,0.01,0.06,30.26,0.09,12.15,28.82,0.0
1755518400,2025-08-18 12:00:00,2.0,84.58,0.01,0.06,30.14,0.12,11.99,28.49,0.0
1755522000,2025-08-18 13:00:00,2.0,84.72,0.0,0.08,30.2,0.14,11.82,28.14,0.0
1755525600,2025-08-18 14:00:00,2.0,84.86,0.0,0.08,30.38,0.16,11.67,27.8,0.0
1755529200,2025-08-18 15:00:00,2.0,85.07,0.0,0.09,30.69,0.17,11.56,27.49,0.0
1755532800,2025-08-18 16:00:00,2.0,85.06,0.0,0.09,30.98,0.18,11.41,26.01,0.0
1755536400,2025-08-18 17:00:00,2.0,85.14,0.0,0.09,31.48,0.18,11.61,25.36,0.0
1755540000,2025-08-18 18:00:00,2.0,85.05,0.0,0.09,31.93,0.18,12.06,25.79,0.0
1755543600,2025-08-18 19:00:00,2.0,84.89,0.0,0.09,32.37,0.18,12.46,25.86,0.0
1755547200,2025-08-18 20:00:00,2.0,84.4,0.0,0.1,32.8,0.19,12.94,26.31,0.0
1755550800,2025-08-18 21:00:00,2.0,83.73,0.0,0.1,33.4,0.2,13.49,27.13,0.0
1755554400,2025-08-18 22:00:00,2.0,83.07,0.0,0.1,34.2,0.23,13.43,25.14,0.0
1755558000,2025-08-18 23:00:00,2.0,82.4,0.0,0.11,35.13,0.24,12.92,21.7,0.0
1755561600,2025-08-19 00:00:00,2.0,81.81,0.0,0.11,36.13,0.24,12.4,19.18,0.0
1755565200,2025-08-19 01:00:00,2.0,80.9,0.0,0.12,36.82,0.23,11.56,17.18,0.0
1755568800,2025-08-19 02:00:00,2.0,80.42,0.0,0.12,37.37,0.22,11.0,16.4,0.0
1755572400,2025-08-19 03:00:00,2.0,80.08,0.0,0.13,37.74,0.22,10.74,16.29,0.0
1755576000,2025-08-19 04:00:00,2.0,79.85,0.0,0.13,37.87,0.21,10.35,15.62,0.0
1755579600,2025-08-19 05:00:00,1.0,79.8,0.01,0.12,37.9,0.2,9.63,14.06,0.0
1755583200,2025-08-19 06:00:00,1.0,79.95,0.01,0.11,37.72,0.18,8.74,12.25,0.0
1755586800,2025-08-19 07:00:00,1.0,80.02,0.01,0.1,37.32,0.16,8.31,11.34,0.0
1755590400,2025-08-19 08:00:00,1.0,80.01,0.01,0.1,36.82,0.15,8.37,11.18,0.0
1755594000,2025-08-19 09:00:00,1.0,79.91,0.01,0.1,36.4,0.14,8.44,11.06,0.0
1755597600,2025-08-19 10:00:00,1.0,80.24,0.01,0.1,36.39,0.14,8.41,10.88,0.0
1755601200,2025-08-19 11:00:00,1.0,80.18,0.0,0.11,36.42,0.14,8.29,10.86,0.0
1755604800,2025-08-19 12:00:00,1.0,80.07,0.0,0.11,36.62,0.14,8.42,11.27,0.0
1755608400,2025-08-19 13:00:00,1.0,80.1,0.0,0.11,37.09,0.14,8.87,12.19,0.0
1755612000,2025-08-19 14:00:00,1.0,79.95,0.0,0.11,37.34,0.16,9.62,13.91,0.0
1755615600,2025-08-19 15:00:00,2.0,79.61,0.0,0.11,37.64,0.17,10.4,15.96,0.0
1755619200,2025-08-19 16:00:00,2.0,79.65,0.0,0.1,38.06,0.2,11.11,18.9,0.0
1755622800,2025-08-19 17:00:00,2.0,79.72,0.0,0.1,38.51,0.23,11.76,22.73,0.0
1755626400,2025-08-19 18:00:00,2.0,79.8,0.0,0.09,39.02,0.26,12.2,26.68,0.0
1755630000,2025-08-19 19:00:00,2.0,79.72,0.0,0.09,39.61,0.28,12.49,30.48,0.0
1755633600,2025-08-19 20:00:00,2.0,79.34,0.0,0.09,40.05,0.3,12.75,33.9,0.0
1755637200,2025-08-19 21:00:00,2.0,78.84,0.0,0.09,40.41,0.32,13.09,36.94,0.0
1755640800,2025-08-19 22:00:00,2.0,78.35,0.0,0.09,40.65,0.32,12.49,31.69,0.0
1755644400,2025-08-19 23:00:00,2.0,78.01,0.0,0.09,40.72,0.3,11.91,26.52,0.0
1755648000,2025-08-20 00:00:00,2.0,77.99,0.0,0.09,40.59,0.29,11.79,25.08,0.0
1755651600,2025-08-20 01:00:00,2.0,78.39,0.0,0.09,40.28,0.28,11.94,24.59,0.0
1755655200,2025-08-20 02:00:00,2.0,78.69,0.0,0.09,39.82,0.27,11.93,23.05,0.0
1755658800,2025-08-20 03:00:00,2.0,78.99,0.0,0.1,39.21,0.25,11.61,20.57,0.0
1755662400,2025-08-20 04:00:00,2.0,79.63,0.0,0.11,38.65,0.24,10.62,17.11,0.0
1755666000,2025-08-20 05:00:00,1.0,80.57,0.0,0.12,38.13,0.26,9.44,14.19,0.0
1755669600,2025-08-20 06:00:00,1.0,81.84,0.0,0.11,37.75,0.32,8.26,11.93,0.0
1755673200,2025-08-20 07:00:00,1.0,83.91,0.01,0.11,37.66,0.34,7.31,10.76,0.0
1755676800,2025-08-20 08:00:00,1.0,86.27,0.01,0.11,37.68,0.34,6.75,10.47,0.0
1755680400,2025-08-20 09:00:00,1.0,89.37,0.01,0.12,38.0,0.36,6.42,10.53,0.0
1755684000,2025-08-20 10:00:00,1.0,92.96,0.01,0.11,38.68,0.36,6.58,11.16,0.0
1755687600,2025-08-20 11:00:00,1.0,95.5,0.01,0.13,39.19,0.37,7.12,12.39,0.0
1755691200,2025-08-20 12:00:00,1.0,97.36,0.01,0.15,39.7,0.38,7.84,14.04,0.0
1755694800,2025-08-20 13:00:00,1.0,100.77,0.0,0.19,40.74,0.43,8.64,15.42,0.0
1755698400,2025-08-20 14:00:00,1.0,104.43,0.0,0.25,41.79,0.5,9.24,15.89,0.0
1755702000,2025-08-20 15:00:00,1.0,108.69,0.0,0.33,42.77,0.56,9.68,15.91,0.0
1755705600,2025-08-20 16:00:00,2.0,119.83,0.0,0.55,44.92,0.76,10.32,16.43,0.0
1755709200,2025-08-20 17:00:00,2.0,131.6,0.0,0.78,46.59,1.04,11.08,17.71,0.0
1755712800,2025-08-20 18:00:00,2.0,137.31,0.0,0.9,46.89,1.22,11.63,19.06,0.0
1755716400,2025-08-20 19:00:00,2.0,136.02,0.0,0.87,45.9,1.37,11.38,18.42,0.0
1755720000,2025-08-20 20:00:00,2.0,132.19,0.0,0.77,44.42,1.42,10.62,16.44,0.0
1755723600,2025-08-20 21:00:00,1.0,129.88,0.0,0.73,43.41,1.43,9.91,14.66,0.0
1755727200,2025-08-20 22:00:00,1.0,126.4,0.0,0.69,42.15,1.28,9.37,13.61,0.0
1755730800,2025-08-20 23:00:00,1.0,121.14,0.0,0.64,40.71,1.1,8.93,13.04,0.0
1755734400,2025-08-21 00:00:00,1.0,117.72,0.0,0.6,39.84,1.0,8.58,12.56,0.0
1755738000,2025-08-21 01:00:00,1.0,118.63,0.0,0.59,40.6,1.04,8.59,12.45,0.0
1755741600,2025-08-21 02:00:00,1.0,117.9,0.0,0.54,40.81,0.95,8.48,12.29,0.0
1755745200,2025-08-21 03:00:00,1.0,115.29,0.0,0.51,40.71,0.84,8.17,11.71,0.0
1755748800,2025-08-21 04:00:00,1.0,112.6,0.02,0.47,40.61,0.74,7.84,11.08,0.0
1755752400,2025-08-21 05:00:00,1.0,108.89,0.03,0.38,40.46,0.62,7.41,10.33,0.0
1755756000,2025-08-21 06:00:00,1.0,104.02,0.03,0.25,40.51,0.47,6.8,9.36,0.0
1755759600,2025-08-21 07:00:00,1.0,100.12,0.02,0.15,40.86,0.31,6.04,8.16,0.0
1755763200,2025-08-21 08:00:00,1.0,96.39,0.01,0.11,40.28,0.19,5.14,7.05,0.0
1755766800,2025-08-21 09:00:00,1.0,94.02,0.01,0.08,39.46,0.14,4.33,6.31,0.0
1755770400,2025-08-21 10:00:00,1.0,95.03,0.01,0.07,39.4,0.13,3.76,5.82,0.0
1755774000,2025-08-21 11:00:00,1.0,97.31,0.0,0.07,39.46,0.12,3.47,5.63,0.0
1755777600,2025-08-21 12:00:00,1.0,100.85,0.0,0.08,39.98,0.12,3.53,5.82,0.0
1755781200,2025-08-21 13:00:00,1.0,104.41,0.0,0.09,40.82,0.13,3.83,6.29,0.0
1755784800,2025-08-21 14:00:00,1.0,107.46,0.0,0.11,41.67,0.13,4.29,6.82,0.0
1755788400,2025-08-21 15:00:00,1.0,109.43,0.0,0.11,42.39,0.13,4.84,7.35,0.0
1755792000,2025-08-21 16:00:00,1.0,110.63,0.0,0.11,42.82,0.12,5.31,7.74,0.0
1755795600,2025-08-21 17:00:00,1.0,111.68,0.0,0.11,43.14,0.12,5.74,8.16,0.0
1755799200,2025-08-21 18:00:00,1.0,112.55,0.0,0.11,43.41,0.12,6.12,8.65,0.0
1755802800,2025-08-21 19:00:00,1.0,113.52,0.0,0.11,43.53,0.13,6.4,9.38,0.0
1755806400,2025-08-21 20:00:00,1.0,115.04,0.0,0.12,43.68,0.15,6.6,10.39,0.0
1755810000,2025-08-21 21:00:00,1.0,117.13,0.0,0.12,43.74,0.18,6.81,11.54,0.0
1755813600,2025-08-21 22:00:00,1.0,120.26,0.0,0.12,43.88,0.19,6.99,12.24,0.0
1755817200,2025-08-21 23:00:00,1.0,123.31,0.0,0.12,43.99,0.2,7.11,12.72,0.0
1755820800,2025-08-22 00:00:00,1.0,125.96,0.0,0.12,43.94,0.21,7.18,13.18,0.0
1755824400,2025-08-22 01:00:00,1.0,127.27,0.0,0.12,43.84,0.21,7.2,13.43,0.0
1755828000,2025-08-22 02:00:00,1.0,127.99,0.0,0.12,43.75,0.21,7.19,13.3,0.0
1755831600,2025-08-22 03:00:00,1.0,128.27,0.0,0.13,43.77,0.21,7.07,12.73,0.0
1755835200,2025-08-22 04:00:00,1.0,128.45,0.0,0.13,43.79,0.19,6.79,11.53,0.0
1755838800,2025-08-22 05:00:00,1.0,128.13,0.0,0.13,43.81,0.18,6.55,10.57,0.0
1755842400,2025-08-22 06:00:00,1.0,127.82,0.01,0.11,43.86,0.17,6.41,9.98,0.0
1755846000,2025-08-22 07:00:00,1.0,127.22,0.01,0.1,43.87,0.16,6.25,9.52,0.0
1755849600,2025-08-22 08:00:00,1.0,127.02,0.01,0.1,44.04,0.16,6.14,9.44,0.0
1755853200,2025-08-22 09:00:00,1.0,127.16,0.01,0.1,44.41,0.18,6.03,9.55,0.0
1755856800,2025-08-22 10:00:00,1.0,127.6,0.01,0.1,45.12,0.19,6.02,10.12,0.0
1755860400,2025-08-22 11:00:00,1.0,127.8,0.01,0.11,46.03,0.22,6.11,11.08,0.0
1755864000,2025-08-22 12:00:00,1.0,127.7,0.0,0.12,47.17,0.24,6.42,12.51,0.0
1755867600,2025-08-22 13:00:00,1.0,127.16,0.0,0.13,48.54,0.26,7.11,14.73,0.0
1755871200,2025-08-22 14:00:00,1.0,125.3,0.0,0.14,49.71,0.29,8.18,18.07,0.0
1755874800,2025-08-22 15:00:00,2.0,121.52,0.0,0.14,50.35,0.32,9.33,21.59,0.0
1755878400,2025-08-22 16:00:00,2.0,115.98,0.0,0.12,49.99,0.34,10.38,25.84,0.0
1755882000,2025-08-22 17:00:00,2.0,110.47,0.0,0.11,49.06,0.35,11.22,29.38,0.0
1755885600,2025-08-22 18:00:00,2.0,106.49,0.0,0.11,48.03,0.36,11.95,31.71,0.0
1755889200,2025-08-22 19:00:00,2.0,104.85,0.0,0.1,47.12,0.36,12.53,33.44,0.0
1755892800,2025-08-22 20:00:00,2.0,104.73,0.0,0.11,46.41,0.36,12.85,33.76,0.0
1755896400,2025-08-22 21:00:00,2.0,104.29,0.0,0.11,45.43,0.34,12.94,32.89,0.0
1755900000,2025-08-22 22:00:00,2.0,103.15,0.0,0.12,44.36,0.34,12.84,31.6,0.0
1755903600,2025-08-22 23:00:00,2.0,100.98,0.0,0.12,43.14,0.34,12.95,31.39,0.0
1755907200,2025-08-23 00:00:00,2.0,98.18,0.0,0.12,41.98,0.36,13.19,32.23,0.0
1755910800,2025-08-23 01:00:00,2.0,95.65,0.0,0.12,41.0,0.37,13.58,34.07,0.0
1755914400,2025-08-23 02:00:00,2.0,93.98,0.0,0.12,40.55,0.37,13.83,35.6,0.0
1755918000,2025-08-23 03:00:00,2.0,93.84,0.01,0.11,40.84,0.36,13.74,36.44,0.0
1755921600,2025-08-23 04:00:00,2.0,95.69,0.01,0.09,41.84,0.35,13.41,36.86,0.0
1755925200,2025-08-23 05:00:00,2.0,98.06,0.01,0.07,42.78,0.34,13.16,37.35,0.0
1755928800,2025-08-23 06:00:00,2.0,99.68,0.01,0.06,43.18,0.33,13.32,38.69,0.0
1755932400,2025-08-23 07:00:00,2.0,99.79,0.01,0.06,42.79,0.34,13.98,42.18,0.0
1755936000,2025-08-23 08:00:00,2.0,97.7,0.01,0.05,41.65,0.36,15.08,47.86,0.0
1755939600,2025-08-23 09:00:00,3.0,94.43,0.01,0.05,40.2,0.38,16.23,54.0,0.0
1755943200,2025-08-23 10:00:00,3.0,91.27,0.01,0.06,39.0,0.4,17.18,57.61,0.0
1755946800,2025-08-23 11:00:00,3.0,89.13,0.01,0.06,38.26,0.41,17.73,58.4,0.0
1755950400,2025-08-23 12:00:00,3.0,88.86,0.01,0.07,37.85,0.42,18.04,59.73,0.0
1755954000,2025-08-23 13:00:00,3.0,90.12,0.0,0.09,37.85,0.44,18.19,64.5,0.0
1755957600,2025-08-23 14:00:00,3.0,92.44,0.0,0.1,37.98,0.46,18.09,69.36,0.0
1755961200,2025-08-23 15:00:00,3.0,95.37,0.0,0.1,38.14,0.47,17.95,71.58,0.0
1755964800,2025-08-23 16:00:00,3.0,98.63,0.0,0.11,38.34,0.47,17.62,72.85,0.0
1755968400,2025-08-23 17:00:00,3.0,101.8,0.0,0.11,38.67,0.47,17.24,72.63,0.0
1755972000,2025-08-23 18:00:00,3.0,103.55,0.0,0.11,38.89,0.47,16.8,70.55,0.0
1755975600,2025-08-23 19:00:00,3.0,103.72,0.0,0.11,39.07,0.46,16.27,67.57,0.0
1755979200,2025-08-23 20:00:00,3.0,102.69,0.0,0.12,39.22,0.45,16.0,65.19,0.0
1755982800,2025-08-23 21:00:00,3.0,101.3,0.0,0.12,39.4,0.46,16.42,66.78,0.0
1755986400,2025-08-23 22:00:00,3.0,99.39,0.0,0.12,39.48,0.46,17.07,69.66,0.0
1755990000,2025-08-23 23:00:00,3.0,97.09,0.0,0.12,39.29,0.48,17.66,72.02,0.0
1755993600,2025-08-24 00:00:00,3.0,95.46,0.0,0.12,39.36,0.47,17.56,68.96,0.0
1755997200,2025-08-24 01:00:00,3.0,94.38,0.0,0.12,39.47,0.47,17.34,66.61,0.0
1756000800,2025-08-24 02:00:00,3.0,93.92,0.0,0.12,39.68,0.47,17.24,65.27,0.0
1756004400,2025-08-24 03:00:00,3.0,93.83,0.0,0.11,40.08,0.47,17.21,64.85,0.0
1756008000,2025-08-24 04:00:00,3.0,94.39,0.01,0.11,40.47,0.47,17.27,67.57,0.0
1756011600,2025-08-24 05:00:00,3.0,95.06,0.01,0.09,40.84,0.49,17.58,74.41,0.0
1756015200,2025-08-24 06:00:00,3.0,95.58,0.01,0.08,41.1,0.5,17.9,81.0,0.0
1756018800,2025-08-24 07:00:00,3.0,95.43,0.01,0.07,41.02,0.51,17.98,83.78,0.0
1756022400,2025-08-24 08:00:00,3.0,94.5,0.01,0.06,40.67,0.51,18.01,84.59,0.0
1756026000,2025-08-24 09:00:00,3.0,92.67,0.01,0.06,40.14,0.52,18.2,85.51,0.0
1756029600,2025-08-24 10:00:00,3.0,90.43,0.01,0.06,39.6,0.53,18.53,86.74,0.0
1756033200,2025-08-24 11:00:00,3.0,88.24,0.01,0.06,39.17,0.54,18.9,87.81,0.0
1756036800,2025-08-24 12:00:00,3.0,86.6,0.01,0.07,38.92,0.54,19.25,88.69,0.0
1756040400,2025-08-24 13:00:00,3.0,86.01,0.01,0.08,38.85,0.55,19.52,89.34,0.0
1756044000,2025-08-24 14:00:00,3.0,85.56,0.0,0.1,38.7,0.55,19.67,89.78,0.0
1756047600,2025-08-24 15:00:00,3.0,85.37,0.0,0.11,38.49,0.55,19.85,91.03,0.0
1756051200,2025-08-24 16:00:00,3.0,85.79,0.0,0.12,38.18,0.56,20.03,93.05,0.0
1756054800,2025-08-24 17:00:00,3.0,87.29,0.0,0.12,38.11,0.56,20.21,94.64,0.0
1756058400,2025-08-24 18:00:00,3.0,88.9,0.0,0.12,38.09,0.56,20.24,95.16,0.0
1756062000,2025-08-24 19:00:00,3.0,89.77,0.0,0.12,38.08,0.55,19.93,92.17,0.0
1756065600,2025-08-24 20:00:00,3.0,89.21,0.0,0.12,38.03,0.53,19.55,89.32,0.0
1756069200,2025-08-24 21:00:00,3.0,87.74,0.0,0.12,37.94,0.52,19.34,87.96,0.0
1756072800,2025-08-24 22:00:00,3.0,86.11,0.0,0.12,37.94,0.51,19.41,90.07,0.0
1756076400,2025-08-24 23:00:00,3.0,84.37,0.0,0.12,37.84,0.51,19.61,91.93,0.0
1756080000,2025-08-25 00:00:00,3.0,83.25,0.0,0.12,37.89,0.51,19.64,92.12,0.0
1756083600,2025-08-25 01:00:00,3.0,82.82,0.0,0.11,38.13,0.51,19.59,89.59,0.0
1756087200,2025-08-25 02:00:00,3.0,82.45,0.0,0.12,38.23,0.5,19.58,87.3,0.0
1756090800,2025-08-25 03:00:00,3.0,82.39,0.01,0.11,38.37,0.49,19.54,86.56,0.0
1756094400,2025-08-25 04:00:00,3.0,82.27,0.01,0.1,38.5,0.49,19.47,87.52,0.0
1756098000,2025-08-25 05:00:00,3.0,81.67,0.02,0.09,38.62,0.49,19.37,88.82,0.0
1756101600,2025-08-25 06:00:00,3.0,80.75,0.02,0.08,38.4,0.49,19.19,88.49,0.0
1756105200,2025-08-25 07:00:00,3.0,80.23,0.01,0.07,38.05,0.48,18.98,86.59,0.0
1756108800,2025-08-25 08:00:00,3.0,79.98,0.01,0.07,37.66,0.47,18.83,85.29,0.0
1756112400,2025-08-25 09:00:00,3.0,79.64,0.01,0.08,37.16,0.48,18.84,85.07,0.0
1756116000,2025-08-25 10:00:00,3.0,79.07,0.01,0.08,36.82,0.49,19.12,88.71,0.0
1756119600,2025-08-25 11:00:00,3.0,78.03,0.01,0.08,36.36,0.51,19.48,92.31,0.0
1756123200,2025-08-25 12:00:00,3.0,77.15,0.01,0.09,36.0,0.52,19.75,91.95,0.0
1756126800,2025-08-25 13:00:00,3.0,76.83,0.01,0.11,35.74,0.53,20.09,94.05,0.0
1756130400,2025-08-25 14:00:00,3.0,76.58,0.0,0.12,35.46,0.54,20.36,96.6,0.0
1756134000,2025-08-25 15:00:00,3.0,76.42,0.0,0.13,35.21,0.55,20.56,97.77,0.0
1756137600,2025-08-25 16:00:00,3.0,76.37,0.0,0.13,35.07,0.55,20.66,98.0,0.0
1756141200,2025-08-25 17:00:00,3.0,76.52,0.0,0.13,34.94,0.55,20.78,98.16,0.0
1756144800,2025-08-25 18:00:00,3.0,77.19,0.0,0.12,35.02,0.55,20.81,98.41,0.0
1756148400,2025-08-25 19:00:00,3.0,78.92,0.0,0.12,35.24,0.53,20.67,98.59,0.0
1756152000,2025-08-25 20:00:00,3.0,81.41,0.0,0.12,35.63,0.5,20.42,98.95,0.0
1756155600,2025-08-25 21:00:00,3.0,83.38,0.0,0.12,35.87,0.48,20.22,98.59,0.0
1756159200,2025-08-25 22:00:00,3.0,84.25,0.0,0.12,35.86,0.47,20.06,96.46,0.0
1756162800,2025-08-25 23:00:00,3.0,84.59,0.0,0.12,35.78,0.46,19.83,92.74,0.0
1756166400,2025-08-26 00:00:00,3.0,84.05,0.0,0.12,35.61,0.46,19.62,88.22,0.0
1756170000,2025-08-26 01:00:00,3.0,83.82,0.0,0.12,35.54,0.45,19.58,87.99,0.0
1756173600,2025-08-26 02:00:00,3.0,84.49,0.0,0.13,35.96,0.43,19.61,88.23,0.0
1756177200,2025-08-26 03:00:00,3.0,85.6,0.0,0.13,36.65,0.4,19.56,86.41,0.0
1756180800,2025-08-26 04:00:00,3.0,86.62,0.01,0.12,37.4,0.37,19.3,80.0,0.0
1756184400,2025-08-26 05:00:00,3.0,86.98,0.01,0.11,37.81,0.34,19.08,73.64,0.0
1756188000,2025-08-26 06:00:00,3.0,86.5,0.01,0.1,37.91,0.33,19.04,70.14,0.0
1756191600,2025-08-26 07:00:00,3.0,85.73,0.01,0.09,37.86,0.33,19.12,69.97,0.0
1756195200,2025-08-26 08:00:00,3.0,85.24,0.01,0.08,37.76,0.33,19.28,72.23,0.0
1756198800,2025-08-26 09:00:00,3.0,84.63,0.01,0.07,37.53,0.34,19.42,73.98,0.0
1756202400,2025-08-26 10:00:00,3.0,84.01,0.01,0.07,37.24,0.34,19.5,75.42,0.0
1756206000,2025-08-26 11:00:00,3.0,82.79,0.01,0.08,36.94,0.36,19.41,76.41,0.0
1756209600,2025-08-26 12:00:00,3.0,81.71,0.01,0.09,36.69,0.38,19.09,75.52,0.0
1756213200,2025-08-26 13:00:00,3.0,81.58,0.01,0.1,36.64,0.39,18.54,72.63,0.0
1756216800,2025-08-26 14:00:00,3.0,82.52,0.0,0.12,36.77,0.38,17.86,67.98,0.0
1756220400,2025-08-26 15:00:00,3.0,83.95,0.0,0.12,36.97,0.37,17.5,64.97,0.0
1756224000,2025-08-26 16:00:00,3.0,85.57,0.0,0.12,37.12,0.38,17.47,65.88,0.0
1756227600,2025-08-26 17:00:00,3.0,87.58,0.0,0.11,37.44,0.38,17.73,69.09,0.0
1756231200,2025-08-26 18:00:00,3.0,89.89,0.0,0.11,37.72,0.38,18.02,71.25,0.0
1756234800,2025-08-26 19:00:00,3.0,92.34,0.0,0.11,37.93,0.37,18.2,72.03,0.0
1756238400,2025-08-26 20:00:00,3.0,94.98,0.0,0.11,38.23,0.38,18.42,72.42,0.0
1756242000,2025-08-26 21:00:00,3.0,97.62,0.0,0.12,38.42,0.38,18.55,72.85,0.0
1756245600,2025-08-26 22:00:00,3.0,100.12,0.0,0.12,38.52,0.38,18.56,71.58,0.0
1756249200,2025-08-26 23:00:00,3.0,102.41,0.0,0.12,38.55,0.37,18.42,69.27,0.0
1756252800,2025-08-27 00:00:00,3.0,104.86,0.0,0.12,38.75,0.36,18.22,67.28,0.0
1756256400,2025-08-27 01:00:00,3.0,108.47,0.0,0.12,39.4,0.34,18.02,65.87,0.0
1756260000,2025-08-27 02:00:00,3.0,112.84,0.0,0.11,40.34,0.32,17.8,64.51,0.0
1756263600,2025-08-27 03:00:00,3.0,117.36,0.0,0.12,41.52,0.3,17.52,62.41,0.0
1756267200,2025-08-27 04:00:00,3.0,120.92,0.0,0.12,42.48,0.29,17.2,59.89,0.0
1756270800,2025-08-27 05:00:00,3.0,123.1,0.01,0.1,43.07,0.28,17.19,58.43,0.0
1756274400,2025-08-27 06:00:00,3.0,124.5,0.01,0.08,43.37,0.27,17.26,57.06,0.0
1756278000,2025-08-27 07:00:00,3.0,124.8,0.01,0.06,43.22,0.26,17.37,56.59,0.0
1756281600,2025-08-27 08:00:00,3.0,123.97,0.01,0.06,42.78,0.26,17.52,56.97,0.0
1756285200,2025-08-27 09:00:00,3.0,121.89,0.01,0.06,42.09,0.26,17.7,58.3,0.0
1756288800,2025-08-27 10:00:00,3.0,119.17,0.01,0.06,41.68,0.26,17.88,60.9,0.0
1756292400,2025-08-27 11:00:00,3.0,114.79,0.01,0.06,41.27,0.27,18.06,64.59,0.0
1756296000,2025-08-27 12:00:00,3.0,109.89,0.01,0.07,40.95,0.27,18.21,68.83,0.0
1756299600,2025-08-27 13:00:00,3.0,105.47,0.01,0.09,40.68,0.28,18.18,72.23,0.0
1756303200,2025-08-27 14:00:00,3.0,101.52,0.0,0.1,40.34,0.28,17.95,74.03,0.0
1756306800,2025-08-27 15:00:00,3.0,97.67,0.0,0.1,39.86,0.29,17.78,75.46,0.0
1756310400,2025-08-27 16:00:00,3.0,95.32,0.0,0.1,39.56,0.3,17.58,76.65,0.0
1756314000,2025-08-27 17:00:00,3.0,94.85,0.0,0.1,39.7,0.3,17.5,78.5,0.0
1756317600,2025-08-27 18:00:00,3.0,94.75,0.0,0.1,39.99,0.31,17.47,79.74,0.0
1756321200,2025-08-27 19:00:00,3.0,94.39,0.0,0.1,40.07,0.31,17.26,78.35,0.0
1756324800,2025-08-27 20:00:00,3.0,93.74,0.0,0.1,40.07,0.31,16.82,72.89,0.0
1756328400,2025-08-27 21:00:00,3.0,92.94,0.0,0.1,39.94,0.31,16.37,68.23,0.0
1756332000,2025-08-27 22:00:00,3.0,92.9,0.0,0.1,40.01,0.31,15.92,65.34,0.0
1756335600,2025-08-27 23:00:00,3.0,94.13,0.0,0.1,40.5,0.3,15.44,63.36,0.0
1756339200,2025-08-28 00:00:00,3.0,96.43,0.0,0.09,41.36,0.29,15.01,61.87,0.0
1756342800,2025-08-28 01:00:00,3.0,99.32,0.0,0.09,42.37,0.27,14.71,61.59,0.0
1756346400,2025-08-28 02:00:00,3.0,101.67,0.0,0.09,43.19,0.26,14.74,62.45,0.0
1756350000,2025-08-28 03:00:00,3.0,103.67,0.0,0.09,44.02,0.24,14.84,63.1,0.0
1756353600,2025-08-28 04:00:00,3.0,105.13,0.01,0.08,44.66,0.22,14.9,63.22,0.0
1756357200,2025-08-28 05:00:00,3.0,106.05,0.01,0.06,44.85,0.21,15.08,63.84,0.0
1756360800,2025-08-28 06:00:00,3.0,106.65,0.01,0.05,44.59,0.19,15.22,64.04,0.0
1756364400,2025-08-28 07:00:00,3.0,107.23,0.01,0.04,43.94,0.18,15.24,63.53,0.0
1756368000,2025-08-28 08:00:00,3.0,107.95,0.01,0.04,43.07,0.17,15.13,62.13,0.0
1756371600,2025-08-28 09:00:00,3.0,108.66,0.01,0.04,42.2,0.16,14.93,59.98,0.0
1756375200,2025-08-28 10:00:00,3.0,110.08,0.01,0.04,41.65,0.16,14.69,57.28,0.0
1756378800,2025-08-28 11:00:00,3.0,111.41,0.01,0.04,41.21,0.16,14.29,53.8,0.0
1756382400,2025-08-28 12:00:00,3.0,112.62,0.01,0.05,41.05,0.17,13.84,50.13,0.0
1756386000,2025-08-28 13:00:00,2.0,113.76,0.0,0.07,41.2,0.18,13.43,46.79,0.0
1756389600,2025-08-28 14:00:00,2.0,113.87,0.0,0.09,41.35,0.19,13.08,43.84,0.0
1756393200,2025-08-28 15:00:00,2.0,112.65,0.0,0.09,41.42,0.21,13.02,42.08,0.0
1756396800,2025-08-28 16:00:00,2.0,110.7,0.0,0.1,41.39,0.22,13.28,41.64,0.0
1756400400,2025-08-28 17:00:00,2.0,108.73,0.0,0.1,41.62,0.23,13.82,42.55,0.0
1756404000,2025-08-28 18:00:00,2.0,107.42,0.0,0.1,42.08,0.25,14.49,44.32,0.0
1756407600,2025-08-28 19:00:00,2.0,107.36,0.0,0.1,43.02,0.26,14.94,45.61,0.0
1756411200,2025-08-28 20:00:00,2.0,108.06,0.0,0.09,44.09,0.27,15.19,46.07,0.0
1756414800,2025-08-28 21:00:00,2.0,108.93,0.0,0.09,44.91,0.27,15.47,46.67,0.0
1756418400,2025-08-28 22:00:00,2.0,109.88,0.0,0.09,45.71,0.26,15.53,46.79,0.0
1756422000,2025-08-28 23:00:00,2.0,111.29,0.0,0.09,46.61,0.26,15.37,46.47,0.0
1756425600,2025-08-29 00:00:00,2.0,112.55,0.0,0.08,47.35,0.25,15.11,46.14,0.0
1756429200,2025-08-29 01:00:00,2.0,113.59,0.0,0.08,47.79,0.25,14.91,46.05,0.0
1756432800,2025-08-29 02:00:00,2.0,114.82,0.0,0.08,47.88,0.25,14.8,46.16,0.0
1756436400,2025-08-29 03:00:00,2.0,116.17,0.0,0.09,47.88,0.24,14.59,45.1,0.0
1756440000,2025-08-29 04:00:00,2.0,117.47,0.01,0.09,47.84,0.23,14.23,43.53,0.0
1756443600,2025-08-29 05:00:00,2.0,119.36,0.01,0.07,48.02,0.22,13.83,42.32,0.0
1756447200,2025-08-29 06:00:00,2.0,121.51,0.01,0.06,48.25,0.21,13.4,41.17,0.0
1756450800,2025-08-29 07:00:00,2.0,123.85,0.01,0.05,48.19,0.2,12.99,40.2,0.0
1756454400,2025-08-29 08:00:00,2.0,126.04,0.01,0.04,47.85,0.19,12.66,39.49,0.0
1756458000,2025-08-29 09:00:00,2.0,127.88,0.01,0.04,47.42,0.18,12.44,38.95,0.0
1756461600,2025-08-29 10:00:00,2.0,129.83,0.01,0.05,47.23,0.17,12.41,38.98,0.0
1756465200,2025-08-29 11:00:00,2.0,131.11,0.01,0.05,47.26,0.18,12.65,40.12,0.0
1756468800,2025-08-29 12:00:00,2.0,131.31,0.0,0.06,47.34,0.19,13.39,43.3,0.0
1756472400,2025-08-29 13:00:00,2.0,130.28,0.0,0.08,47.28,0.21,14.75,49.21,0.0
1756476000,2025-08-29 14:00:00,3.0,127.55,0.0,0.1,46.8,0.23,16.56,57.29,0.0
1756479600,2025-08-29 15:00:00,3.0,123.52,0.0,0.1,46.21,0.25,18.49,66.28,0.0
1756483200,2025-08-29 16:00:00,3.0,118.88,0.0,0.1,45.76,0.26,19.89,73.36,0.0
1756486800,2025-08-29 17:00:00,3.0,114.87,0.0,0.1,45.82,0.26,20.59,77.53,0.0
1756490400,2025-08-29 18:00:00,3.0,111.63,0.0,0.1,46.09,0.26,20.97,80.21,0.0
1756494000,2025-08-29 19:00:00,3.0,109.17,0.0,0.1,46.28,0.25,21.2,81.86,0.0
1756497600,2025-08-29 20:00:00,3.0,107.79,0.0,0.09,46.49,0.25,21.44,83.44,0.0
1756501200,2025-08-29 21:00:00,3.0,107.3,0.0,0.09,46.45,0.24,21.77,85.37,0.0
1756504800,2025-08-29 22:00:00,3.0,107.37,0.0,0.09,46.4,0.23,22.16,87.63,0.0
1756508400,2025-08-29 23:00:00,3.0,107.7,0.0,0.09,46.37,0.23,22.5,89.68,0.0
1756512000,2025-08-30 00:00:00,3.0,108.61,0.0,0.09,46.6,0.22,22.72,91.21,0.0
1756515600,2025-08-30 01:00:00,3.0,109.77,0.0,0.09,46.86,0.21,22.96,92.33,0.0
1756519200,2025-08-30 02:00:00,3.0,111.29,0.0,0.09,47.19,0.2,23.17,93.36,0.0
1756522800,2025-08-30 03:00:00,3.0,113.28,0.0,0.09,47.57,0.19,23.42,94.35,0.0
1756526400,2025-08-30 04:00:00,3.0,115.29,0.01,0.08,47.84,0.19,23.6,94.73,0.0
1756530000,2025-08-30 05:00:00,3.0,117.73,0.01,0.07,48.03,0.18,23.79,95.0,0.0
1756533600,2025-08-30 06:00:00,3.0,120.38,0.01,0.06,47.99,0.18,24.12,95.65,0.0
1756537200,2025-08-30 07:00:00,3.0,123.54,0.01,0.05,47.67,0.18,24.4,96.07,0.0
1756540800,2025-08-30 08:00:00,3.0,126.78,0.01,0.04,47.17,0.18,24.6,96.17,0.0
1756544400,2025-08-30 09:00:00,3.0,129.67,0.01,0.04,46.59,0.18,24.66,95.9,0.0
1756548000,2025-08-30 10:00:00,3.0,132.56,0.01,0.04,46.35,0.18,24.76,95.99,0.0
1756551600,2025-08-30 11:00:00,3.0,133.58,0.01,0.05,46.05,0.19,24.87,96.22,0.0
1756555200,2025-08-30 12:00:00,3.0,132.74,0.01,0.06,45.65,0.21,25.08,97.45,0.0
1756558800,2025-08-30 13:00:00,3.0,129.59,0.0,0.08,45.19,0.23,25.36,99.56,0.0
1756562400,2025-08-30 14:00:00,4.0,124.42,0.0,0.1,44.5,0.24,25.5,101.69,0.0
1756566000,2025-08-30 15:00:00,4.0,118.41,0.0,0.1,43.76,0.25,25.47,103.45,0.0
1756569600,2025-08-30 16:00:00,4.0,112.25,0.0,0.1,43.03,0.26,25.2,103.95,0.0
1756573200,2025-08-30 17:00:00,4.0,106.5,0.0,0.1,42.55,0.27,24.67,103.26,0.0
1756576800,2025-08-30 18:00:00,4.0,101.22,0.0,0.1,42.07,0.28,23.97,101.73,0.0
1756580400,2025-08-30 19:00:00,3.0,96.89,0.0,0.1,41.65,0.29,23.16,99.62,0.0
1756584000,2025-08-30 20:00:00,3.0,94.31,0.0,0.1,41.45,0.3,22.35,97.28,0.0
1756587600,2025-08-30 21:00:00,3.0,93.24,0.0,0.1,41.39,0.31,21.77,95.71,0.0
1756591200,2025-08-30 22:00:00,3.0,93.43,0.0,0.09,41.52,0.31,21.48,95.02,0.0
1756594800,2025-08-30 23:00:00,3.0,94.55,0.0,0.09,41.77,0.31,21.2,92.07,0.0
1756598400,2025-08-31 00:00:00,3.0,95.88,0.0,0.09,42.1,0.3,20.85,88.25,0.0
1756602000,2025-08-31 01:00:00,3.0,97.44,0.0,0.09,42.56,0.28,20.32,85.2,0.0
1756605600,2025-08-31 02:00:00,3.0,99.18,0.0,0.09,43.22,0.27,19.44,80.24,0.0
1756609200,2025-08-31 03:00:00,3.0,100.49,0.0,0.09,43.78,0.26,18.43,73.81,0.0
1756612800,2025-08-31 04:00:00,3.0,101.15,0.01,0.08,43.96,0.25,17.59,67.84,0.0
1756616400,2025-08-31 05:00:00,3.0,101.1,0.01,0.07,43.68,0.26,17.14,63.72,0.0
1756620000,2025-08-31 06:00:00,3.0,100.58,0.01,0.06,43.06,0.26,16.97,61.0,0.0
1756623600,2025-08-31 07:00:00,3.0,99.41,0.01,0.05,42.19,0.27,17.01,59.95,0.0
1756627200,2025-08-31 08:00:00,3.0,97.73,0.01,0.05,41.14,0.28,17.3,61.37,0.0
1756630800,2025-08-31 09:00:00,3.0,95.88,0.01,0.05,40.17,0.3,17.68,64.31,0.0
1756634400,2025-08-31 10:00:00,3.0,94.07,0.01,0.05,39.51,0.31,17.97,67.21,0.0
1756638000,2025-08-31 11:00:00,3.0,91.87,0.01,0.06,38.98,0.33,17.92,68.75,0.0
1756641600,2025-08-31 12:00:00,3.0,89.61,0.01,0.07,38.41,0.34,17.62,68.82,0.0
1756645200,2025-08-31 13:00:00,3.0,87.75,0.0,0.09,37.92,0.35,17.21,68.11,0.0
1756648800,2025-08-31 14:00:00,3.0,85.95,0.0,0.1,37.31,0.37,16.82,67.65,0.0
1756652400,2025-08-31 15:00:00,3.0,84.23,0.0,0.11,36.78,0.39,16.56,68.14,0.0
1756656000,2025-08-31 16:00:00,3.0,83.7,0.0,0.11,36.67,0.4,16.33,68.41,0.0
1756659600,2025-08-31 17:00:00,3.0,84.36,0.0,0.1,37.05,0.41,16.17,69.11,0.0
1756663200,2025-08-31 18:00:00,3.0,85.57,0.0,0.1,37.61,0.42,16.19,69.89,0.0
1756666800,2025-08-31 19:00:00,3.0,86.44,0.0,0.1,38.14,0.43,16.37,69.79,0.0
1756670400,2025-08-31 20:00:00,3.0,87.22,0.0,0.1,38.71,0.42,16.66,68.78,0.0
1756674000,2025-08-31 21:00:00,3.0,88.21,0.0,0.1,39.37,0.41,16.97,67.73,0.0
1756677600,2025-08-31 22:00:00,3.0,89.76,0.0,0.1,40.16,0.4,17.14,67.16,0.0
1756681200,2025-08-31 23:00:00,3.0,91.14,0.0,0.1,40.9,0.39,17.13,66.27,0.0
1756684800,2025-09-01 00:00:00,3.0,91.87,0.0,0.1,41.37,0.38,17.31,67.16,0.0
1756688400,2025-09-01 01:00:00,3.0,92.03,0.0,0.1,41.74,0.42,17.68,69.4,0.0
1756692000,2025-09-01 02:00:00,3.0,92.01,0.0,0.1,42.21,0.45,17.97,71.05,0.0
1756695600,2025-09-01 03:00:00,3.0,91.82,0.0,0.1,42.84,0.46,18.09,71.65,0.0
1756699200,2025-09-01 04:00:00,3.0,91.26,0.01,0.09,43.6,0.47,18.07,71.99,0.0
1756702800,2025-09-01 05:00:00,3.0,90.73,0.01,0.07,44.44,0.48,18.19,73.04,0.0
1756706400,2025-09-01 06:00:00,3.0,90.19,0.01,0.06,44.96,0.49,18.38,73.72,0.0
1756710000,2025-09-01 07:00:00,3.0,89.89,0.01,0.06,45.39,0.49,18.3,72.64,0.0
1756713600,2025-09-01 08:00:00,3.0,90.23,0.01,0.05,45.7,0.49,17.86,70.16,0.0
1756717200,2025-09-01 09:00:00,3.0,91.15,0.01,0.05,46.09,0.49,17.28,67.65,0.0
1756720800,2025-09-01 10:00:00,3.0,92.79,0.01,0.05,46.74,0.5,16.85,66.29,0.0
1756724400,2025-09-01 11:00:00,3.0,93.95,0.01,0.05,47.33,0.51,16.59,66.41,0.0
1756728000,2025-09-01 12:00:00,3.0,94.36,0.01,0.06,47.6,0.54,16.64,68.17,0.0
1756731600,2025-09-01 13:00:00,3.0,94.41,0.0,0.07,47.6,0.58,16.97,70.25,0.0
1756735200,2025-09-01 14:00:00,3.0,94.61,0.0,0.09,47.49,0.6,17.31,71.57,0.0
1756738800,2025-09-01 15:00:00,3.0,95.12,0.0,0.09,47.7,0.62,17.57,72.18,0.0
1756742400,2025-09-01 16:00:00,3.0,96.13,0.0,0.09,48.04,0.63,17.79,73.09,0.0
1756746000,2025-09-01 17:00:00,3.0,97.48,0.0,0.09,48.7,0.64,18.11,74.3,0.0
1756749600,2025-09-01 18:00:00,3.0,98.75,0.0,0.09,49.47,0.65,18.58,76.34,0.0
1756753200,2025-09-01 19:00:00,3.0,99.26,0.0,0.09,50.02,0.66,19.11,78.25,0.0
1756756800,2025-09-01 20:00:00,3.0,99.43,0.0,0.09,50.25,0.66,19.84,81.84,0.0
1756760400,2025-09-01 21:00:00,3.0,98.79,0.0,0.09,50.01,0.68,20.64,86.83,0.0
1756764000,2025-09-01 22:00:00,3.0,97.64,0.0,0.09,49.34,0.69,21.19,90.38,0.0
1756767600,2025-09-01 23:00:00,3.0,95.77,0.0,0.1,48.44,0.69,21.2,90.79,0.0
1756771200,2025-09-02 00:00:00,3.0,93.69,0.0,0.1,47.46,0.67,20.7,88.44,0.0
1756774800,2025-09-02 01:00:00,3.0,91.66,0.0,0.1,46.58,0.66,19.83,85.05,0.0
1756778400,2025-09-02 02:00:00,3.0,89.96,0.0,0.1,45.91,0.63,18.89,81.19,0.0
1756782000,2025-09-02 03:00:00,3.0,88.4,0.0,0.1,45.3,0.61,18.02,77.31,0.0
1756785600,2025-09-02 04:00:00,3.0,87.08,0.01,0.09,44.99,0.58,17.37,74.23,0.0
1756789200,2025-09-02 05:00:00,3.0,85.95,0.01,0.07,44.7,0.57,17.03,72.61,0.0
1756792800,2025-09-02 06:00:00,3.0,84.72,0.01,0.06,44.2,0.56,16.86,71.69,0.0
1756796400,2025-09-02 07:00:00,3.0,83.56,0.01,0.06,43.53,0.56,16.73,71.13,0.0
1756800000,2025-09-02 08:00:00,3.0,82.68,0.01,0.05,43.0,0.55,16.59,70.38,0.0
1756803600,2025-09-02 09:00:00,3.0,82.16,0.01,0.05,42.72,0.54,16.54,70.6,0.0
1756807200,2025-09-02 10:00:00,3.0,82.08,0.01,0.05,42.74,0.53,16.65,71.22,0.0
1756810800,2025-09-02 11:00:00,3.0,81.69,0.01,0.05,42.87,0.53,16.81,71.86,0.0
1756814400,2025-09-02 12:00:00,3.0,81.33,0.01,0.06,42.98,0.54,17.0,72.98,0.0
1756818000,2025-09-02 13:00:00,3.0,81.41,0.0,0.08,43.3,0.55,17.14,73.66,0.0
1756821600,2025-09-02 14:00:00,3.0,81.54,0.0,0.09,43.64,0.56,17.2,73.51,0.0
1756825200,2025-09-02 15:00:00,3.0,82.01,0.0,0.09,44.01,0.57,17.24,73.05,0.0
1756828800,2025-09-02 16:00:00,3.0,82.55,0.0,0.09,44.42,0.57,17.25,72.1,0.0
1756832400,2025-09-02 17:00:00,3.0,83.39,0.0,0.09,44.88,0.57,17.25,71.42,0.0
1756836000,2025-09-02 18:00:00,3.0,84.33,0.0,0.09,45.38,0.57,17.31,71.77,0.0
1756839600,2025-09-02 19:00:00,3.0,84.83,0.0,0.09,45.44,0.56,17.4,72.25,0.0
1756843200,2025-09-02 20:00:00,3.0,85.0,0.0,0.09,45.45,0.55,17.51,72.74,0.0
1756846800,2025-09-02 21:00:00,3.0,84.96,0.0,0.09,45.27,0.54,17.64,73.28,0.0
1756850400,2025-09-02 22:00:00,3.0,84.74,0.0,0.09,45.03,0.52,17.74,73.61,0.0
1756854000,2025-09-02 23:00:00,3.0,84.64,0.0,0.09,44.93,0.51,17.84,74.02,0.0
1756857600,2025-09-03 00:00:00,3.0,84.73,0.0,0.09,44.97,0.49,17.93,74.11,0.0
1756861200,2025-09-03 01:00:00,3.0,85.02,0.0,0.08,45.23,0.47,17.96,73.88,0.0
1756864800,2025-09-03 02:00:00,3.0,85.45,0.0,0.09,45.64,0.44,17.93,73.08,0.0
1756868400,2025-09-03 03:00:00,3.0,85.79,0.0,0.09,46.12,0.41,17.83,71.77,0.0
1756872000,2025-09-03 04:00:00,3.0,86.11,0.01,0.07,46.49,0.39,17.67,69.87,0.0
1756875600,2025-09-03 05:00:00,3.0,86.29,0.01,0.06,46.61,0.36,17.55,68.02,0.0
1756879200,2025-09-03 06:00:00,3.0,86.36,0.01,0.06,46.47,0.35,17.49,66.47,0.0
1756882800,2025-09-03 07:00:00,3.0,86.05,0.01,0.05,45.99,0.33,17.42,65.03,0.0
1756886400,2025-09-03 08:00:00,3.0,85.72,0.01,0.05,45.29,0.33,17.38,64.25,0.0
1756890000,2025-09-03 09:00:00,3.0,85.43,0.01,0.05,44.48,0.33,17.38,64.42,0.0
1756893600,2025-09-03 10:00:00,3.0,85.33,0.01,0.05,43.82,0.34,17.59,66.38,0.0
1756897200,2025-09-03 11:00:00,3.0,85.17,0.01,0.05,43.21,0.35,17.84,69.56,0.0
1756900800,2025-09-03 12:00:00,3.0,85.2,0.01,0.06,43.1,0.36,17.97,72.27,0.0
1756904400,2025-09-03 13:00:00,3.0,85.75,0.0,0.07,43.5,0.37,17.91,73.47,0.0
1756908000,2025-09-03 14:00:00,3.0,86.33,0.0,0.08,43.99,0.36,17.68,73.45,0.0
1756911600,2025-09-03 15:00:00,3.0,86.7,0.0,0.08,44.49,0.36,17.36,72.46,0.0
1756915200,2025-09-03 16:00:00,3.0,86.82,0.0,0.08,44.73,0.36,16.94,71.23,0.0
1756918800,2025-09-03 17:00:00,3.0,86.9,0.0,0.08,44.9,0.38,16.61,70.21,0.0
1756922400,2025-09-03 18:00:00,3.0,87.01,0.0,0.08,45.02,0.39,16.33,68.93,0.0
1756926000,2025-09-03 19:00:00,3.0,87.22,0.0,0.08,45.2,0.41,16.0,66.48,0.0
1756929600,2025-09-03 20:00:00,3.0,87.67,0.0,0.08,45.56,0.4,15.78,64.45,0.0
1756933200,2025-09-03 21:00:00,3.0,88.28,0.0,0.08,45.96,0.39,15.69,63.61,0.0
1756936800,2025-09-03 22:00:00,3.0,88.7,0.0,0.07,46.29,0.39,15.77,63.98,0.0
1756940400,2025-09-03 23:00:00,3.0,88.97,0.0,0.07,46.54,0.39,16.05,65.29,0.0
1756944000,2025-09-04 00:00:00,3.0,89.33,0.0,0.07,46.69,0.39,16.44,67.03,0.0
1756947600,2025-09-04 01:00:00,3.0,89.74,0.0,0.07,46.68,0.4,16.83,67.16,0.0
1756951200,2025-09-04 02:00:00,3.0,89.96,0.0,0.08,46.63,0.41,17.15,65.83,0.0
1756954800,2025-09-04 03:00:00,3.0,90.33,0.0,0.08,46.8,0.42,17.3,63.79,0.0
1756958400,2025-09-04 04:00:00,3.0,90.5,0.01,0.07,46.95,0.42,17.35,62.9,0.0
1756962000,2025-09-04 05:00:00,3.0,90.68,0.01,0.06,47.03,0.39,17.35,63.37,0.0
1756965600,2025-09-04 06:00:00,3.0,90.66,0.01,0.05,47.03,0.36,17.32,64.1,0.0
1756969200,2025-09-04 07:00:00,3.0,90.82,0.01,0.04,47.09,0.32,17.09,64.37,0.0
1756972800,2025-09-04 08:00:00,3.0,91.1,0.01,0.04,46.71,0.3,16.74,63.87,0.0
1756976400,2025-09-04 09:00:00,3.0,91.4,0.01,0.03,46.31,0.28,16.42,63.23,0.0
1756980000,2025-09-04 10:00:00,3.0,91.95,0.01,0.03,46.25,0.26,16.11,62.65,0.0
1756983600,2025-09-04 11:00:00,3.0,92.22,0.01,0.04,46.35,0.25,15.78,62.01,0.0
1756987200,2025-09-04 12:00:00,3.0,92.32,0.01,0.04,46.6,0.26,15.49,61.49,0.0
1756990800,2025-09-04 13:00:00,3.0,92.39,0.0,0.06,46.87,0.27,15.35,61.59,0.0
1756994400,2025-09-04 14:00:00,3.0,91.96,0.0,0.07,46.96,0.28,15.33,61.87,0.0
1756998000,2025-09-04 15:00:00,3.0,91.51,0.0,0.07,47.03,0.3,15.38,62.16,0.0
1757001600,2025-09-04 16:00:00,3.0,90.91,0.0,0.07,47.19,0.31,15.4,62.07,0.0
1757005200,2025-09-04 17:00:00,3.0,90.36,0.0,0.07,47.44,0.32,15.36,61.64,0.0
1757008800,2025-09-04 18:00:00,3.0,89.93,0.0,0.07,47.71,0.33,15.26,61.06,0.0
1757012400,2025-09-04 19:00:00,3.0,89.53,0.0,0.07,48.09,0.34,15.12,60.54,0.0
1757016000,2025-09-04 20:00:00,3.0,89.3,0.0,0.07,48.74,0.34,15.0,60.56,0.0
1757019600,2025-09-04 21:00:00,3.0,89.24,0.0,0.07,49.36,0.34,15.07,61.5,0.0
1757023200,2025-09-04 22:00:00,3.0,89.13,0.0,0.06,49.89,0.34,15.28,62.96,0.0
1757026800,2025-09-04 23:00:00,3.0,89.0,0.0,0.06,50.06,0.34,15.42,64.1,0.0
1757030400,2025-09-05 00:00:00,3.0,88.99,0.0,0.06,50.18,0.35,15.57,65.26,0.0
1757034000,2025-09-05 01:00:00,3.0,88.9,0.0,0.06,50.32,0.35,15.79,66.52,0.0
1757037600,2025-09-05 02:00:00,3.0,88.89,0.0,0.06,50.25,0.36,16.09,67.91,0.0
1757041200,2025-09-05 03:00:00,3.0,89.17,0.0,0.07,49.97,0.36,16.43,69.21,0.0
1757044800,2025-09-05 04:00:00,3.0,89.13,0.01,0.06,49.58,0.36,16.7,70.01,0.0
1757048400,2025-09-05 05:00:00,3.0,89.23,0.01,0.05,49.09,0.36,16.89,70.34,0.0
1757052000,2025-09-05 06:00:00,3.0,89.23,0.01,0.04,48.5,0.35,16.93,69.87,0.0
1757055600,2025-09-05 07:00:00,3.0,89.35,0.01,0.04,47.72,0.33,16.73,68.26,0.0
1757059200,2025-09-05 08:00:00,3.0,89.64,0.01,0.03,47.0,0.33,16.34,65.79,0.0
1757062800,2025-09-05 09:00:00,3.0,90.08,0.01,0.03,46.43,0.33,15.8,62.93,0.0
1757066400,2025-09-05 10:00:00,3.0,90.93,0.01,0.03,46.34,0.34,15.18,59.91,0.0
1757070000,2025-09-05 11:00:00,3.0,91.73,0.01,0.04,46.56,0.35,14.42,56.74,0.0
1757073600,2025-09-05 12:00:00,3.0,92.52,0.0,0.04,46.9,0.36,13.72,54.11,0.0
1757077200,2025-09-05 13:00:00,3.0,93.45,0.0,0.05,47.22,0.39,13.34,52.72,0.0
1757080800,2025-09-05 14:00:00,3.0,94.23,0.0,0.07,47.4,0.41,13.23,52.42,0.0
1757084400,2025-09-05 15:00:00,3.0,94.9,0.0,0.07,47.71,0.43,13.3,52.66,0.0
1757088000,2025-09-05 16:00:00,3.0,95.25,0.0,0.07,48.14,0.44,13.44,53.07,0.0
1757091600,2025-09-05 17:00:00,3.0,95.73,0.0,0.07,48.72,0.46,13.81,54.07,0.0
1757095200,2025-09-05 18:00:00,3.0,95.94,0.0,0.08,48.91,0.48,14.43,55.88,0.0
1757098800,2025-09-05 19:00:00,3.0,95.66,0.0,0.08,48.61,0.51,15.17,58.08,0.0
1757102400,2025-09-05 20:00:00,3.0,94.68,0.0,0.09,47.99,0.53,15.85,60.19,0.0
1757106000,2025-09-05 21:00:00,3.0,93.65,0.0,0.09,47.22,0.54,16.36,61.65,0.0
1757109600,2025-09-05 22:00:00,3.0,92.63,0.0,0.09,47.07,0.54,16.43,61.51,0.0
1757113200,2025-09-05 23:00:00,3.0,92.05,0.0,0.08,47.3,0.52,16.17,60.1,0.0
1757116800,2025-09-06 00:00:00,3.0,91.24,0.0,0.08,47.04,0.51,15.9,58.92,0.0
1757120400,2025-09-06 01:00:00,3.0,90.26,0.0,0.08,46.56,0.5,15.67,58.01,0.0
1757124000,2025-09-06 02:00:00,3.0,89.33,0.0,0.08,46.3,0.49,15.44,57.22,0.0
1757127600,2025-09-06 03:00:00,3.0,88.77,0.0,0.08,46.37,0.48,15.23,56.58,0.0
1757131200,2025-09-06 04:00:00,3.0,88.44,0.01,0.07,46.71,0.46,15.06,56.0,0.0
1757134800,2025-09-06 05:00:00,3.0,88.33,0.01,0.06,46.71,0.45,14.96,55.41,0.0
1757138400,2025-09-06 06:00:00,3.0,88.13,0.01,0.05,46.48,0.43,14.83,54.52,0.0
1757142000,2025-09-06 07:00:00,3.0,88.22,0.01,0.05,45.96,0.41,14.55,53.02,0.0
1757145600,2025-09-06 08:00:00,3.0,88.06,0.01,0.04,45.26,0.4,14.25,51.41,0.0
1757149200,2025-09-06 09:00:00,3.0,88.02,0.01,0.04,44.44,0.39,14.02,50.09,0.0
1757152800,2025-09-06 10:00:00,2.0,88.35,0.01,0.04,44.06,0.39,13.83,48.88,0.0
1757156400,2025-09-06 11:00:00,2.0,89.26,0.01,0.04,44.37,0.39,13.6,47.64,0.0
1757160000,2025-09-06 12:00:00,2.0,90.29,0.01,0.05,44.82,0.4,13.48,46.88,0.0
1757163600,2025-09-06 13:00:00,2.0,92.15,0.0,0.06,45.68,0.41,13.42,46.63,0.0
1757167200,2025-09-06 14:00:00,2.0,94.36,0.0,0.07,46.85,0.42,13.32,46.6,0.0
1757170800,2025-09-06 15:00:00,2.0,96.75,0.0,0.07,48.23,0.43,13.29,47.18,0.0
1757174400,2025-09-06 16:00:00,2.0,98.53,0.0,0.07,49.35,0.45,13.5,48.59,0.0
1757178000,2025-09-06 17:00:00,3.0,99.68,0.0,0.07,49.93,0.48,14.05,51.11,0.0
1757181600,2025-09-06 18:00:00,3.0,100.42,0.0,0.08,49.98,0.51,14.9,54.39,0.0
1757185200,2025-09-06 19:00:00,3.0,100.27,0.0,0.08,49.63,0.53,15.79,57.73,0.0
1757188800,2025-09-06 20:00:00,3.0,99.77,0.0,0.08,48.99,0.56,16.51,60.59,0.0
1757192400,2025-09-06 21:00:00,3.0,98.86,0.0,0.08,48.08,0.58,16.91,62.55,0.0
1757196000,2025-09-06 22:00:00,3.0,97.87,0.0,0.08,47.38,0.59,17.04,63.88,0.0
1757199600,2025-09-06 23:00:00,3.0,96.77,0.0,0.08,47.21,0.6,17.01,64.59,0.0
1757203200,2025-09-07 00:00:00,3.0,95.75,0.0,0.08,47.3,0.6,17.03,65.46,0.0
1757206800,2025-09-07 01:00:00,3.0,95.17,0.0,0.08,48.0,0.59,17.18,66.61,0.0
1757210400,2025-09-07 02:00:00,3.0,94.76,0.0,0.08,49.22,0.57,17.31,67.84,0.0
1757214000,2025-09-07 03:00:00,3.0,94.59,0.0,0.08,50.94,0.54,17.44,69.37,0.0
1757217600,2025-09-07 04:00:00,3.0,94.58,0.0,0.08,52.67,0.53,17.66,71.19,0.0
1757221200,2025-09-07 05:00:00,3.0,94.17,0.01,0.06,53.01,0.53,17.91,73.01,0.0
1757224800,2025-09-07 06:00:00,3.0,93.5,0.01,0.05,52.3,0.54,17.92,73.78,0.0
1757228400,2025-09-07 07:00:00,3.0,92.42,0.01,0.05,50.86,0.54,17.54,72.93,0.0
1757232000,2025-09-07 08:00:00,3.0,90.97,0.01,0.05,48.83,0.56,17.3,72.94,0.0
1757235600,2025-09-07 09:00:00,3.0,89.23,0.01,0.05,46.49,0.58,17.54,74.91,0.0
1757239200,2025-09-07 10:00:00,3.0,88.13,0.01,0.05,44.7,0.6,17.95,77.68,0.0
1757242800,2025-09-07 11:00:00,3.0,87.83,0.01,0.06,43.84,0.61,18.37,80.56,0.0
1757246400,2025-09-07 12:00:00,3.0,88.11,0.0,0.07,44.02,0.61,18.77,83.2,0.0
1757250000,2025-09-07 13:00:00,3.0,89.05,0.0,0.09,44.96,0.6,19.16,85.47,0.0
1757253600,2025-09-07 14:00:00,3.0,89.51,0.0,0.1,45.73,0.6,19.35,86.53,0.0
1757257200,2025-09-07 15:00:00,3.0,89.62,0.0,0.1,46.23,0.6,19.34,86.41,0.0
1757260800,2025-09-07 16:00:00,3.0,89.45,0.0,0.09,46.41,0.6,19.2,85.35,0.0
1757264400,2025-09-07 17:00:00,3.0,89.05,0.0,0.09,46.34,0.61,19.06,84.23,0.0
1757268000,2025-09-07 18:00:00,3.0,88.5,0.0,0.09,46.19,0.63,18.96,83.2,0.0
1757271600,2025-09-07 19:00:00,3.0,87.82,0.0,0.09,46.23,0.63,18.81,81.89,0.0
1757275200,2025-09-07 20:00:00,3.0,87.5,0.0,0.09,46.75,0.62,18.57,80.14,0.0
1757278800,2025-09-07 21:00:00,3.0,87.07,0.0,0.09,47.5,0.6,18.46,79.25,0.0
1757282400,2025-09-07 22:00:00,3.0,86.55,0.0,0.09,48.23,0.58,18.82,80.32,0.0
1757286000,2025-09-07 23:00:00,3.0,85.39,0.0,0.09,48.57,0.58,19.48,82.96,0.0
1757289600,2025-09-08 00:00:00,3.0,83.77,0.0,0.09,48.13,0.6,20.03,85.57,0.0
1757293200,2025-09-08 01:00:00,3.0,81.96,0.0,0.09,47.44,0.61,20.15,84.51,0.0
1757296800,2025-09-08 02:00:00,3.0,80.75,0.0,0.1,46.94,0.6,20.0,82.31,0.0
1757300400,2025-09-08 03:00:00,3.0,80.04,0.0,0.11,46.74,0.58,19.99,82.1,0.0
1757304000,2025-09-08 04:00:00,3.0,79.8,0.0,0.11,46.86,0.56,19.83,78.55,0.0
1757307600,2025-09-08 05:00:00,3.0,80.06,0.0,0.11,47.35,0.53,20.04,76.81,0.0
1757311200,2025-09-08 06:00:00,3.0,80.35,0.01,0.1,47.77,0.5,20.5,77.78,0.0
1757314800,2025-09-08 07:00:00,3.0,80.39,0.01,0.1,47.83,0.5,20.35,74.58,0.0
1757318400,2025-09-08 08:00:00,3.0,80.23,0.01,0.1,47.6,0.5,19.8,67.86,0.0
1757322000,2025-09-08 09:00:00,3.0,80.19,0.01,0.09,47.62,0.49,19.23,61.81,0.0
1757325600,2025-09-08 10:00:00,3.0,80.62,0.0,0.1,48.18,0.49,19.37,64.3,0.0
1757329200,2025-09-08 11:00:00,3.0,80.91,0.0,0.1,48.59,0.51,19.66,69.39,0.0
1757332800,2025-09-08 12:00:00,3.0,80.51,0.0,0.11,48.68,0.54,19.57,71.64,0.0
1757336400,2025-09-08 13:00:00,3.0,79.82,0.0,0.12,48.27,0.55,18.94,64.53,0.0
1757340000,2025-09-08 14:00:00,3.0,78.73,0.0,0.13,47.41,0.55,18.45,58.97,0.0
1757343600,2025-09-08 15:00:00,3.0,77.78,0.0,0.13,46.45,0.56,18.29,58.01,0.0
1757347200,2025-09-08 16:00:00,3.0,76.97,0.0,0.13,45.7,0.55,18.37,60.05,0.0
1757350800,2025-09-08 17:00:00,3.0,76.53,0.0,0.12,45.31,0.56,18.53,63.35,0.0
1757354400,2025-09-08 18:00:00,3.0,76.46,0.0,0.11,45.23,0.56,18.53,65.42,0.0
1757358000,2025-09-08 19:00:00,3.0,76.75,0.0,0.11,45.43,0.56,18.69,70.7,0.0
1757361600,2025-09-08 20:00:00,3.0,77.18,0.0,0.1,45.72,0.56,18.89,75.81,0.0
1757365200,2025-09-08 21:00:00,3.0,77.37,0.0,0.1,45.83,0.56,18.85,77.54,0.0
1757368800,2025-09-08 22:00:00,3.0,77.58,0.0,0.09,45.78,0.56,18.68,74.39,0.0
1757372400,2025-09-08 23:00:00,3.0,77.53,0.0,0.09,45.54,0.56,18.46,70.91,0.0
1757376000,2025-09-09 00:00:00,3.0,77.57,0.0,0.09,45.12,0.57,18.4,69.8,0.0
1757379600,2025-09-09 01:00:00,3.0,77.73,0.0,0.09,44.64,0.56,18.6,71.35,0.0
1757383200,2025-09-09 02:00:00,3.0,77.96,0.0,0.1,44.12,0.57,18.94,73.13,0.0
1757386800,2025-09-09 03:00:00,3.0,78.5,0.0,0.11,43.72,0.57,19.19,74.25,0.0
1757390400,2025-09-09 04:00:00,3.0,79.09,0.0,0.11,43.53,0.58,18.66,68.08,0.0
1757394000,2025-09-09 05:00:00,3.0,80.04,0.0,0.11,43.65,0.57,18.27,64.06,0.0
1757397600,2025-09-09 06:00:00,3.0,80.52,0.0,0.11,43.88,0.57,18.27,64.04,0.0
1757401200,2025-09-09 07:00:00,3.0,80.76,0.01,0.1,44.16,0.54,17.93,59.66,0.0
1757404800,2025-09-09 08:00:00,3.0,80.02,0.01,0.1,43.81,0.51,17.42,53.07,0.0
1757408400,2025-09-09 09:00:00,2.0,79.51,0.01,0.09,43.6,0.49,17.03,48.89,0.0
1757412000,2025-09-09 10:00:00,2.0,79.86,0.01,0.09,44.34,0.46,16.26,44.66,0.0
1757415600,2025-09-09 11:00:00,2.0,80.56,0.0,0.1,45.66,0.42,14.84,38.58,0.0
1757419200,2025-09-09 12:00:00,2.0,81.2,0.0,0.11,46.86,0.38,13.54,33.48,0.0
1757422800,2025-09-09 13:00:00,2.0,81.77,0.0,0.11,48.13,0.35,12.17,27.84,0.0
1757426400,2025-09-09 14:00:00,2.0,82.3,0.0,0.12,49.38,0.33,11.31,24.5,0.0
1757430000,2025-09-09 15:00:00,2.0,82.86,0.0,0.11,50.22,0.32,10.8,22.93,0.0
1757433600,2025-09-09 16:00:00,2.0,82.95,0.0,0.11,50.32,0.29,10.2,21.57,0.0
1757437200,2025-09-09 17:00:00,2.0,82.84,0.0,0.11,50.22,0.27,9.79,20.56,0.0
1757440800,2025-09-09 18:00:00,1.0,82.99,0.0,0.1,50.61,0.25,9.43,19.17,0.0
1757444400,2025-09-09 19:00:00,1.0,83.52,0.0,0.09,51.77,0.23,9.36,18.23,0.0
1757448000,2025-09-09 20:00:00,1.0,83.88,0.0,0.09,52.41,0.24,9.52,18.11,0.0
1757451600,2025-09-09 21:00:00,1.0,84.12,0.0,0.08,52.5,0.25,9.56,18.23,0.0
1757455200,2025-09-09 22:00:00,1.0,84.36,0.0,0.08,52.37,0.26,9.64,19.64,0.0
1757458800,2025-09-09 23:00:00,2.0,84.15,0.0,0.08,51.44,0.28,9.83,20.81,0.0
1757462400,2025-09-10 00:00:00,2.0,83.65,0.0,0.09,50.13,0.29,10.08,20.74,0.0
1757466000,2025-09-10 01:00:00,2.0,83.36,0.0,0.09,48.71,0.3,10.12,19.1,0.0
1757469600,2025-09-10 02:00:00,1.0,83.04,0.0,0.09,47.37,0.29,10.0,17.29,0.0
1757473200,2025-09-10 03:00:00,1.0,82.71,0.0,0.1,46.13,0.3,10.0,16.57,0.0
1757476800,2025-09-10 04:00:00,2.0,82.3,0.0,0.11,44.52,0.31,10.52,17.56,0.0
1757480400,2025-09-10 05:00:00,2.0,81.4,0.01,0.1,42.39,0.33,11.21,19.01,0.0
1757484000,2025-09-10 06:00:00,2.0,80.77,0.01,0.1,40.51,0.35,11.56,19.98,0.0
1757487600,2025-09-10 07:00:00,2.0,80.59,0.01,0.09,39.42,0.36,11.48,20.51,0.0
1757491200,2025-09-10 08:00:00,2.0,80.52,0.01,0.09,39.2,0.35,11.14,20.37,0.0
1757494800,2025-09-10 09:00:00,2.0,80.41,0.01,0.09,39.39,0.34,10.92,19.69,0.0
1757498400,2025-09-10 10:00:00,2.0,80.54,0.0,0.09,40.02,0.33,10.23,17.35,0.0
1757502000,2025-09-10 11:00:00,1.0,80.71,0.0,0.1,41.05,0.29,9.41,15.17,0.0
1757505600,2025-09-10 12:00:00,1.0,80.81,0.0,0.1,41.95,0.27,8.85,14.02,0.0
1757509200,2025-09-10 13:00:00,1.0,81.04,0.0,0.1,42.58,0.25,8.83,14.14,0.0
1757512800,2025-09-10 14:00:00,1.0,81.01,0.0,0.1,42.78,0.25,9.01,14.96,0.0
1757516400,2025-09-10 15:00:00,1.0,80.86,0.0,0.1,42.62,0.25,9.14,15.74,0.0
1757520000,2025-09-10 16:00:00,1.0,80.69,0.0,0.1,42.24,0.25,9.25,16.71,0.0
1757523600,2025-09-10 17:00:00,1.0,80.53,0.0,0.1,41.71,0.26,9.36,17.91,0.0
1757527200,2025-09-10 18:00:00,1.0,80.4,0.0,0.09,41.12,0.27,9.44,19.23,0.0
1757530800,2025-09-10 19:00:00,2.0,79.98,0.0,0.09,40.34,0.28,9.42,20.46,0.0
1757534400,2025-09-10 20:00:00,2.0,79.91,0.0,0.09,39.68,0.28,9.21,20.94,0.0
1757538000,2025-09-10 21:00:00,2.0,79.94,0.0,0.09,39.3,0.28,8.8,20.53,0.0
1757541600,2025-09-10 22:00:00,1.0,80.23,0.0,0.08,39.2,0.28,8.39,19.73,0.0
1757545200,2025-09-10 23:00:00,1.0,80.68,0.0,0.08,38.95,0.3,8.16,19.24,0.0
1757548800,2025-09-11 00:00:00,1.0,80.92,0.0,0.08,38.68,0.31,8.06,19.1,0.0
1757552400,2025-09-11 01:00:00,1.0,80.95,0.0,0.08,38.35,0.31,7.9,18.69,0.0
1757556000,2025-09-11 02:00:00,1.0,81.03,0.0,0.08,38.01,0.3,7.68,17.63,0.0
1757559600,2025-09-11 03:00:00,1.0,81.02,0.0,0.09,37.82,0.29,7.45,16.41,0.0
1757563200,2025-09-11 04:00:00,1.0,81.02,0.01,0.09,37.81,0.26,7.26,15.48,0.0
1757566800,2025-09-11 05:00:00,1.0,81.18,0.01,0.07,38.03,0.25,7.14,15.05,0.0
1757570400,2025-09-11 06:00:00,1.0,81.23,0.01,0.06,38.0,0.24,7.07,14.71,0.0
1757574000,2025-09-11 07:00:00,1.0,81.18,0.01,0.05,37.56,0.24,7.13,15.02,0.0
1757577600,2025-09-11 08:00:00,1.0,80.87,0.01,0.05,36.76,0.24,7.27,15.61,0.0
1757581200,2025-09-11 09:00:00,1.0,80.38,0.01,0.05,35.88,0.25,7.39,16.09,0.0
1757584800,2025-09-11 10:00:00,1.0,80.0,0.01,0.05,35.15,0.26,7.54,16.74,0.0
1757588400,2025-09-11 11:00:00,1.0,79.36,0.01,0.05,34.65,0.26,7.69,17.49,0.0
1757592000,2025-09-11 12:00:00,1.0,78.84,0.01,0.06,34.43,0.27,7.81,18.14,0.0
1757595600,2025-09-11 13:00:00,1.0,78.59,0.01,0.07,34.64,0.27,7.89,18.74,0.0
1757599200,2025-09-11 14:00:00,1.0,78.46,0.0,0.09,34.89,0.27,7.86,18.92,0.0
1757602800,2025-09-11 15:00:00,1.0,78.39,0.0,0.09,35.28,0.26,7.81,18.73,0.0
1757606400,2025-09-11 16:00:00,1.0,78.27,0.0,0.09,35.69,0.24,7.74,18.26,0.0
1757610000,2025-09-11 17:00:00,1.0,78.18,0.0,0.09,35.94,0.24,7.82,18.02,0.0
1757613600,2025-09-11 18:00:00,1.0,77.89,0.0,0.09,36.12,0.24,8.04,17.96,0.0
1757617200,2025-09-11 19:00:00,1.0,77.48,0.0,0.09,36.22,0.24,8.21,17.66,0.0
1757620800,2025-09-11 20:00:00,1.0,77.2,0.0,0.08,36.26,0.23,8.31,17.22,0.0
1757624400,2025-09-11 21:00:00,1.0,77.03,0.0,0.08,36.25,0.23,8.27,16.73,0.0
1757628000,2025-09-11 22:00:00,1.0,77.11,0.0,0.08,36.33,0.23,8.08,16.17,0.0
1757631600,2025-09-11 23:00:00,1.0,77.33,0.0,0.08,36.39,0.23,7.77,15.49,0.0
1757635200,2025-09-12 00:00:00,1.0,77.67,0.0,0.08,36.47,0.22,7.32,14.57,0.0
1757638800,2025-09-12 01:00:00,1.0,78.11,0.0,0.08,36.54,0.21,6.81,13.35,0.0
1757642400,2025-09-12 02:00:00,1.0,78.77,0.0,0.08,36.78,0.21,6.35,12.2,0.0
1757646000,2025-09-12 03:00:00,1.0,79.66,0.0,0.08,37.11,0.21,5.88,11.08,0.0
1757649600,2025-09-12 04:00:00,1.0,80.15,0.01,0.07,37.51,0.2,5.45,10.3,0.0
1757653200,2025-09-12 05:00:00,1.0,80.74,0.01,0.05,37.89,0.19,5.13,9.77,0.0
1757656800,2025-09-12 06:00:00,1.0,81.07,0.01,0.04,37.9,0.19,4.97,9.56,0.0
1757660400,2025-09-12 07:00:00,1.0,80.97,0.01,0.04,37.5,0.19,4.99,9.73,0.0
1757664000,2025-09-12 08:00:00,1.0,80.4,0.01,0.04,36.55,0.2,5.26,10.32,0.0
1757667600,2025-09-12 09:00:00,1.0,79.5,0.01,0.04,35.41,0.21,5.66,11.07,0.0
1757671200,2025-09-12 10:00:00,1.0,78.59,0.01,0.04,34.47,0.22,6.12,11.84,0.0
1757674800,2025-09-12 11:00:00,1.0,77.35,0.01,0.04,33.71,0.22,6.52,12.4,0.0
1757678400,2025-09-12 12:00:00,1.0,76.32,0.01,0.05,33.19,0.21,6.78,12.69,0.0
1757682000,2025-09-12 13:00:00,1.0,75.52,0.01,0.07,32.91,0.21,6.9,12.74,0.0
1757685600,2025-09-12 14:00:00,1.0,74.88,0.0,0.08,32.73,0.2,6.87,12.52,0.0
1757689200,2025-09-12 15:00:00,1.0,74.32,0.0,0.09,32.57,0.18,6.75,12.19,0.0
1757692800,2025-09-12 16:00:00,1.0,74.0,0.0,0.09,32.56,0.17,6.57,11.8,0.0
1757696400,2025-09-12 17:00:00,1.0,73.82,0.0,0.09,32.7,0.17,6.38,11.55,0.0
1757700000,2025-09-12 18:00:00,1.0,73.76,0.0,0.08,32.89,0.17,6.24,11.42,0.0
1757703600,2025-09-12 19:00:00,1.0,73.6,0.0,0.08,33.14,0.17,6.13,11.32,0.0
1757707200,2025-09-12 20:00:00,1.0,73.28,0.0,0.08,33.48,0.18,6.22,11.54,0.0
1757710800,2025-09-12 21:00:00,1.0,72.98,0.0,0.08,33.88,0.19,6.38,11.81,0.0
1757714400,2025-09-12 22:00:00,1.0,72.87,0.0,0.08,34.33,0.19,6.45,11.75,0.0
1757718000,2025-09-12 23:00:00,1.0,72.87,0.0,0.08,34.79,0.18,6.37,11.25,0.0
1757721600,2025-09-13 00:00:00,1.0,72.95,0.0,0.08,35.18,0.17,6.19,10.68,0.0
1757725200,2025-09-13 01:00:00,1.0,73.4,0.0,0.07,35.5,0.16,5.82,9.69,0.0
1757728800,2025-09-13 02:00:00,1.0,74.23,0.0,0.07,35.96,0.15,5.37,8.75,0.0
1757732400,2025-09-13 03:00:00,1.0,74.65,0.0,0.07,36.37,0.14,5.18,8.4,0.0
1757736000,2025-09-13 04:00:00,1.0,74.74,0.01,0.06,36.7,0.14,5.12,8.35,0.0
1757739600,2025-09-13 05:00:00,1.0,75.0,0.01,0.05,36.92,0.14,5.11,8.37,0.0
1757743200,2025-09-13 06:00:00,1.0,75.2,0.01,0.05,37.0,0.13,5.08,8.34,0.0
1757746800,2025-09-13 07:00:00,1.0,75.4,0.01,0.04,36.68,0.12,4.98,8.2,0.0
1757750400,2025-09-13 08:00:00,1.0,75.52,0.01,0.04,36.1,0.11,4.93,8.2,0.0
1757754000,2025-09-13 09:00:00,1.0,75.66,0.01,0.03,35.37,0.11,4.96,8.42,0.0
1757757600,2025-09-13 10:00:00,1.0,76.08,0.01,0.03,34.84,0.12,5.07,8.8,0.0
1757761200,2025-09-13 11:00:00,1.0,76.29,0.01,0.04,34.38,0.12,5.25,9.32,0.0
1757764800,2025-09-13 12:00:00,1.0,76.5,0.01,0.04,34.17,0.13,5.38,9.76,0.0
1757768400,2025-09-13 13:00:00,1.0,77.3,0.01,0.05,34.25,0.13,5.42,10.03,0.0
1757772000,2025-09-13 14:00:00,1.0,77.93,0.0,0.06,34.23,0.14,5.37,10.13,0.0
1757775600,2025-09-13 15:00:00,1.0,78.56,0.0,0.07,34.22,0.14,5.3,10.17,0.0
1757779200,2025-09-13 16:00:00,1.0,78.87,0.0,0.07,34.17,0.14,5.24,10.16,0.0
1757782800,2025-09-13 17:00:00,1.0,79.07,0.0,0.07,33.94,0.14,5.24,10.21,0.0
1757786400,2025-09-13 18:00:00,1.0,78.92,0.0,0.07,33.71,0.14,5.26,10.24,0.0
1757790000,2025-09-13 19:00:00,1.0,78.54,0.0,0.07,33.32,0.15,5.22,10.13,0.0
1757793600,2025-09-13 20:00:00,1.0,78.17,0.0,0.07,33.02,0.15,5.1,9.83,0.0
1757797200,2025-09-13 21:00:00,1.0,77.76,0.0,0.07,32.93,0.15,4.92,9.45,0.0
1757800800,2025-09-13 22:00:00,1.0,77.55,0.0,0.07,32.94,0.15,4.72,9.06,0.0
1757804400,2025-09-13 23:00:00,1.0,77.13,0.0,0.07,32.96,0.15,4.57,8.77,0.0
1757808000,2025-09-14 00:00:00,1.0,76.62,0.0,0.07,32.96,0.15,4.45,8.55,0.0
1757811600,2025-09-14 01:00:00,1.0,76.31,0.0,0.08,32.74,0.18,4.39,8.48,0.0
1757815200,2025-09-14 02:00:00,1.0,76.0,0.0,0.08,32.6,0.2,4.31,8.38,0.0
1757818800,2025-09-14 03:00:00,1.0,76.0,0.01,0.08,32.76,0.21,4.13,8.14,0.0
1757822400,2025-09-14 04:00:00,1.0,76.04,0.01,0.07,33.08,0.22,3.86,7.73,0.0
1757826000,2025-09-14 05:00:00,1.0,76.44,0.01,0.06,33.68,0.21,3.57,7.35,0.0
1757829600,2025-09-14 06:00:00,1.0,76.9,0.01,0.05,34.31,0.2,3.32,7.09,0.0
1757833200,2025-09-14 07:00:00,1.0,77.3,0.01,0.04,34.87,0.15,3.04,6.49,0.0
1757836800,2025-09-14 08:00:00,1.0,77.21,0.01,0.03,34.66,0.16,3.05,6.89,0.0
1757840400,2025-09-14 09:00:00,1.0,76.85,0.01,0.03,34.22,0.17,3.2,7.51,0.0
1757844000,2025-09-14 10:00:00,1.0,76.54,0.01,0.03,33.8,0.19,3.41,8.2,0.0
1757847600,2025-09-14 11:00:00,1.0,75.75,0.01,0.03,33.43,0.2,3.65,8.8,0.0
1757851200,2025-09-14 12:00:00,1.0,74.99,0.01,0.04,33.12,0.21,3.86,9.21,0.0
1757854800,2025-09-14 13:00:00,1.0,74.44,0.01,0.05,33.05,0.22,3.97,9.39,0.0
1757858400,2025-09-14 14:00:00,1.0,74.38,0.0,0.06,33.1,0.22,3.9,9.15,0.0
1757862000,2025-09-14 15:00:00,1.0,74.8,0.0,0.06,33.2,0.21,3.72,8.69,0.0
1757865600,2025-09-14 16:00:00,1.0,75.17,0.0,0.06,33.3,0.21,3.5,8.26,0.0
1757869200,2025-09-14 17:00:00,1.0,75.6,0.0,0.06,33.27,0.22,3.37,8.14,0.0
1757872800,2025-09-14 18:00:00,1.0,75.56,0.0,0.06,33.23,0.23,3.34,8.27,0.0
1757876400,2025-09-14 19:00:00,1.0,75.42,0.0,0.06,33.23,0.24,3.35,8.48,0.0
1757880000,2025-09-14 20:00:00,1.0,75.2,0.0,0.07,33.47,0.25,3.45,8.8,0.0
1757883600,2025-09-14 21:00:00,1.0,74.99,0.0,0.07,33.85,0.26,3.6,9.19,0.0
1757887200,2025-09-14 22:00:00,1.0,75.19,0.0,0.07,34.51,0.27,3.76,9.32,0.0
1757890800,2025-09-14 23:00:00,1.0,75.52,0.0,0.07,35.33,0.26,3.84,9.14,0.0
1757894400,2025-09-15 00:00:00,1.0,76.16,0.0,0.07,36.24,0.26,3.84,8.87,0.0
1757898000,2025-09-15 01:00:00,1.0,77.07,0.0,0.07,37.1,0.25,3.77,8.67,0.0
1757901600,2025-09-15 02:00:00,1.0,77.76,0.0,0.07,37.84,0.26,3.75,8.8,0.0
1757905200,2025-09-15 03:00:00,1.0,78.22,0.0,0.07,38.31,0.26,3.73,8.93,0.0
1757908800,2025-09-15 04:00:00,1.0,78.35,0.01,0.06,38.51,0.26,3.71,8.94,0.0
1757912400,2025-09-15 05:00:00,1.0,78.29,0.01,0.05,38.44,0.27,3.71,8.97,0.0
1757916000,2025-09-15 06:00:00,1.0,78.09,0.01,0.04,38.14,0.27,3.77,9.22,0.0
1757919600,2025-09-15 07:00:00,1.0,77.64,0.01,0.04,37.46,0.28,3.87,9.67,0.0
1757923200,2025-09-15 08:00:00,1.0,76.99,0.01,0.03,36.54,0.29,3.99,10.48,0.0
1757926800,2025-09-15 09:00:00,1.0,76.19,0.01,0.03,35.57,0.3,4.13,11.48,0.0
1757930400,2025-09-15 10:00:00,1.0,75.53,0.01,0.04,34.84,0.31,4.27,12.26,0.0
1757934000,2025-09-15 11:00:00,1.0,74.66,0.01,0.04,34.21,0.32,4.39,12.83,0.0
1757937600,2025-09-15 12:00:00,1.0,74.1,0.0,0.05,33.81,0.33,4.47,13.36,0.0
1757941200,2025-09-15 13:00:00,1.0,74.04,0.0,0.06,33.9,0.33,4.47,13.8,0.0
1757944800,2025-09-15 14:00:00,1.0,74.44,0.0,0.06,34.23,0.33,4.39,13.69,0.0
1757948400,2025-09-15 15:00:00,1.0,74.76,0.0,0.06,34.56,0.33,4.43,13.78,0.0
1757952000,2025-09-15 16:00:00,1.0,74.61,0.0,0.07,34.75,0.34,4.57,14.33,0.0
1757955600,2025-09-15 17:00:00,1.0,74.87,0.0,0.07,35.13,0.35,4.78,14.93,0.0
1757959200,2025-09-15 18:00:00,1.0,75.12,0.0,0.07,35.63,0.36,5.02,15.6,0.0
1757962800,2025-09-15 19:00:00,1.0,75.26,0.0,0.07,36.16,0.37,5.31,16.38,0.0
1757966400,2025-09-15 20:00:00,1.0,75.59,0.0,0.07,36.75,0.38,5.6,17.3,0.0
1757970000,2025-09-15 21:00:00,1.0,75.73,0.0,0.07,37.22,0.39,5.89,18.42,0.0
1757973600,2025-09-15 22:00:00,1.0,75.88,0.0,0.07,37.71,0.41,6.17,19.69,0.0
1757977200,2025-09-15 23:00:00,2.0,75.83,0.0,0.07,37.98,0.42,6.36,20.74,0.0
1757980800,2025-09-16 00:00:00,2.0,76.19,0.0,0.07,38.32,0.42,6.45,21.38,0.0
1757984400,2025-09-16 01:00:00,2.0,76.9,0.0,0.07,38.87,0.43,6.43,21.7,0.0
1757988000,2025-09-16 02:00:00,2.0,78.18,0.0,0.07,39.58,0.43,6.32,21.68,0.0
1757991600,2025-09-16 03:00:00,2.0,79.47,0.0,0.07,40.37,0.42,6.19,21.57,0.0
1757995200,2025-09-16 04:00:00,2.0,80.57,0.01,0.06,41.04,0.41,6.05,21.48,0.0
1757998800,2025-09-16 05:00:00,2.0,81.41,0.01,0.05,41.53,0.4,5.97,21.59,0.0
1758002400,2025-09-16 06:00:00,2.0,81.47,0.01,0.05,41.5,0.4,6.0,21.86,0.0
1758006000,2025-09-16 07:00:00,2.0,81.06,0.01,0.05,40.95,0.39,6.1,22.05,0.0
1758009600,2025-09-16 08:00:00,2.0,80.26,0.01,0.05,40.05,0.39,6.21,21.99,0.0
1758013200,2025-09-16 09:00:00,2.0,79.41,0.01,0.04,39.01,0.39,6.28,21.98,0.0
1758016800,2025-09-16 10:00:00,2.0,78.93,0.01,0.05,38.19,0.39,6.47,22.94,0.0
1758020400,2025-09-16 11:00:00,2.0,78.49,0.01,0.05,37.49,0.41,6.87,25.29,0.0
1758024000,2025-09-16 12:00:00,2.0,78.46,0.01,0.06,37.33,0.43,7.42,28.5,0.0
1758027600,2025-09-16 13:00:00,2.0,78.86,0.0,0.07,37.66,0.45,8.08,32.16,0.0
1758031200,2025-09-16 14:00:00,2.0,78.93,0.0,0.08,38.19,0.48,8.87,36.38,0.0
1758034800,2025-09-16 15:00:00,2.0,78.74,0.0,0.09,38.84,0.5,9.57,39.86,0.0
1758038400,2025-09-16 16:00:00,2.0,78.57,0.0,0.09,39.58,0.51,9.77,41.12,0.0
1758042000,2025-09-16 17:00:00,2.0,79.33,0.0,0.09,40.58,0.5,9.49,40.27,0.0
1758045600,2025-09-16 18:00:00,2.0,80.43,0.0,0.09,41.77,0.49,9.0,38.92,0.0
1758049200,2025-09-16 19:00:00,2.0,81.23,0.0,0.08,42.79,0.48,8.54,37.24,0.0
1758052800,2025-09-16 20:00:00,2.0,81.53,0.0,0.08,43.33,0.47,8.33,35.15,0.0
1758056400,2025-09-16 21:00:00,2.0,81.36,0.0,0.08,43.54,0.46,8.28,32.88,0.0
1758060000,2025-09-16 22:00:00,2.0,80.9,0.0,0.09,43.57,0.47,8.5,33.07,0.0
1758063600,2025-09-16 23:00:00,2.0,80.28,0.0,0.09,43.6,0.5,9.01,35.49,0.0
1758067200,2025-09-17 00:00:00,2.0,79.68,0.0,0.09,43.76,0.52,9.64,38.77,0.0
1758070800,2025-09-17 01:00:00,2.0,79.39,0.0,0.09,44.18,0.53,10.2,40.95,0.0
1758074400,2025-09-17 02:00:00,2.0,80.1,0.0,0.09,45.15,0.51,10.45,41.46,0.0
1758078000,2025-09-17 03:00:00,2.0,80.9,0.0,0.1,46.21,0.49,10.55,41.69,0.0
1758081600,2025-09-17 04:00:00,2.0,81.62,0.01,0.09,46.94,0.46,10.56,41.86,0.0
1758085200,2025-09-17 05:00:00,2.0,82.2,0.01,0.08,47.37,0.45,10.59,42.35,0.0
1758088800,2025-09-17 06:00:00,2.0,82.93,0.01,0.07,47.52,0.43,10.59,43.01,0.0
1758092400,2025-09-17 07:00:00,2.0,83.6,0.01,0.06,47.4,0.41,10.52,43.66,0.0
1758096000,2025-09-17 08:00:00,2.0,84.15,0.01,0.06,46.91,0.39,10.39,43.92,0.0
1758099600,2025-09-17 09:00:00,2.0,84.61,0.01,0.06,46.31,0.38,10.22,44.15,0.0
1758103200,2025-09-17 10:00:00,2.0,85.19,0.01,0.06,45.83,0.37,10.07,45.22,0.0
1758106800,2025-09-17 11:00:00,2.0,85.66,0.01,0.06,45.26,0.37,9.7,44.92,0.0
1758110400,2025-09-17 12:00:00,2.0,85.82,0.01,0.07,44.64,0.36,9.32,43.56,0.0
1758114000,2025-09-17 13:00:00,2.0,85.98,0.0,0.08,44.1,0.37,8.93,41.59,0.0
1758117600,2025-09-17 14:00:00,2.0,85.99,0.0,0.09,43.3,0.37,8.55,39.22,0.0
1758121200,2025-09-17 15:00:00,2.0,85.79,0.0,0.1,42.43,0.38,8.18,36.67,0.0
1758124800,2025-09-17 16:00:00,2.0,85.53,0.0,0.1,41.67,0.38,7.84,34.29,0.0
1758128400,2025-09-17 17:00:00,2.0,85.56,0.0,0.1,41.28,0.38,7.57,32.72,0.0
1758132000,2025-09-17 18:00:00,2.0,85.63,0.0,0.09,41.25,0.38,7.31,31.38,0.0
1758135600,2025-09-17 19:00:00,2.0,85.76,0.0,0.09,41.34,0.38,7.0,29.06,0.0
1758139200,2025-09-17 20:00:00,2.0,85.84,0.0,0.09,41.61,0.37,6.76,27.03,0.0
1758142800,2025-09-17 21:00:00,2.0,85.81,0.0,0.09,41.69,0.37,6.7,27.0,0.0
1758146400,2025-09-17 22:00:00,2.0,85.55,0.0,0.08,41.43,0.39,6.83,28.1,0.0
1758150000,2025-09-17 23:00:00,2.0,85.14,0.0,0.09,41.01,0.4,7.13,29.74,0.0
1758153600,2025-09-18 00:00:00,2.0,84.73,0.0,0.09,40.73,0.39,7.35,30.88,0.0
1758157200,2025-09-18 01:00:00,2.0,84.69,0.0,0.08,40.7,0.38,7.35,30.39,0.0
1758160800,2025-09-18 02:00:00,2.0,84.82,0.0,0.08,41.0,0.36,7.14,28.42,0.0
1758164400,2025-09-18 03:00:00,2.0,85.1,0.0,0.09,41.39,0.34,6.93,26.38,0.0
1758168000,2025-09-18 04:00:00,2.0,85.18,0.01,0.08,41.68,0.32,6.73,25.16,0.0
1758171600,2025-09-18 05:00:00,2.0,85.17,0.01,0.07,41.81,0.31,6.68,25.19,0.0
1758175200,2025-09-18 06:00:00,2.0,85.07,0.01,0.06,41.81,0.3,6.71,25.92,0.0
1758178800,2025-09-18 07:00:00,2.0,84.91,0.01,0.05,41.59,0.3,6.74,26.82,0.0
1758182400,2025-09-18 08:00:00,2.0,84.56,0.01,0.04,41.02,0.29,6.78,27.61,0.0
1758186000,2025-09-18 09:00:00,2.0,84.15,0.01,0.04,40.48,0.29,6.8,28.16,0.0
1758189600,2025-09-18 10:00:00,2.0,84.12,0.01,0.04,40.2,0.3,6.84,28.63,0.0
1758193200,2025-09-18 11:00:00,2.0,83.93,0.01,0.05,39.88,0.29,6.85,28.76,0.0
1758196800,2025-09-18 12:00:00,2.0,83.76,0.01,0.05,39.63,0.29,6.83,28.63,0.0
1758200400,2025-09-18 13:00:00,2.0,83.62,0.01,0.06,39.46,0.29,6.86,28.47,0.0
1758204000,2025-09-18 14:00:00,2.0,83.3,0.0,0.08,39.18,0.3,6.88,28.31,0.0
1758207600,2025-09-18 15:00:00,2.0,83.03,0.0,0.08,38.92,0.3,6.91,28.14,0.0
1758211200,2025-09-18 16:00:00,2.0,82.79,0.0,0.08,38.91,0.3,6.81,27.5,0.0
1758214800,2025-09-18 17:00:00,2.0,82.98,0.0,0.08,39.27,0.3,6.7,27.04,0.0
1758218400,2025-09-18 18:00:00,2.0,83.03,0.0,0.08,39.62,0.3,6.65,27.11,0.0
1758222000,2025-09-18 19:00:00,2.0,82.86,0.0,0.07,39.93,0.3,6.64,27.16,0.0
1758225600,2025-09-18 20:00:00,2.0,82.94,0.0,0.07,40.4,0.29,6.61,27.08,0.0
1758229200,2025-09-18 21:00:00,2.0,83.07,0.0,0.07,40.91,0.28,6.57,27.15,0.0
1758232800,2025-09-18 22:00:00,2.0,83.17,0.0,0.07,41.61,0.27,6.52,27.5,0.0
1758236400,2025-09-18 23:00:00,2.0,83.45,0.0,0.07,42.28,0.26,6.45,27.59,0.0
1758240000,2025-09-19 00:00:00,2.0,83.5,0.0,0.06,42.62,0.25,6.36,27.3,0.0
1758243600,2025-09-19 01:00:00,2.0,83.59,0.0,0.06,42.8,0.25,6.27,26.88,0.0
1758247200,2025-09-19 02:00:00,2.0,83.49,0.0,0.07,42.75,0.25,6.21,26.63,0.0
1758250800,2025-09-19 03:00:00,2.0,83.45,0.0,0.07,42.78,0.25,6.11,26.12,0.0
1758254400,2025-09-19 04:00:00,2.0,83.18,0.01,0.06,42.83,0.24,5.95,25.23,0.0
1758258000,2025-09-19 05:00:00,2.0,83.1,0.01,0.05,42.89,0.24,5.8,24.32,0.0
1758261600,2025-09-19 06:00:00,2.0,82.95,0.01,0.04,42.77,0.23,5.71,23.56,0.0
1758265200,2025-09-19 07:00:00,2.0,82.65,0.01,0.04,42.4,0.23,5.65,22.92,0.0
1758268800,2025-09-19 08:00:00,2.0,82.4,0.01,0.03,41.79,0.23,5.65,22.53,0.0
1758272400,2025-09-19 09:00:00,2.0,81.97,0.01,0.03,41.2,0.24,5.71,22.5,0.0
1758276000,2025-09-19 10:00:00,2.0,81.91,0.01,0.04,40.92,0.25,5.82,22.84,0.0
1758279600,2025-09-19 11:00:00,2.0,81.78,0.01,0.04,40.82,0.25,5.91,23.2,0.0
1758283200,2025-09-19 12:00:00,2.0,81.56,0.01,0.05,40.99,0.26,5.97,23.56,0.0
1758286800,2025-09-19 13:00:00,2.0,81.5,0.0,0.06,41.41,0.26,6.02,23.87,0.0
1758290400,2025-09-19 14:00:00,2.0,81.52,0.0,0.07,41.8,0.26,6.06,24.1,0.0
1758294000,2025-09-19 15:00:00,2.0,81.56,0.0,0.07,42.21,0.26,6.09,24.2,0.0
1758297600,2025-09-19 16:00:00,2.0,81.41,0.0,0.07,42.56,0.25,6.08,23.94,0.0
1758301200,2025-09-19 17:00:00,2.0,81.44,0.0,0.07,42.94,0.25,6.05,23.51,0.0
1758304800,2025-09-19 18:00:00,2.0,81.44,0.0,0.07,43.12,0.24,6.05,23.22,0.0
1758308400,2025-09-19 19:00:00,2.0,81.06,0.0,0.06,42.85,0.24,6.09,23.12,0.0
1758312000,2025-09-19 20:00:00,2.0,80.65,0.0,0.07,42.39,0.24,6.06,22.74,0.0
1758315600,2025-09-19 21:00:00,2.0,80.2,0.0,0.06,41.85,0.24,5.9,21.81,0.0
1758319200,2025-09-19 22:00:00,2.0,80.04,0.0,0.06,41.51,0.23,5.61,20.37,0.0
1758322800,2025-09-19 23:00:00,1.0,80.19,0.0,0.06,41.74,0.23,5.24,18.75,0.0
1758326400,2025-09-20 00:00:00,1.0,80.49,0.0,0.06,42.58,0.22,4.85,17.14,0.0
1758330000,2025-09-20 01:00:00,1.0,81.12,0.0,0.06,43.69,0.21,4.49,15.67,0.0
1758333600,2025-09-20 02:00:00,1.0,81.46,0.0,0.06,44.72,0.2,4.2,14.48,0.0
1758337200,2025-09-20 03:00:00,1.0,81.71,0.0,0.06,45.55,0.19,3.99,13.6,0.0
1758340800,2025-09-20 04:00:00,1.0,81.83,0.01,0.05,46.02,0.18,3.83,12.9,0.0
1758344400,2025-09-20 05:00:00,1.0,81.63,0.01,0.05,46.06,0.18,3.74,12.51,0.0
1758348000,2025-09-20 06:00:00,1.0,81.44,0.01,0.04,45.57,0.18,3.72,12.44,0.0
1758351600,2025-09-20 07:00:00,1.0,81.03,0.01,0.03,44.62,0.19,3.73,12.51,0.0
1758355200,2025-09-20 08:00:00,1.0,80.71,0.01,0.03,43.49,0.19,3.72,12.6,0.0
1758358800,2025-09-20 09:00:00,1.0,80.36,0.01,0.03,42.39,0.19,3.69,12.65,0.0
1758362400,2025-09-20 10:00:00,1.0,80.53,0.01,0.04,41.6,0.2,3.67,12.77,0.0
1758366000,2025-09-20 11:00:00,1.0,80.66,0.01,0.04,40.98,0.2,3.6,12.76,0.0
1758369600,2025-09-20 12:00:00,1.0,80.94,0.01,0.05,40.65,0.2,3.53,12.66,0.0
1758373200,2025-09-20 13:00:00,1.0,81.35,0.0,0.06,40.75,0.21,3.47,12.54,0.0
1758376800,2025-09-20 14:00:00,1.0,81.98,0.0,0.07,41.1,0.21,3.42,12.41,0.0
1758380400,2025-09-20 15:00:00,1.0,82.44,0.0,0.07,41.52,0.21,3.4,12.36,0.0
1758384000,2025-09-20 16:00:00,1.0,82.6,0.0,0.07,41.99,0.2,3.38,12.31,0.0
1758387600,2025-09-20 17:00:00,1.0,82.84,0.0,0.07,42.31,0.2,3.41,12.41,0.0
1758391200,2025-09-20 18:00:00,1.0,82.62,0.0,0.06,42.22,0.21,3.51,12.78,0.0
1758394800,2025-09-20 19:00:00,1.0,82.03,0.0,0.06,41.71,0.21,3.63,13.24,0.0
1758398400,2025-09-20 20:00:00,1.0,81.53,0.0,0.06,41.22,0.22,3.76,13.7,0.0
1758402000,2025-09-20 21:00:00,1.0,81.26,0.0,0.06,41.04,0.22,3.83,13.96,0.0
1758405600,2025-09-20 22:00:00,1.0,81.04,0.0,0.06,41.21,0.22,3.84,13.96,0.0
1758409200,2025-09-20 23:00:00,1.0,81.34,0.0,0.06,41.85,0.21,3.77,13.63,0.0
1758412800,2025-09-21 00:00:00,1.0,81.65,0.0,0.06,42.49,0.21,3.67,13.23,0.0
1758416400,2025-09-21 01:00:00,1.0,81.87,0.0,0.06,42.78,0.2,3.59,12.62,0.0
1758420000,2025-09-21 02:00:00,1.0,81.87,0.0,0.06,42.97,0.2,3.51,11.89,0.0
1758423600,2025-09-21 03:00:00,1.0,81.84,0.0,0.07,43.0,0.19,3.43,11.13,0.0
1758427200,2025-09-21 04:00:00,1.0,81.91,0.0,0.06,43.15,0.17,3.31,10.63,0.0
1758430800,2025-09-21 05:00:00,1.0,81.51,0.01,0.05,42.68,0.17,3.28,10.64,0.0
1758434400,2025-09-21 06:00:00,1.0,80.71,0.01,0.05,41.74,0.18,3.28,10.76,0.0
1758438000,2025-09-21 07:00:00,1.0,80.12,0.01,0.04,40.78,0.19,3.25,10.76,0.0
1758441600,2025-09-21 08:00:00,1.0,79.76,0.01,0.04,40.07,0.19,3.12,10.44,0.0
1758445200,2025-09-21 09:00:00,1.0,79.6,0.01,0.04,39.58,0.19,2.95,9.96,0.0
1758448800,2025-09-21 10:00:00,1.0,80.13,0.01,0.04,39.61,0.19,2.72,9.21,0.0
1758452400,2025-09-21 11:00:00,1.0,80.72,0.01,0.04,40.01,0.19,2.51,8.47,0.0
1758456000,2025-09-21 12:00:00,1.0,81.23,0.01,0.04,40.33,0.2,2.39,8.07,0.0
1758459600,2025-09-21 13:00:00,1.0,81.9,0.0,0.05,40.66,0.21,2.33,7.95,0.0
1758463200,2025-09-21 14:00:00,1.0,82.31,0.0,0.06,40.73,0.21,2.29,7.94,0.0
1758466800,2025-09-21 15:00:00,1.0,82.84,0.0,0.06,40.8,0.22,2.26,7.88,0.0
1758470400,2025-09-21 16:00:00,1.0,83.07,0.0,0.06,40.91,0.22,2.23,7.75,0.0
1758474000,2025-09-21 17:00:00,1.0,83.37,0.0,0.06,41.09,0.22,2.22,7.64,0.0
1758477600,2025-09-21 18:00:00,1.0,83.34,0.0,0.07,41.02,0.22,2.25,7.61,0.0
1758481200,2025-09-21 19:00:00,1.0,82.92,0.0,0.07,40.65,0.22,2.3,7.56,0.0
1758484800,2025-09-21 20:00:00,1.0,82.53,0.0,0.07,40.35,0.21,2.35,7.47,0.0
1758488400,2025-09-21 21:00:00,1.0,82.52,0.0,0.07,40.26,0.21,2.38,7.33,0.0
1758492000,2025-09-21 22:00:00,1.0,82.65,0.0,0.07,40.45,0.2,2.38,7.07,0.0
1758495600,2025-09-21 23:00:00,1.0,83.07,0.0,0.06,40.89,0.2,2.38,6.85,0.0
1758499200,2025-09-22 00:00:00,1.0,83.73,0.0,0.06,41.53,0.2,2.37,6.71,0.0
1758502800,2025-09-22 01:00:00,1.0,84.62,0.0,0.06,42.27,0.21,2.39,6.82,0.0
1758506400,2025-09-22 02:00:00,1.0,85.33,0.0,0.07,43.08,0.23,2.45,7.2,0.0
1758510000,2025-09-22 03:00:00,1.0,86.19,0.0,0.07,44.08,0.25,2.49,7.47,0.0
1758513600,2025-09-22 04:00:00,1.0,86.64,0.01,0.06,44.92,0.25,2.49,7.36,0.0
1758517200,2025-09-22 05:00:00,1.0,86.93,0.01,0.05,45.73,0.24,2.41,6.97,0.0
1758520800,2025-09-22 06:00:00,1.0,86.81,0.01,0.05,45.98,0.21,2.3,6.56,0.0
1758524400,2025-09-22 07:00:00,1.0,86.38,0.01,0.04,45.52,0.18,2.2,6.18,0.0
1758528000,2025-09-22 08:00:00,1.0,85.45,0.01,0.04,44.01,0.18,2.22,6.3,0.0
1758531600,2025-09-22 09:00:00,1.0,84.55,0.01,0.04,42.15,0.19,2.27,6.51,0.0
1758535200,2025-09-22 10:00:00,1.0,83.87,0.01,0.04,40.32,0.2,2.33,6.82,0.0
1758538800,2025-09-22 11:00:00,1.0,83.19,0.01,0.05,38.64,0.22,2.4,7.21,0.0
1758542400,2025-09-22 12:00:00,1.0,82.91,0.01,0.06,37.5,0.23,2.45,7.55,0.0
1758546000,2025-09-22 13:00:00,1.0,83.26,0.0,0.07,37.06,0.23,2.46,7.78,0.0
1758549600,2025-09-22 14:00:00,1.0,83.91,0.0,0.07,37.03,0.24,2.46,8.02,0.0
1758553200,2025-09-22 15:00:00,1.0,84.64,0.0,0.07,37.29,0.25,2.42,8.28,0.0
1758556800,2025-09-22 16:00:00,1.0,85.27,0.0,0.07,37.84,0.25,2.34,8.4,0.0
1758560400,2025-09-22 17:00:00,1.0,85.79,0.0,0.07,38.58,0.25,2.27,8.39,0.0
1758564000,2025-09-22 18:00:00,1.0,85.93,0.0,0.07,39.17,0.26,2.26,8.46,0.0
1758567600,2025-09-22 19:00:00,1.0,85.5,0.0,0.07,39.21,0.26,2.29,8.56,0.0
1758571200,2025-09-22 20:00:00,1.0,84.86,0.0,0.07,39.06,0.26,2.35,8.69,0.0
1758574800,2025-09-22 21:00:00,1.0,84.19,0.0,0.07,38.73,0.26,2.44,8.84,0.0
1758578400,2025-09-22 22:00:00,1.0,83.76,0.0,0.07,38.61,0.26,2.54,9.02,0.0
1758582000,2025-09-22 23:00:00,1.0,83.83,0.0,0.07,39.02,0.26,2.64,9.21,0.0
1758585600,2025-09-23 00:00:00,1.0,84.26,0.0,0.06,39.8,0.26,2.74,9.4,0.0
1758589200,2025-09-23 01:00:00,1.0,84.96,0.0,0.06,40.78,0.25,2.84,9.47,0.0
1758592800,2025-09-23 02:00:00,1.0,85.8,0.0,0.06,41.72,0.25,2.9,9.33,0.0
1758596400,2025-09-23 03:00:00,1.0,86.5,0.0,0.07,42.31,0.25,2.92,9.35,0.0
1758600000,2025-09-23 04:00:00,1.0,86.86,0.0,0.06,42.47,0.25,2.91,9.37,0.0
1758603600,2025-09-23 05:00:00,1.0,87.13,0.01,0.05,42.27,0.25,2.9,9.42,0.0
1758607200,2025-09-23 06:00:00,1.0,87.31,0.01,0.05,41.63,0.26,2.9,9.49,0.0
1758610800,2025-09-23 07:00:00,1.0,87.29,0.01,0.04,40.71,0.26,2.87,9.39,0.0
1758614400,2025-09-23 08:00:00,1.0,87.1,0.01,0.04,39.84,0.26,2.8,9.1,0.0
1758618000,2025-09-23 09:00:00,1.0,86.84,0.01,0.04,39.32,0.26,2.7,8.76,0.0
1758621600,2025-09-23 10:00:00,1.0,87.05,0.01,0.04,39.45,0.26,2.63,8.6,0.0
1758625200,2025-09-23 11:00:00,1.0,87.06,0.01,0.04,39.88,0.26,2.63,8.71,0.0
1758628800,2025-09-23 12:00:00,1.0,87.01,0.01,0.05,40.5,0.26,2.68,9.04,0.0
1758632400,2025-09-23 13:00:00,1.0,87.12,0.0,0.06,41.08,0.27,2.79,9.45,0.0
1758636000,2025-09-23 14:00:00,1.0,87.0,0.0,0.07,41.31,0.28,2.93,9.99,0.0
1758639600,2025-09-23 15:00:00,1.0,86.69,0.0,0.07,41.05,0.29,3.1,10.7,0.0
1758643200,2025-09-23 16:00:00,1.0,86.02,0.0,0.07,40.53,0.3,3.27,11.33,0.0
1758646800,2025-09-23 17:00:00,1.0,85.53,0.0,0.07,40.09,0.31,3.44,11.94,0.0
1758650400,2025-09-23 18:00:00,1.0,85.01,0.0,0.07,39.62,0.32,3.63,12.61,0.0
1758654000,2025-09-23 19:00:00,1.0,84.2,0.0,0.07,39.29,0.32,3.8,13.15,0.0
1758657600,2025-09-23 20:00:00,1.0,83.57,0.0,0.06,39.16,0.33,3.93,13.61,0.0
1758661200,2025-09-23 21:00:00,1.0,82.97,0.0,0.06,39.13,0.33,4.03,13.99,0.0
1758664800,2025-09-23 22:00:00,1.0,82.81,0.0,0.06,39.25,0.33,4.12,14.44,0.0
1758668400,2025-09-23 23:00:00,1.0,82.72,0.0,0.06,39.5,0.33,4.21,14.92,0.0
1758672000,2025-09-24 00:00:00,1.0,82.8,0.0,0.06,39.86,0.33,4.28,15.38,0.0
1758675600,2025-09-24 01:00:00,1.0,82.98,0.0,0.06,40.17,0.33,4.34,15.52,0.0
1758679200,2025-09-24 02:00:00,1.0,83.2,0.0,0.06,40.4,0.32,4.37,15.3,0.0
1758682800,2025-09-24 03:00:00,1.0,83.3,0.0,0.06,40.64,0.31,4.35,14.99,0.0
1758686400,2025-09-24 04:00:00,1.0,83.53,0.01,0.06,40.76,0.29,4.31,15.02,0.0
1758690000,2025-09-24 05:00:00,1.0,83.59,0.01,0.05,40.73,0.28,4.28,15.25,0.0
1758693600,2025-09-24 06:00:00,1.0,83.74,0.01,0.05,40.56,0.28,4.27,15.39,0.0
1758697200,2025-09-24 07:00:00,1.0,83.95,0.01,0.05,40.31,0.27,4.26,15.4,0.0
1758700800,2025-09-24 08:00:00,1.0,83.93,0.01,0.05,39.83,0.28,4.27,15.38,0.0
1758704400,2025-09-24 09:00:00,1.0,83.88,0.01,0.04,39.35,0.28,4.28,15.32,0.0
1758708000,2025-09-24 10:00:00,1.0,84.29,0.01,0.05,39.16,0.28,4.34,15.45,0.0
1758711600,2025-09-24 11:00:00,1.0,84.47,0.01,0.05,39.05,0.29,4.4,15.61,0.0
1758715200,2025-09-24 12:00:00,1.0,84.74,0.01,0.05,39.0,0.29,4.46,15.76,0.0
1758718800,2025-09-24 13:00:00,1.0,85.26,0.0,0.06,39.18,0.3,4.52,15.79,0.0
1758722400,2025-09-24 14:00:00,1.0,85.89,0.0,0.07,39.5,0.29,4.55,15.69,0.0
1758726000,2025-09-24 15:00:00,1.0,86.67,0.0,0.07,40.16,0.29,4.57,15.63,0.0
1758729600,2025-09-24 16:00:00,1.0,87.58,0.0,0.07,41.17,0.28,4.55,15.64,0.0
1758733200,2025-09-24 17:00:00,1.0,88.77,0.0,0.07,42.64,0.27,4.61,16.31,0.0
1758736800,2025-09-24 18:00:00,1.0,89.73,0.0,0.06,44.01,0.27,4.84,17.7,0.0
1758740400,2025-09-24 19:00:00,1.0,90.31,0.0,0.06,45.23,0.27,5.14,18.78,0.0
1758744000,2025-09-24 20:00:00,1.0,91.05,0.0,0.06,46.24,0.26,5.45,19.46,0.0
1758747600,2025-09-24 21:00:00,2.0,91.52,0.0,0.06,47.15,0.25,5.73,20.04,0.0
1758751200,2025-09-24 22:00:00,2.0,91.78,0.0,0.06,48.03,0.25,6.0,20.59,0.0
1758754800,2025-09-24 23:00:00,2.0,91.95,0.0,0.06,48.75,0.24,6.24,21.18,0.0
1758758400,2025-09-25 00:00:00,2.0,91.97,0.0,0.06,49.28,0.23,6.45,21.9,0.0
1758762000,2025-09-25 01:00:00,2.0,92.12,0.0,0.06,49.66,0.22,6.67,23.06,0.0
1758765600,2025-09-25 02:00:00,2.0,92.12,0.0,0.06,49.87,0.22,6.9,24.3,0.0
1758769200,2025-09-25 03:00:00,2.0,91.97,0.0,0.06,49.94,0.22,7.11,25.25,0.0
1758772800,2025-09-25 04:00:00,2.0,92.01,0.01,0.05,49.82,0.21,7.27,25.93,0.0
1758776400,2025-09-25 05:00:00,2.0,91.95,0.01,0.04,49.63,0.2,7.41,26.56,0.0
1758780000,2025-09-25 06:00:00,2.0,91.95,0.01,0.04,49.23,0.19,7.52,27.09,0.0
1758783600,2025-09-25 07:00:00,2.0,91.87,0.01,0.04,48.64,0.18,7.59,27.47,0.0
1758787200,2025-09-25 08:00:00,2.0,91.72,0.01,0.04,47.99,0.17,7.64,27.93,0.0
1758790800,2025-09-25 09:00:00,2.0,91.6,0.01,0.03,47.34,0.17,7.68,28.34,0.0
1758794400,2025-09-25 10:00:00,2.0,91.85,0.01,0.04,47.05,0.16,7.74,28.72,0.0
1758798000,2025-09-25 11:00:00,2.0,92.04,0.01,0.04,46.91,0.16,7.73,29.03,0.0
1758801600,2025-09-25 12:00:00,2.0,92.3,0.0,0.04,46.88,0.15,7.66,29.14,0.0
1758805200,2025-09-25 13:00:00,2.0,92.52,0.0,0.05,46.99,0.15,7.57,29.03,0.0
1758808800,2025-09-25 14:00:00,2.0,92.77,0.0,0.06,47.04,0.14,7.52,29.01,0.0
1758812400,2025-09-25 15:00:00,2.0,92.99,0.0,0.06,47.11,0.14,7.46,28.89,0.0
1758816000,2025-09-25 16:00:00,2.0,92.97,0.0,0.06,47.02,0.13,7.34,28.43,0.0
1758819600,2025-09-25 17:00:00,2.0,92.98,0.0,0.06,46.94,0.13,7.2,27.88,0.0
1758823200,2025-09-25 18:00:00,2.0,92.97,0.0,0.06,46.86,0.13,7.08,27.4,0.0
1758826800,2025-09-25 19:00:00,2.0,92.71,0.0,0.06,46.68,0.12,6.93,26.68,0.0
1758830400,2025-09-25 20:00:00,2.0,92.55,0.0,0.06,46.49,0.12,6.77,26.0,0.0
1758834000,2025-09-25 21:00:00,2.0,92.38,0.0,0.05,46.37,0.11,6.65,25.63,0.0
1758837600,2025-09-25 22:00:00,2.0,92.13,0.0,0.05,46.33,0.11,6.6,25.59,0.0
1758841200,2025-09-25 23:00:00,2.0,91.84,0.0,0.05,46.35,0.11,6.61,25.71,0.0
1758844800,2025-09-26 00:00:00,2.0,91.7,0.0,0.05,46.51,0.11,6.64,25.83,0.0
1758848400,2025-09-26 01:00:00,2.0,91.65,0.0,0.05,46.59,0.11,6.77,26.47,0.0
1758852000,2025-09-26 02:00:00,2.0,91.66,0.0,0.05,46.7,0.11,6.94,27.29,0.0
1758855600,2025-09-26 03:00:00,2.0,91.53,0.0,0.06,46.98,0.11,7.05,27.76,0.0
1758859200,2025-09-26 04:00:00,2.0,91.54,0.0,0.05,47.38,0.11,7.13,28.2,0.0
1758862800,2025-09-26 05:00:00,2.0,91.52,0.0,0.05,47.63,0.1,7.2,28.78,0.0
1758866400,2025-09-26 06:00:00,2.0,91.58,0.01,0.04,47.7,0.1,7.28,29.36,0.0
1758870000,2025-09-26 07:00:00,2.0,91.46,0.01,0.03,47.45,0.1,7.31,29.69,0.0
1758873600,2025-09-26 08:00:00,2.0,91.32,0.01,0.03,46.75,0.09,7.33,29.96,0.0
1758877200,2025-09-26 09:00:00,2.0,90.98,0.01,0.03,45.96,0.09,7.36,30.27,0.0
1758880800,2025-09-26 10:00:00,2.0,90.96,0.0,0.03,45.37,0.08,7.39,30.75,0.0
1758884400,2025-09-26 11:00:00,2.0,90.85,0.0,0.03,44.96,0.08,7.34,30.5,0.0
1758888000,2025-09-26 12:00:00,2.0,90.82,0.0,0.04,44.75,0.07,7.22,29.75,0.0
1758891600,2025-09-26 13:00:00,2.0,90.95,0.0,0.04,44.72,0.07,7.04,28.58,0.0
1758895200,2025-09-26 14:00:00,2.0,90.99,0.0,0.05,44.69,0.06,6.87,27.55,0.0
1758898800,2025-09-26 15:00:00,2.0,91.03,0.0,0.05,44.76,0.06,6.68,26.45,0.0
1758902400,2025-09-26 16:00:00,2.0,90.99,0.0,0.05,44.77,0.06,6.43,25.08,0.0
1758906000,2025-09-26 17:00:00,2.0,91.15,0.0,0.05,44.7,0.06,6.19,23.77,0.0
1758909600,2025-09-26 18:00:00,2.0,91.19,0.0,0.05,44.71,0.06,5.95,22.46,0.0
1758913200,2025-09-26 19:00:00,2.0,91.1,0.0,0.05,44.58,0.06,5.7,21.15,0.0
1758916800,2025-09-26 20:00:00,2.0,91.07,0.0,0.05,44.66,0.06,5.55,20.47,0.0
1758920400,2025-09-26 21:00:00,2.0,91.02,0.0,0.05,44.82,0.07,5.55,20.57,0.0
1758924000,2025-09-26 22:00:00,2.0,90.85,0.0,0.05,45.17,0.08,5.71,21.53,0.0
1758927600,2025-09-26 23:00:00,2.0,90.79,0.0,0.05,45.8,0.08,5.98,23.02,0.0
1758931200,2025-09-27 00:00:00,2.0,90.51,0.0,0.04,46.55,0.1,6.33,24.86,0.0
1758934800,2025-09-27 01:00:00,2.0,90.33,0.0,0.04,47.58,0.1,6.73,26.9,0.0
1758938400,2025-09-27 02:00:00,2.0,90.39,0.0,0.04,48.53,0.11,7.17,29.07,0.0
1758942000,2025-09-27 03:00:00,2.0,90.56,0.0,0.04,49.38,0.1,7.61,31.06,0.0
1758945600,2025-09-27 04:00:00,2.0,90.84,0.01,0.04,49.97,0.1,8.04,32.87,0.0
1758949200,2025-09-27 05:00:00,2.0,91.16,0.01,0.03,49.91,0.09,8.61,35.22,0.0
1758952800,2025-09-27 06:00:00,2.0,91.51,0.01,0.03,49.63,0.09,9.17,37.48,0.0
1758956400,2025-09-27 07:00:00,2.0,91.54,0.01,0.03,49.07,0.08,9.62,39.21,0.0
1758960000,2025-09-27 08:00:00,2.0,91.41,0.01,0.03,48.46,0.08,9.91,40.21,0.0
1758963600,2025-09-27 09:00:00,2.0,91.28,0.01,0.03,47.94,0.07,10.1,40.74,0.0
1758967200,2025-09-27 10:00:00,2.0,91.22,0.01,0.03,47.83,0.07,10.11,40.3,0.0
1758970800,2025-09-27 11:00:00,2.0,90.95,0.01,0.03,47.66,0.06,9.93,38.78,0.0
1758974400,2025-09-27 12:00:00,2.0,90.7,0.0,0.03,47.71,0.06,9.63,36.93,0.0
1758978000,2025-09-27 13:00:00,2.0,90.61,0.0,0.04,48.08,0.06,9.21,34.72,0.0
1758981600,2025-09-27 14:00:00,2.0,90.43,0.0,0.04,48.51,0.06,8.68,32.13,0.0
1758985200,2025-09-27 15:00:00,2.0,90.2,0.0,0.05,48.93,0.07,8.06,29.28,0.0
1758988800,2025-09-27 16:00:00,2.0,89.9,0.0,0.05,49.39,0.09,7.43,26.49,0.0
1758992400,2025-09-27 17:00:00,2.0,89.79,0.0,0.05,49.62,0.1,6.91,24.22,0.0
1758996000,2025-09-27 18:00:00,2.0,89.53,0.0,0.05,49.55,0.12,6.53,22.58,0.0
1758999600,2025-09-27 19:00:00,2.0,89.25,0.0,0.05,49.09,0.14,6.35,21.73,0.0
1759003200,2025-09-27 20:00:00,2.0,89.14,0.0,0.05,48.51,0.17,6.39,21.9,0.0
1759006800,2025-09-27 21:00:00,2.0,88.94,0.0,0.05,47.95,0.21,6.58,22.72,0.0
1759010400,2025-09-27 22:00:00,2.0,88.79,0.0,0.05,47.7,0.25,6.78,23.54,0.0
1759014000,2025-09-27 23:00:00,2.0,88.82,0.0,0.05,47.78,0.27,6.87,23.81,0.0
1759017600,2025-09-28 00:00:00,2.0,88.91,0.0,0.04,48.23,0.29,6.94,24.14,0.0
1759021200,2025-09-28 01:00:00,2.0,89.0,0.0,0.04,48.85,0.31,7.13,25.06,0.0
1759024800,2025-09-28 02:00:00,2.0,89.29,0.0,0.04,49.66,0.32,7.49,26.88,0.0
1759028400,2025-09-28 03:00:00,2.0,89.5,0.0,0.05,50.47,0.33,7.99,29.45,0.0
1759032000,2025-09-28 04:00:00,2.0,89.89,0.0,0.04,51.53,0.34,8.59,32.51,0.0
1759035600,2025-09-28 05:00:00,2.0,90.17,0.0,0.04,52.37,0.35,9.28,36.14,0.0
1759039200,2025-09-28 06:00:00,2.0,90.46,0.0,0.03,52.77,0.35,10.05,40.26,0.0
1759042800,2025-09-28 07:00:00,2.0,90.6,0.01,0.03,52.7,0.35,10.79,44.36,0.0
1759046400,2025-09-28 08:00:00,2.0,90.7,0.01,0.03,52.18,0.35,11.43,48.11,0.0
1759050000,2025-09-28 09:00:00,3.0,90.75,0.01,0.03,51.45,0.34,12.0,51.71,0.0
1759053600,2025-09-28 10:00:00,3.0,91.31,0.01,0.03,50.85,0.34,12.52,55.18,0.0
1759057200,2025-09-28 11:00:00,3.0,91.32,0.01,0.04,50.11,0.35,12.8,57.27,0.0
1759060800,2025-09-28 12:00:00,3.0,91.07,0.01,0.04,49.4,0.36,12.86,58.09,0.0
1759064400,2025-09-28 13:00:00,3.0,91.09,0.0,0.06,48.9,0.38,12.73,57.73,0.0
1759068000,2025-09-28 14:00:00,3.0,90.9,0.0,0.07,48.37,0.41,12.17,54.6,0.0
1759071600,2025-09-28 15:00:00,2.0,90.74,0.0,0.07,48.15,0.44,11.16,49.15,0.0
1759075200,2025-09-28 16:00:00,2.0,90.31,0.0,0.07,48.28,0.47,9.93,43.26,0.0
1759078800,2025-09-28 17:00:00,2.0,90.14,0.0,0.07,48.92,0.5,8.94,39.65,0.0
1759082400,2025-09-28 18:00:00,2.0,90.17,0.0,0.08,49.73,0.53,8.34,38.4,0.0
1759086000,2025-09-28 19:00:00,2.0,90.05,0.0,0.08,50.48,0.54,8.14,39.34,0.0
1759089600,2025-09-28 20:00:00,2.0,89.75,0.0,0.08,50.7,0.55,8.0,39.41,0.0
1759093200,2025-09-28 21:00:00,2.0,89.42,0.0,0.08,50.43,0.56,7.76,38.33,0.0
1759096800,2025-09-28 22:00:00,2.0,89.36,0.0,0.08,50.97,0.57,7.69,38.76,0.0
1759100400,2025-09-28 23:00:00,2.0,89.31,0.0,0.08,52.06,0.58,7.89,41.02,0.0
1759104000,2025-09-29 00:00:00,2.0,89.23,0.0,0.08,53.38,0.59,8.24,44.31,0.0
1759107600,2025-09-29 01:00:00,2.0,89.42,0.0,0.07,54.25,0.6,8.65,47.49,0.0
1759111200,2025-09-29 02:00:00,2.0,89.86,0.0,0.08,54.28,0.62,8.94,49.19,0.0
1759114800,2025-09-29 03:00:00,3.0,90.15,0.0,0.09,53.78,0.63,9.17,50.71,0.0
1759118400,2025-09-29 04:00:00,3.0,90.44,0.01,0.09,53.19,0.63,9.49,53.15,0.0
1759122000,2025-09-29 05:00:00,3.0,90.8,0.01,0.08,52.48,0.63,9.91,56.28,0.0
1759125600,2025-09-29 06:00:00,3.0,91.1,0.01,0.08,51.77,0.64,10.39,59.7,0.0
1759129200,2025-09-29 07:00:00,3.0,91.27,0.01,0.08,51.02,0.63,10.94,63.28,0.0
1759132800,2025-09-29 08:00:00,3.0,91.32,0.01,0.07,50.43,0.62,11.6,67.13,0.0
1759136400,2025-09-29 09:00:00,3.0,91.36,0.01,0.07,49.93,0.61,12.33,71.27,0.0
1759140000,2025-09-29 10:00:00,3.0,91.64,0.01,0.08,49.83,0.6,13.14,75.35,0.0
1759143600,2025-09-29 11:00:00,3.0,91.46,0.01,0.09,49.67,0.6,13.83,78.16,0.0
1759147200,2025-09-29 12:00:00,3.0,91.22,0.0,0.1,49.45,0.6,14.34,79.39,0.0
1759150800,2025-09-29 13:00:00,3.0,91.07,0.0,0.11,49.47,0.62,14.66,79.47,0.0
1759154400,2025-09-29 14:00:00,3.0,91.03,0.0,0.12,49.38,0.64,14.71,78.12,0.0
1759158000,2025-09-29 15:00:00,3.0,91.03,0.0,0.12,48.92,0.65,14.42,75.5,0.0
1759161600,2025-09-29 16:00:00,3.0,90.7,0.0,0.13,48.06,0.67,13.93,72.59,0.0
1759165200,2025-09-29 17:00:00,3.0,89.96,0.0,0.13,46.99,0.7,13.51,70.17,0.0
1759168800,2025-09-29 18:00:00,3.0,89.27,0.0,0.13,46.18,0.71,13.28,68.38,0.0
1759172400,2025-09-29 19:00:00,3.0,88.65,0.0,0.14,45.69,0.71,13.32,67.81,0.0
1759176000,2025-09-29 20:00:00,3.0,88.66,0.0,0.14,45.58,0.72,13.75,69.18,0.0
1759179600,2025-09-29 21:00:00,3.0,89.22,0.0,0.15,45.81,0.72,14.51,72.28,0.0
1759183200,2025-09-29 22:00:00,3.0,90.76,0.0,0.2,46.57,0.7,15.55,77.11,0.0
1759186800,2025-09-29 23:00:00,3.0,94.14,0.0,0.29,47.22,0.72,16.68,82.23,0.0
1759190400,2025-09-30 00:00:00,3.0,100.43,0.0,0.43,48.19,0.77,17.99,87.56,0.0
1759194000,2025-09-30 01:00:00,3.0,91.27,0.0,0.11,48.64,0.67,14.71,77.64,0.0
1759197600,2025-09-30 02:00:00,3.0,91.7,0.0,0.11,50.11,0.65,15.43,79.89,0.0
1759201200,2025-09-30 03:00:00,3.0,92.03,0.0,0.13,51.34,0.61,16.08,81.29,0.0
1759204800,2025-09-30 04:00:00,3.0,92.31,0.01,0.12,52.18,0.61,16.54,79.09,0.0
1759208400,2025-09-30 05:00:00,3.0,92.66,0.01,0.1,53.0,0.59,16.94,76.35,0.0
1759212000,2025-09-30 06:00:00,3.0,93.02,0.01,0.08,53.86,0.54,17.39,75.1,0.0
1759215600,2025-09-30 07:00:00,3.0,93.29,0.01,0.07,54.5,0.48,18.01,77.18,0.0
1759219200,2025-09-30 08:00:00,3.0,93.4,0.01,0.06,54.63,0.46,18.69,80.86,0.0
1759222800,2025-09-30 09:00:00,3.0,93.35,0.01,0.06,54.58,0.47,19.3,83.81,0.0
1759226400,2025-09-30 10:00:00,3.0,93.95,0.01,0.06,55.68,0.47,20.02,86.52,0.0
1759230000,2025-09-30 11:00:00,3.0,94.54,0.01,0.07,57.24,0.46,20.72,87.57,0.0
1759233600,2025-09-30 12:00:00,3.0,95.22,0.0,0.09,58.87,0.47,21.18,87.26,0.0
1759237200,2025-09-30 13:00:00,3.0,95.97,0.0,0.11,59.99,0.48,21.44,86.4,0.0
1759240800,2025-09-30 14:00:00,3.0,96.03,0.0,0.12,60.42,0.5,21.52,85.8,0.0
1759244400,2025-09-30 15:00:00,3.0,95.91,0.0,0.12,60.06,0.52,21.33,84.74,0.0
1759248000,2025-09-30 16:00:00,3.0,95.11,0.0,0.12,59.27,0.53,20.94,83.12,0.0
1759251600,2025-09-30 17:00:00,3.0,94.55,0.0,0.12,58.37,0.55,20.56,81.81,0.0
1759255200,2025-09-30 18:00:00,3.0,93.8,0.0,0.12,57.6,0.56,20.23,80.83,0.0
1759258800,2025-09-30 19:00:00,3.0,92.77,0.0,0.11,56.84,0.56,19.91,80.21,0.0
1759262400,2025-09-30 20:00:00,3.0,91.89,0.0,0.11,56.52,0.57,19.74,80.29,0.0
1759266000,2025-09-30 21:00:00,3.0,91.32,0.0,0.11,56.15,0.57,19.66,80.75,0.0
1759269600,2025-09-30 22:00:00,3.0,90.61,0.0,0.11,55.81,0.58,19.74,81.55,0.0
1759273200,2025-09-30 23:00:00,3.0,90.18,0.0,0.11,55.46,0.57,19.95,82.36,0.0
1759276800,2025-10-01 00:00:00,3.0,90.44,0.0,0.1,55.64,0.55,20.43,83.48,0.0
1759280400,2025-10-01 01:00:00,2.0,247.21,0.0,4.47,44.26,6.79,14.53,27.89,0.0
1759284000,2025-10-01 02:00:00,2.0,236.47,0.0,4.65,42.81,7.03,14.74,30.6,0.0
1759287600,2025-10-01 03:00:00,2.0,222.83,0.34,4.56,44.24,7.36,14.96,33.24,0.0
1759291200,2025-10-01 04:00:00,2.0,201.71,0.71,3.62,51.71,7.36,14.87,34.97,0.0
1759294800,2025-10-01 05:00:00,2.0,182.33,0.57,2.65,64.69,6.9,15.3,35.96,0.0
1759298400,2025-10-01 06:00:00,2.0,171.97,0.32,1.74,79.5,6.33,17.28,37.81,0.0
1759302000,2025-10-01 07:00:00,2.0,169.35,0.18,1.13,91.8,5.92,20.18,40.63,0.0
1759305600,2025-10-01 08:00:00,3.0,171.87,0.12,0.88,101.24,5.84,23.47,44.46,0.0
1759309200,2025-10-01 09:00:00,3.0,174.49,0.1,0.81,108.64,5.85,25.85,47.06,0.0
1759312800,2025-10-01 10:00:00,3.0,178.55,0.1,0.83,114.87,5.73,27.51,48.3,0.0
1759316400,2025-10-01 11:00:00,3.0,182.72,0.09,0.91,118.61,5.29,28.39,48.22,0.0
1759320000,2025-10-01 12:00:00,3.0,185.44,0.07,1.1,119.48,4.77,28.29,46.78,0.0
1759323600,2025-10-01 13:00:00,3.0,186.25,0.02,1.39,117.17,4.31,27.32,44.33,0.0
1759327200,2025-10-01 14:00:00,3.0,184.97,0.0,1.48,112.34,4.0,25.68,41.21,0.02
1759330800,2025-10-01 15:00:00,3.0,179.43,0.0,1.31,105.79,3.72,23.37,37.3,0.04
1759334400,2025-10-01 16:00:00,2.0,163.96,0.0,1.1,95.91,3.08,19.56,31.0,0.05
1759338000,2025-10-01 17:00:00,2.0,152.85,0.0,0.97,87.56,2.38,17.11,26.76,0.05
1759341600,2025-10-01 18:00:00,2.0,145.25,0.0,0.96,81.07,1.97,15.4,23.85,0.04
1759345200,2025-10-01 19:00:00,2.0,139.97,0.0,1.09,75.18,1.79,14.07,21.93,0.03
1759348800,2025-10-01 20:00:00,2.0,138.79,0.0,1.32,69.88,1.79,13.08,20.75,0.04
1759352400,2025-10-01 21:00:00,2.0,140.96,0.0,1.64,64.92,2.03,12.24,19.95,0.08
1759356000,2025-10-01 22:00:00,2.0,139.68,0.0,1.95,59.52,2.61,10.27,16.96,0.12
1759359600,2025-10-01 23:00:00,1.0,140.99,0.0,2.25,54.72,3.2,9.47,16.35,0.15
1759363200,2025-10-02 00:00:00,1.0,142.93,0.0,2.58,50.42,3.87,9.22,16.88,0.17
1759366800,2025-10-02 01:00:00,1.0,140.33,0.0,2.73,47.27,4.22,8.79,17.16,0.18
1759370400,2025-10-02 02:00:00,1.0,134.51,0.0,2.7,45.73,4.19,8.1,16.78,0.18
1759374000,2025-10-02 03:00:00,1.0,127.95,0.16,2.62,45.7,4.03,7.5,16.38,0.16
1759377600,2025-10-02 04:00:00,1.0,125.31,0.41,2.33,47.69,4.05,7.72,17.9,0.16
1759381200,2025-10-02 05:00:00,2.0,128.27,0.46,2.25,52.05,4.4,9.11,21.45,0.17
1759384800,2025-10-02 06:00:00,2.0,132.28,0.38,2.11,58.93,4.78,11.22,25.04,0.17
1759388400,2025-10-02 07:00:00,2.0,134.23,0.28,1.8,65.59,4.92,12.91,26.69,0.15
1759392000,2025-10-02 08:00:00,2.0,134.69,0.21,1.39,71.86,4.78,14.17,27.03,0.12
1759395600,2025-10-02 09:00:00,2.0,134.52,0.17,1.15,77.15,4.53,15.05,26.9,0.09
1759399200,2025-10-02 10:00:00,2.0,133.35,0.13,1.08,80.82,4.22,14.88,25.68,0.07
1759402800,2025-10-02 11:00:00,2.0,130.37,0.11,1.14,81.5,3.77,13.53,23.12,0.06
1759406400,2025-10-02 12:00:00,2.0,124.0,0.07,1.25,78.81,3.11,11.0,18.9,0.05
1759410000,2025-10-02 13:00:00,2.0,116.12,0.02,1.3,74.28,2.36,8.18,14.45,0.04
1759413600,2025-10-02 14:00:00,2.0,110.38,0.0,1.29,69.56,1.8,6.11,11.39,0.06
1759417200,2025-10-02 15:00:00,2.0,108.45,0.0,1.36,65.6,1.58,5.16,10.06,0.09
1759420800,2025-10-02 16:00:00,2.0,108.53,0.0,1.47,62.59,1.5,4.82,9.68,0.09
1759424400,2025-10-02 17:00:00,2.0,110.88,0.0,1.54,60.84,1.44,4.8,9.96,0.08
1759428000,2025-10-02 18:00:00,2.0,113.49,0.0,1.56,60.18,1.4,4.76,10.25,0.08
1759431600,2025-10-02 19:00:00,1.0,115.24,0.0,1.55,59.67,1.4,4.6,10.01,0.07
1759435200,2025-10-02 20:00:00,1.0,117.85,0.0,1.66,58.57,1.61,4.53,9.96,0.08
1759438800,2025-10-02 21:00:00,1.0,120.75,0.0,1.87,56.39,2.04,4.68,10.34,0.08
1759442400,2025-10-02 22:00:00,1.0,123.6,0.0,2.18,53.6,2.52,4.94,10.21,0.08
1759446000,2025-10-02 23:00:00,1.0,126.5,0.0,2.48,50.67,2.78,5.42,10.61,0.07
1759449600,2025-10-03 00:00:00,1.0,128.59,0.0,2.71,47.78,2.87,5.91,11.23,0.06
1759453200,2025-10-03 01:00:00,1.0,128.32,0.0,2.79,45.29,2.82,5.98,10.88,0.04
1759456800,2025-10-03 02:00:00,1.0,126.31,0.0,2.77,43.0,2.51,5.8,10.57,0.03
1759460400,2025-10-03 03:00:00,1.0,122.61,0.02,2.88,41.0,2.2,5.42,10.25,0.02
1759464000,2025-10-03 04:00:00,1.0,118.5,0.08,2.94,38.96,1.93,4.98,9.81,0.02
1759467600,2025-10-03 05:00:00,1.0,117.53,0.15,3.02,37.82,1.81,4.75,9.61,0.03
1759471200,2025-10-03 06:00:00,1.0,117.96,0.24,3.06,37.69,1.72,4.73,9.63,0.03
1759474800,2025-10-03 07:00:00,1.0,116.76,0.28,2.91,39.17,1.6,4.87,10.05,0.02
1759478400,2025-10-03 08:00:00,1.0,114.17,0.23,2.7,42.19,1.48,5.26,10.91,0.02
1759482000,2025-10-03 09:00:00,1.0,110.76,0.17,2.41,45.66,1.33,5.62,11.64,0.01
1759485600,2025-10-03 10:00:00,1.0,107.37,0.11,2.09,48.93,1.16,5.6,11.68,0.01
1759489200,2025-10-03 11:00:00,1.0,104.57,0.06,1.9,50.52,1.0,5.38,11.52,0.0
1759492800,2025-10-03 12:00:00,1.0,102.69,0.03,1.85,50.57,0.9,5.28,11.57,0.01
1759496400,2025-10-03 13:00:00,1.0,101.91,0.01,1.87,50.06,0.82,5.0,11.11,0.01
1759500000,2025-10-03 14:00:00,1.0,101.73,0.0,1.82,49.32,0.71,4.57,10.46,0.0
1759503600,2025-10-03 15:00:00,1.0,101.02,0.0,1.69,48.72,0.58,4.1,9.83,0.0
1759507200,2025-10-03 16:00:00,1.0,99.64,0.0,1.48,48.4,0.46,3.76,9.34,0.0
1759510800,2025-10-03 17:00:00,1.0,98.62,0.0,1.28,48.34,0.42,3.73,9.65,0.0
1759514400,2025-10-03 18:00:00,1.0,97.93,0.0,1.09,48.46,0.4,3.89,10.2,0.0
1759518000,2025-10-03 19:00:00,1.0,96.5,0.0,0.88,48.49,0.38,4.07,10.54,0.0
1759521600,2025-10-03 20:00:00,1.0,95.0,0.0,0.71,48.39,0.37,4.27,10.51,0.0
1759525200,2025-10-03 21:00:00,1.0,93.39,0.0,0.59,48.19,0.37,4.36,10.29,0.0
1759528800,2025-10-03 22:00:00,1.0,92.35,0.0,0.51,47.98,0.39,4.55,10.49,0.0
1759532400,2025-10-03 23:00:00,1.0,91.58,0.0,0.44,47.85,0.4,4.9,10.99,0.0
1759536000,2025-10-04 00:00:00,1.0,90.75,0.0,0.39,47.69,0.39,5.17,11.24,0.0
1759539600,2025-10-04 01:00:00,1.0,90.31,0.0,0.35,47.63,0.41,5.69,14.16,0.0
1759543200,2025-10-04 02:00:00,1.0,89.8,0.0,0.29,47.64,0.41,6.23,16.24,0.0
1759546800,2025-10-04 03:00:00,1.0,89.99,0.0,0.24,48.06,0.37,6.42,16.37,0.0
1759550400,2025-10-04 04:00:00,1.0,90.85,0.01,0.19,48.86,0.32,6.47,14.54,0.0
1759554000,2025-10-04 05:00:00,1.0,91.85,0.01,0.16,49.69,0.28,6.67,13.51,0.0
1759557600,2025-10-04 06:00:00,1.0,92.73,0.01,0.14,50.4,0.26,6.87,12.95,0.0
1759561200,2025-10-04 07:00:00,1.0,93.74,0.01,0.11,51.09,0.24,7.01,12.4,0.0
1759564800,2025-10-04 08:00:00,1.0,93.79,0.01,0.09,51.22,0.23,7.31,12.38,0.0
1759568400,2025-10-04 09:00:00,1.0,93.47,0.01,0.08,50.92,0.22,7.61,12.43,0.0
1759572000,2025-10-04 10:00:00,1.0,93.56,0.01,0.08,50.9,0.23,7.93,13.04,0.0
1759575600,2025-10-04 11:00:00,1.0,94.01,0.01,0.08,51.18,0.23,8.12,13.56,0.0
1759579200,2025-10-04 12:00:00,1.0,94.6,0.01,0.09,51.73,0.24,8.12,13.6,0.0
1759582800,2025-10-04 13:00:00,1.0,95.34,0.0,0.11,52.34,0.24,8.07,13.46,0.0
1759586400,2025-10-04 14:00:00,1.0,96.6,0.0,0.12,53.06,0.24,8.11,13.39,0.0
1759590000,2025-10-04 15:00:00,1.0,98.61,0.0,0.12,54.23,0.24,8.24,13.46,0.0
1759593600,2025-10-04 16:00:00,1.0,100.78,0.0,0.11,55.55,0.24,8.39,13.59,0.0
1759597200,2025-10-04 17:00:00,1.0,102.79,0.0,0.11,56.69,0.24,8.57,13.77,0.0
1759600800,2025-10-04 18:00:00,1.0,104.28,0.0,0.1,57.56,0.23,8.87,14.0,0.0
1759604400,2025-10-04 19:00:00,1.0,106.81,0.0,0.09,59.31,0.22,9.05,13.96,0.0
1759608000,2025-10-04 20:00:00,2.0,110.33,0.0,0.08,61.49,0.21,9.07,14.02,0.0
1759611600,2025-10-04 21:00:00,2.0,112.01,0.0,0.08,62.42,0.22,9.03,14.26,0.0
1759615200,2025-10-04 22:00:00,2.0,112.24,0.0,0.08,62.14,0.22,9.01,14.49,0.0
1759618800,2025-10-04 23:00:00,2.0,110.74,0.0,0.08,60.44,0.24,9.24,15.18,0.0
1759622400,2025-10-05 00:00:00,1.0,108.59,0.0,0.08,58.46,0.25,9.48,15.85,0.0
1759626000,2025-10-05 01:00:00,1.0,107.42,0.0,0.08,57.36,0.25,9.38,15.81,0.0
1759629600,2025-10-05 02:00:00,1.0,107.21,0.0,0.08,57.09,0.23,9.11,15.27,0.0
1759633200,2025-10-05 03:00:00,1.0,107.65,0.0,0.08,57.13,0.21,8.82,14.54,0.0
1759636800,2025-10-05 04:00:00,1.0,107.96,0.01,0.07,57.27,0.19,8.58,13.91,0.0
1759640400,2025-10-05 05:00:00,1.0,107.88,0.01,0.06,56.58,0.19,8.54,14.01,0.0
1759644000,2025-10-05 06:00:00,1.0,107.15,0.01,0.06,55.32,0.2,8.67,14.62,0.0
1759647600,2025-10-05 07:00:00,1.0,106.25,0.01,0.06,53.83,0.22,8.75,15.15,0.0
1759651200,2025-10-05 08:00:00,1.0,105.69,0.01,0.05,52.89,0.22,8.66,15.11,0.0
1759654800,2025-10-05 09:00:00,1.0,105.77,0.01,0.05,52.82,0.22,8.39,14.71,0.0
1759658400,2025-10-05 10:00:00,1.0,106.65,0.01,0.05,53.63,0.22,8.05,14.85,0.0
1759662000,2025-10-05 11:00:00,1.0,107.42,0.01,0.05,54.32,0.22,7.71,15.11,0.0
1759665600,2025-10-05 12:00:00,1.0,107.01,0.01,0.05,54.22,0.22,7.41,15.04,0.0
1759669200,2025-10-05 13:00:00,1.0,106.48,0.0,0.07,53.87,0.22,7.23,14.98,0.0
1759672800,2025-10-05 14:00:00,1.0,105.39,0.0,0.08,53.3,0.23,7.07,14.92,0.0
1759676400,2025-10-05 15:00:00,1.0,104.34,0.0,0.08,52.89,0.24,6.82,14.57,0.0
1759680000,2025-10-05 16:00:00,1.0,104.02,0.0,0.07,53.26,0.24,6.26,13.59,0.0
1759683600,2025-10-05 17:00:00,1.0,104.06,0.0,0.07,53.43,0.26,5.96,13.87,0.0
1759687200,2025-10-05 18:00:00,1.0,103.83,0.0,0.07,53.38,0.28,5.87,15.17,0.0
1759690800,2025-10-05 19:00:00,1.0,103.15,0.0,0.08,52.91,0.31,5.91,17.05,0.0
1759694400,2025-10-05 20:00:00,1.0,101.53,0.0,0.08,52.21,0.32,5.98,18.7,0.0
1759698000,2025-10-05 21:00:00,2.0,99.36,0.0,0.08,51.47,0.33,6.1,20.04,0.0
1759701600,2025-10-05 22:00:00,2.0,97.29,0.0,0.08,51.14,0.33,6.18,20.35,0.0
1759705200,2025-10-05 23:00:00,1.0,95.57,0.0,0.08,51.23,0.32,6.21,19.99,0.0
1759708800,2025-10-06 00:00:00,1.0,94.43,0.0,0.08,51.77,0.31,6.17,19.15,0.0
1759712400,2025-10-06 01:00:00,1.0,93.94,0.0,0.08,53.09,0.29,5.94,17.6,0.0
1759716000,2025-10-06 02:00:00,1.0,93.98,0.0,0.07,54.83,0.26,5.65,15.78,0.0
1759719600,2025-10-06 03:00:00,1.0,93.87,0.0,0.08,56.13,0.24,5.52,14.76,0.0
1759723200,2025-10-06 04:00:00,1.0,93.69,0.01,0.06,56.75,0.23,5.55,14.85,0.0
1759726800,2025-10-06 05:00:00,1.0,93.4,0.01,0.05,56.4,0.24,6.05,17.75,0.0
1759730400,2025-10-06 06:00:00,2.0,93.2,0.01,0.04,56.03,0.25,7.13,24.69,0.0
1759734000,2025-10-06 07:00:00,2.0,93.02,0.01,0.04,55.78,0.25,9.11,37.21,0.0
1759737600,2025-10-06 08:00:00,3.0,92.82,0.01,0.04,55.81,0.26,11.7,52.67,0.0
1759741200,2025-10-06 09:00:00,3.0,92.6,0.01,0.04,56.31,0.25,14.75,70.18,0.0
1759744800,2025-10-06 10:00:00,3.0,93.01,0.01,0.04,57.53,0.25,18.24,89.12,0.0
1759748400,2025-10-06 11:00:00,4.0,92.92,0.01,0.05,58.41,0.26,20.82,102.15,0.0
1759752000,2025-10-06 12:00:00,4.0,92.83,0.01,0.06,58.91,0.26,21.75,106.66,0.0
1759755600,2025-10-06 13:00:00,4.0,92.69,0.0,0.07,58.99,0.27,21.05,102.33,0.0
1759759200,2025-10-06 14:00:00,3.0,92.2,0.0,0.08,58.3,0.27,18.66,89.12,0.0
1759762800,2025-10-06 15:00:00,3.0,91.55,0.0,0.08,57.24,0.27,15.65,73.13,0.0
1759766400,2025-10-06 16:00:00,3.0,90.67,0.0,0.08,56.07,0.27,13.04,59.95,0.0
1759770000,2025-10-06 17:00:00,3.0,89.8,0.0,0.08,54.39,0.28,11.16,50.74,0.0
1759773600,2025-10-06 18:00:00,2.0,88.87,0.0,0.08,52.68,0.29,9.82,44.62,0.0
1759777200,2025-10-06 19:00:00,2.0,87.75,0.0,0.08,51.2,0.3,8.87,40.64,0.0
1759780800,2025-10-06 20:00:00,2.0,87.16,0.0,0.08,50.37,0.31,8.38,38.81,0.0
1759784400,2025-10-06 21:00:00,2.0,86.79,0.0,0.08,50.03,0.32,8.26,38.76,0.0
1759788000,2025-10-06 22:00:00,2.0,86.75,0.0,0.08,50.26,0.32,8.44,40.21,0.0
1759791600,2025-10-06 23:00:00,2.0,87.0,0.0,0.07,50.82,0.32,8.81,42.41,0.0
1759795200,2025-10-07 00:00:00,2.0,87.42,0.0,0.07,51.6,0.33,9.2,44.72,0.0
1759798800,2025-10-07 01:00:00,2.0,87.91,0.0,0.07,52.47,0.32,9.73,47.96,0.0
1759802400,2025-10-07 02:00:00,3.0,88.38,0.0,0.07,53.45,0.31,10.19,51.02,0.0
1759806000,2025-10-07 03:00:00,3.0,88.89,0.0,0.08,54.93,0.29,10.6,54.11,0.0
1759809600,2025-10-07 04:00:00,3.0,89.65,0.01,0.07,57.75,0.27,11.71,62.52,0.0
1759813200,2025-10-07 05:00:00,3.0,90.3,0.01,0.06,60.35,0.25,13.05,71.47,0.0
1759816800,2025-10-07 06:00:00,3.0,90.75,0.01,0.05,61.46,0.23,13.77,75.71,0.0
1759820400,2025-10-07 07:00:00,3.0,90.87,0.01,0.04,61.36,0.21,13.87,75.58,0.0
1759824000,2025-10-07 08:00:00,3.0,90.81,0.01,0.04,60.27,0.2,13.48,72.08,0.0
1759827600,2025-10-07 09:00:00,3.0,90.52,0.01,0.04,58.78,0.19,12.87,67.41,0.0
1759831200,2025-10-07 10:00:00,3.0,90.53,0.01,0.04,57.67,0.18,12.33,63.63,0.0
1759834800,2025-10-07 11:00:00,3.0,90.45,0.01,0.04,57.19,0.17,12.14,62.84,0.0
1759838400,2025-10-07 12:00:00,3.0,90.4,0.0,0.05,56.65,0.16,11.82,61.27,0.0
1759842000,2025-10-07 13:00:00,3.0,90.45,0.0,0.06,56.43,0.15,11.52,60.03,0.0
1759845600,2025-10-07 14:00:00,3.0,90.41,0.0,0.06,56.29,0.14,11.25,58.8,0.0
1759849200,2025-10-07 15:00:00,3.0,90.55,0.0,0.06,56.07,0.13,10.9,57.15,0.0
1759852800,2025-10-07 16:00:00,3.0,90.45,0.0,0.06,55.85,0.12,10.51,55.24,0.0
1759856400,2025-10-07 17:00:00,3.0,90.53,0.0,0.06,55.63,0.11,10.06,52.87,0.0
1759860000,2025-10-07 18:00:00,2.0,90.67,0.0,0.06,55.28,0.11,9.53,49.91,0.0
1759863600,2025-10-07 19:00:00,2.0,90.4,0.0,0.05,54.78,0.1,8.8,45.75,0.0
1759867200,2025-10-07 20:00:00,2.0,90.32,0.0,0.05,53.78,0.1,7.87,40.35,0.0
1759870800,2025-10-07 21:00:00,2.0,90.3,0.0,0.05,53.03,0.1,7.06,35.55,0.0
1759874400,2025-10-07 22:00:00,2.0,90.31,0.0,0.05,52.64,0.1,6.44,31.75,0.0
1759878000,2025-10-07 23:00:00,2.0,90.34,0.0,0.05,52.74,0.09,6.05,29.49,0.0
1759881600,2025-10-08 00:00:00,2.0,90.45,0.0,0.05,53.14,0.08,5.87,28.67,0.0
1759885200,2025-10-08 01:00:00,2.0,90.66,0.0,0.05,53.89,0.08,6.07,29.72,0.0
1759888800,2025-10-08 02:00:00,2.0,90.84,0.0,0.05,54.27,0.07,6.24,30.22,0.0
1759892400,2025-10-08 03:00:00,2.0,90.99,0.0,0.05,54.29,0.07,6.32,30.34,0.0
1759896000,2025-10-08 04:00:00,2.0,90.87,0.01,0.04,54.17,0.07,6.43,30.5,0.0
1759899600,2025-10-08 05:00:00,2.0,91.05,0.01,0.04,54.17,0.07,6.59,30.99,0.0
1759903200,2025-10-08 06:00:00,2.0,91.11,0.01,0.04,54.15,0.07,6.83,32.01,0.0
1759906800,2025-10-08 07:00:00,2.0,90.95,0.01,0.03,53.73,0.07,7.06,32.99,0.0
1759910400,2025-10-08 08:00:00,2.0,90.65,0.01,0.03,53.01,0.07,7.22,33.85,0.0
1759914000,2025-10-08 09:00:00,2.0,90.45,0.01,0.03,52.61,0.07,7.55,35.86,0.0
1759917600,2025-10-08 10:00:00,2.0,90.53,0.01,0.03,52.96,0.07,8.07,39.25,0.0
1759921200,2025-10-08 11:00:00,2.0,90.49,0.01,0.03,53.07,0.07,8.49,41.85,0.0
1759924800,2025-10-08 12:00:00,2.0,90.33,0.01,0.04,53.02,0.07,8.82,44.15,0.0
1759928400,2025-10-08 13:00:00,2.0,90.48,0.0,0.05,53.58,0.06,9.38,48.13,0.0
1759932000,2025-10-08 14:00:00,3.0,90.54,0.0,0.05,53.99,0.07,9.79,50.93,0.0
1759935600,2025-10-08 15:00:00,3.0,90.69,0.0,0.05,54.26,0.07,9.86,51.92,0.0
1759939200,2025-10-08 16:00:00,3.0,90.83,0.0,0.05,54.44,0.07,9.78,51.97,0.0
1759942800,2025-10-08 17:00:00,3.0,91.21,0.0,0.05,54.53,0.06,9.56,50.76,0.0
1759946400,2025-10-08 18:00:00,2.0,91.55,0.0,0.05,54.47,0.06,9.15,48.41,0.0
1759950000,2025-10-08 19:00:00,2.0,91.82,0.0,0.05,54.34,0.06,8.57,45.03,0.0
1759953600,2025-10-08 20:00:00,2.0,92.26,0.0,0.05,54.41,0.06,8.0,41.72,0.0
1759957200,2025-10-08 21:00:00,2.0,92.81,0.0,0.05,54.47,0.06,7.48,38.71,0.0
1759960800,2025-10-08 22:00:00,2.0,93.06,0.0,0.05,54.46,0.06,7.03,36.2,0.0
1759964400,2025-10-08 23:00:00,2.0,93.35,0.0,0.05,54.54,0.06,6.8,34.88,0.0
1759968000,2025-10-09 00:00:00,2.0,93.55,0.0,0.04,54.8,0.06,6.81,34.92,0.0
1759971600,2025-10-09 01:00:00,2.0,93.56,0.0,0.04,55.69,0.06,7.26,37.47,0.0
1759975200,2025-10-09 02:00:00,2.0,93.64,0.0,0.04,56.97,0.06,8.02,41.46,0.0
1759978800,2025-10-09 03:00:00,2.0,93.73,0.0,0.05,58.03,0.07,8.83,45.7,0.0
1759982400,2025-10-09 04:00:00,3.0,93.69,0.01,0.04,58.88,0.09,9.72,50.16,0.0
1759986000,2025-10-09 05:00:00,3.0,93.67,0.01,0.04,59.82,0.11,10.69,54.69,0.0
1759989600,2025-10-09 06:00:00,3.0,93.88,0.01,0.04,60.52,0.14,11.7,59.1,0.0
1759993200,2025-10-09 07:00:00,3.0,93.99,0.01,0.04,61.16,0.17,12.63,62.85,0.0
1759996800,2025-10-09 08:00:00,3.0,94.18,0.01,0.04,61.69,0.19,13.49,65.93,0.0
1760000400,2025-10-09 09:00:00,3.0,94.6,0.01,0.04,62.91,0.24,14.37,68.27,0.0
1760004000,2025-10-09 10:00:00,3.0,95.96,0.01,0.05,64.84,0.27,14.66,67.0,0.0
1760007600,2025-10-09 11:00:00,3.0,97.26,0.01,0.05,65.84,0.28,14.26,63.24,0.0
1760011200,2025-10-09 12:00:00,3.0,98.08,0.01,0.06,66.8,0.29,14.06,60.97,0.0
1760014800,2025-10-09 13:00:00,3.0,98.95,0.0,0.07,68.41,0.3,13.9,58.9,0.0
1760018400,2025-10-09 14:00:00,3.0,99.26,0.0,0.08,69.72,0.3,13.52,56.1,0.0
1760022000,2025-10-09 15:00:00,3.0,99.48,0.0,0.07,70.4,0.27,12.88,52.49,0.0
1760025600,2025-10-09 16:00:00,2.0,99.55,0.0,0.07,70.41,0.24,12.18,48.85,0.0
1760029200,2025-10-09 17:00:00,2.0,99.47,0.0,0.06,70.13,0.22,11.73,46.57,0.0
1760032800,2025-10-09 18:00:00,2.0,99.28,0.0,0.06,69.46,0.19,11.33,44.71,0.0
1760036400,2025-10-09 19:00:00,2.0,98.97,0.0,0.05,68.56,0.17,10.9,42.9,0.0
1760040000,2025-10-09 20:00:00,2.0,98.56,0.0,0.05,67.5,0.14,10.54,41.41,0.0
1760043600,2025-10-09 21:00:00,2.0,98.39,0.0,0.04,66.47,0.13,10.23,40.16,0.0
1760047200,2025-10-09 22:00:00,2.0,98.07,0.0,0.04,65.44,0.11,10.04,39.41,0.0
1760050800,2025-10-09 23:00:00,2.0,97.72,0.0,0.04,64.46,0.11,10.05,39.4,0.0
1760054400,2025-10-10 00:00:00,2.0,97.28,0.0,0.04,63.86,0.1,10.24,40.14,0.0
1760058000,2025-10-10 01:00:00,2.0,97.18,0.0,0.04,63.5,0.1,10.57,41.45,0.0
1760061600,2025-10-10 02:00:00,2.0,96.86,0.0,0.04,63.51,0.11,10.94,42.77,0.0
1760065200,2025-10-10 03:00:00,2.0,96.68,0.0,0.04,63.84,0.11,11.3,43.96,0.0
1760068800,2025-10-10 04:00:00,2.0,96.52,0.0,0.04,64.07,0.12,11.6,44.88,0.0
1760072400,2025-10-10 05:00:00,2.0,96.4,0.0,0.03,64.22,0.12,11.81,45.37,0.0
1760076000,2025-10-10 06:00:00,2.0,96.28,0.0,0.03,64.12,0.12,11.9,45.23,0.0
1760079600,2025-10-10 07:00:00,2.0,96.59,0.0,0.03,64.97,0.14,11.41,42.69,0.0
1760083200,2025-10-10 08:00:00,2.0,96.79,0.01,0.03,66.98,0.18,11.09,40.43,0.0
1760086800,2025-10-10 09:00:00,2.0,96.71,0.01,0.03,67.7,0.19,10.97,39.12,0.0
1760090400,2025-10-10 10:00:00,2.0,96.9,0.01,0.03,67.82,0.2,10.79,37.88,0.0
1760094000,2025-10-10 11:00:00,2.0,96.81,0.01,0.04,67.63,0.19,10.49,36.35,0.0
1760097600,2025-10-10 12:00:00,2.0,96.9,0.0,0.04,67.72,0.19,10.14,34.79,0.0
1760101200,2025-10-10 13:00:00,2.0,97.09,0.0,0.05,67.78,0.19,9.94,33.75,0.0
1760104800,2025-10-10 14:00:00,2.0,97.09,0.0,0.06,66.67,0.17,9.83,33.3,0.0
1760108400,2025-10-10 15:00:00,2.0,97.03,0.0,0.05,65.46,0.15,9.65,32.59,0.0
1760112000,2025-10-10 16:00:00,2.0,96.95,0.0,0.05,64.63,0.14,9.44,31.74,0.0
1760115600,2025-10-10 17:00:00,2.0,97.17,0.0,0.05,63.93,0.12,9.21,30.78,0.0
1760119200,2025-10-10 18:00:00,2.0,97.31,0.0,0.05,63.11,0.11,8.87,29.38,0.0
1760122800,2025-10-10 19:00:00,2.0,97.31,0.0,0.04,62.3,0.1,8.38,27.52,0.0
1760126400,2025-10-10 20:00:00,2.0,97.52,0.0,0.04,61.57,0.1,7.87,25.59,0.0
1760130000,2025-10-10 21:00:00,2.0,97.54,0.0,0.04,60.93,0.09,7.43,24.0,0.0
1760133600,2025-10-10 22:00:00,2.0,97.7,0.0,0.04,60.21,0.08,7.09,22.81,0.0
1760137200,2025-10-10 23:00:00,2.0,97.73,0.0,0.04,59.42,0.08,6.83,21.96,0.0
1760140800,2025-10-11 00:00:00,2.0,97.78,0.0,0.04,58.96,0.07,6.62,21.29,0.0
1760144400,2025-10-11 01:00:00,2.0,97.78,0.0,0.04,58.87,0.07,6.45,20.77,0.0
1760148000,2025-10-11 02:00:00,2.0,97.89,0.0,0.04,59.05,0.07,6.32,20.32,0.0
1760151600,2025-10-11 03:00:00,1.0,97.99,0.0,0.04,59.3,0.07,6.21,19.98,0.0
1760155200,2025-10-11 04:00:00,1.0,98.01,0.0,0.03,59.57,0.07,6.17,19.84,0.0
1760158800,2025-10-11 05:00:00,1.0,98.16,0.0,0.03,59.77,0.08,6.19,19.92,0.0
1760162400,2025-10-11 06:00:00,2.0,98.05,0.0,0.03,59.65,0.08,6.25,20.15,0.0
1760166000,2025-10-11 07:00:00,2.0,97.94,0.0,0.02,59.22,0.08,6.28,20.29,0.0
1760169600,2025-10-11 08:00:00,2.0,97.65,0.0,0.02,58.41,0.08,6.32,20.45,0.0
1760173200,2025-10-11 09:00:00,2.0,97.38,0.0,0.02,57.9,0.08,6.41,20.78,0.0
1760176800,2025-10-11 10:00:00,2.0,97.54,0.0,0.02,57.83,0.09,6.5,21.14,0.0
1760180400,2025-10-11 11:00:00,2.0,97.47,0.0,0.03,57.77,0.09,6.54,21.37,0.0
1760184000,2025-10-11 12:00:00,2.0,97.47,0.0,0.03,58.43,0.1,6.65,21.84,0.0
1760187600,2025-10-11 13:00:00,2.0,97.71,0.0,0.05,59.77,0.12,6.86,22.64,0.0
1760191200,2025-10-11 14:00:00,2.0,97.9,0.0,0.05,61.14,0.14,7.07,23.29,0.0
1760194800,2025-10-11 15:00:00,2.0,98.19,0.0,0.06,62.03,0.15,7.19,23.58,0.0
1760198400,2025-10-11 16:00:00,2.0,98.21,0.0,0.06,62.6,0.16,7.24,23.59,0.0
1760202000,2025-10-11 17:00:00,2.0,98.27,0.0,0.06,63.0,0.17,7.27,23.49,0.0
1760205600,2025-10-11 18:00:00,2.0,98.48,0.0,0.06,63.45,0.18,7.28,23.3,0.0
1760209200,2025-10-11 19:00:00,2.0,98.55,0.0,0.05,64.06,0.19,7.28,23.07,0.0
1760212800,2025-10-11 20:00:00,2.0,98.67,0.0,0.05,64.74,0.2,7.32,23.01,0.0
1760216400,2025-10-11 21:00:00,2.0,98.76,0.0,0.05,65.49,0.21,7.42,23.22,0.0
1760220000,2025-10-11 22:00:00,2.0,99.07,0.0,0.05,66.36,0.21,7.58,23.74,0.0
1760223600,2025-10-11 23:00:00,2.0,99.27,0.0,0.05,67.05,0.22,7.82,24.53,0.0
1760227200,2025-10-12 00:00:00,2.0,99.47,0.0,0.05,67.77,0.24,8.12,25.68,0.0
1760230800,2025-10-12 01:00:00,2.0,99.63,0.0,0.05,68.16,0.25,8.48,27.21,0.0
1760234400,2025-10-12 02:00:00,2.0,99.65,0.0,0.05,68.34,0.26,8.85,28.97,0.0
1760238000,2025-10-12 03:00:00,2.0,99.75,0.0,0.06,68.38,0.27,9.27,31.01,0.0
1760241600,2025-10-12 04:00:00,2.0,99.59,0.01,0.06,68.55,0.28,9.8,33.43,0.0
1760245200,2025-10-12 05:00:00,2.0,99.68,0.01,0.05,68.86,0.29,10.43,35.98,0.0
1760248800,2025-10-12 06:00:00,2.0,99.92,0.01,0.05,69.52,0.32,11.21,38.72,0.0
1760252400,2025-10-12 07:00:00,2.0,100.35,0.01,0.05,70.23,0.34,12.04,41.28,0.0
1760256000,2025-10-12 08:00:00,2.0,100.72,0.01,0.06,70.63,0.36,12.8,43.48,0.0
1760259600,2025-10-12 09:00:00,2.0,101.26,0.01,0.06,71.06,0.39,13.56,45.52,0.0
1760263200,2025-10-12 10:00:00,2.0,101.94,0.01,0.07,71.58,0.4,14.18,47.3,0.0
1760266800,2025-10-12 11:00:00,2.0,102.1,0.01,0.08,71.63,0.4,14.51,48.28,0.0
1760270400,2025-10-12 12:00:00,2.0,102.2,0.01,0.09,72.2,0.42,14.85,49.36,0.0
1760274000,2025-10-12 13:00:00,3.0,102.61,0.0,0.12,73.71,0.45,15.4,51.1,0.0
1760277600,2025-10-12 14:00:00,3.0,103.08,0.0,0.12,74.25,0.47,15.75,52.21,0.0
1760281200,2025-10-12 15:00:00,3.0,103.11,0.0,0.11,74.26,0.47,15.89,52.82,0.0
1760284800,2025-10-12 16:00:00,3.0,103.02,0.0,0.1,74.03,0.47,15.99,53.4,0.0
1760288400,2025-10-12 17:00:00,3.0,103.17,0.0,0.09,74.1,0.47,16.15,54.34,0.0
1760292000,2025-10-12 18:00:00,3.0,103.43,0.0,0.08,74.39,0.48,16.37,55.57,0.0
1760295600,2025-10-12 19:00:00,3.0,103.58,0.0,0.08,74.52,0.49,16.58,56.8,0.0
1760299200,2025-10-12 20:00:00,3.0,103.97,0.0,0.07,74.62,0.5,16.76,57.98,0.0
1760302800,2025-10-12 21:00:00,3.0,104.36,0.0,0.07,74.42,0.51,16.82,58.63,0.0
1760306400,2025-10-12 22:00:00,3.0,104.68,0.0,0.07,74.42,0.51,16.8,58.87,0.0
1760310000,2025-10-12 23:00:00,3.0,105.1,0.0,0.06,74.68,0.53,16.75,58.85,0.0
1760313600,2025-10-13 00:00:00,3.0,105.3,0.0,0.06,74.91,0.54,16.51,58.08,0.0
1760317200,2025-10-13 01:00:00,3.0,106.24,0.0,0.06,76.09,0.57,16.62,57.95,0.0
1760320800,2025-10-13 02:00:00,3.0,107.91,0.0,0.07,78.4,0.62,17.24,58.8,0.0
1760324400,2025-10-13 03:00:00,3.0,110.58,0.0,0.09,82.18,0.7,18.56,61.09,0.0
1760328000,2025-10-13 04:00:00,3.0,122.04,0.01,0.13,95.25,1.09,24.15,70.94,0.0
1760331600,2025-10-13 05:00:00,3.0,130.11,0.02,0.14,103.27,1.37,28.05,77.92,0.0
1760335200,2025-10-13 06:00:00,3.0,132.3,0.02,0.13,105.18,1.46,29.52,80.6,0.0
1760338800,2025-10-13 07:00:00,3.0,132.84,0.02,0.12,104.79,1.45,30.02,81.48,0.0
1760342400,2025-10-13 08:00:00,3.0,131.59,0.01,0.11,102.97,1.37,29.82,80.77,0.0
1760346000,2025-10-13 09:00:00,3.0,130.65,0.01,0.11,101.37,1.31,29.59,80.05,0.0
1760349600,2025-10-13 10:00:00,3.0,130.68,0.01,0.11,101.21,1.28,29.74,80.09,0.0
1760353200,2025-10-13 11:00:00,3.0,131.04,0.01,0.13,101.72,1.27,30.05,80.45,0.0
1760356800,2025-10-13 12:00:00,3.0,132.01,0.01,0.15,103.03,1.29,30.5,81.12,0.0
1760360400,2025-10-13 13:00:00,3.0,132.81,0.0,0.19,104.01,1.31,30.82,81.28,0.0
1760364000,2025-10-13 14:00:00,3.0,132.12,0.0,0.19,103.24,1.26,30.4,79.72,0.0
1760367600,2025-10-13 15:00:00,3.0,131.81,0.0,0.18,102.82,1.22,30.19,78.64,0.0
1760371200,2025-10-13 16:00:00,3.0,131.66,0.0,0.16,102.54,1.2,30.07,77.87,0.0
1760374800,2025-10-13 17:00:00,3.0,131.75,0.0,0.15,102.33,1.17,30.04,77.38,0.0
1760378400,2025-10-13 18:00:00,3.0,132.04,0.0,0.14,102.33,1.15,30.07,76.88,0.0
1760382000,2025-10-13 19:00:00,3.0,132.01,0.0,0.13,102.17,1.12,30.06,76.43,0.0
1760385600,2025-10-13 20:00:00,3.0,132.2,0.0,0.12,102.21,1.08,30.02,75.86,0.0
1760389200,2025-10-13 21:00:00,3.0,132.14,0.0,0.11,102.36,1.05,29.89,75.19,0.0
1760392800,2025-10-13 22:00:00,3.0,132.16,0.0,0.11,103.03,1.03,29.69,74.42,0.0
1760396400,2025-10-13 23:00:00,3.0,131.86,0.0,0.11,104.51,1.03,29.34,72.96,0.0
1760400000,2025-10-14 00:00:00,3.0,131.09,0.0,0.11,106.53,1.06,28.84,71.07,0.0
1760403600,2025-10-14 01:00:00,3.0,132.22,0.0,0.13,112.67,1.3,29.17,70.5,0.0
1760407200,2025-10-14 02:00:00,3.0,131.87,0.0,0.15,114.89,1.41,28.99,69.42,0.0
1760410800,2025-10-14 03:00:00,3.0,130.82,0.0,0.19,114.49,1.41,28.37,67.82,0.0
1760414400,2025-10-14 04:00:00,3.0,129.62,0.01,0.19,113.64,1.4,27.86,66.71,0.0
1760418000,2025-10-14 05:00:00,3.0,128.87,0.02,0.16,112.52,1.39,27.55,66.19,0.0
1760421600,2025-10-14 06:00:00,3.0,128.3,0.02,0.14,111.02,1.37,27.44,66.03,0.0
1760425200,2025-10-14 07:00:00,3.0,126.91,0.01,0.12,108.63,1.31,27.11,65.28,0.0
1760428800,2025-10-14 08:00:00,3.0,124.9,0.01,0.11,104.83,1.19,26.28,63.27,0.0
1760432400,2025-10-14 09:00:00,3.0,123.17,0.01,0.1,101.09,1.09,25.56,61.8,0.0
1760436000,2025-10-14 10:00:00,3.0,121.67,0.01,0.1,97.73,1.0,24.76,60.26,0.0
1760439600,2025-10-14 11:00:00,3.0,119.8,0.01,0.11,94.3,0.89,23.7,58.21,0.0
1760443200,2025-10-14 12:00:00,3.0,118.36,0.01,0.12,91.89,0.82,22.87,56.73,0.0
1760446800,2025-10-14 13:00:00,3.0,117.61,0.0,0.14,90.47,0.78,22.36,55.89,0.0
1760450400,2025-10-14 14:00:00,3.0,117.01,0.0,0.14,89.48,0.75,21.99,55.31,0.0
1760454000,2025-10-14 15:00:00,3.0,117.17,0.0,0.13,89.83,0.76,22.08,55.67,0.0
1760457600,2025-10-14 16:00:00,3.0,117.59,0.0,0.12,90.44,0.79,22.44,56.51,0.0
1760461200,2025-10-14 17:00:00,3.0,117.98,0.0,0.11,90.56,0.8,22.7,57.04,0.0
1760464800,2025-10-14 18:00:00,3.0,118.7,0.0,0.11,91.37,0.84,23.2,58.27,0.0
1760468400,2025-10-14 19:00:00,3.0,119.87,0.0,0.11,92.7,0.89,24.05,60.2,0.0
1760472000,2025-10-14 20:00:00,3.0,120.08,0.0,0.1,92.83,0.89,24.22,60.33,0.0
1760475600,2025-10-14 21:00:00,3.0,120.34,0.0,0.1,93.16,0.89,24.44,60.64,0.0
1760479200,2025-10-14 22:00:00,3.0,121.08,0.0,0.1,94.12,0.92,24.94,61.6,0.0
1760482800,2025-10-14 23:00:00,3.0,121.97,0.0,0.1,96.16,1.0,25.83,63.52,0.0
1760486400,2025-10-15 00:00:00,3.0,123.21,0.0,0.11,98.98,1.12,27.02,66.09,0.0
1760490000,2025-10-15 01:00:00,3.0,127.72,0.0,0.13,107.2,1.53,30.58,74.8,0.0
1760493600,2025-10-15 02:00:00,3.0,131.62,0.0,0.16,112.99,1.87,33.49,81.84,0.0
1760497200,2025-10-15 03:00:00,3.0,134.13,0.0,0.22,116.59,2.11,35.31,86.29,0.0
1760500800,2025-10-15 04:00:00,3.0,135.8,0.01,0.22,118.48,2.25,36.4,89.12,0.0
1760504400,2025-10-15 05:00:00,3.0,135.34,0.02,0.2,117.56,2.21,36.28,88.51,0.0
1760508000,2025-10-15 06:00:00,3.0,134.08,0.02,0.17,115.78,2.07,35.58,86.52,0.0
1760511600,2025-10-15 07:00:00,3.0,132.07,0.02,0.14,112.93,1.9,34.67,84.24,0.0
1760515200,2025-10-15 08:00:00,3.0,130.39,0.02,0.13,110.06,1.74,33.83,82.43,0.0
1760518800,2025-10-15 09:00:00,3.0,129.2,0.02,0.13,107.87,1.63,33.27,81.54,0.0
1760522400,2025-10-15 10:00:00,3.0,130.0,0.02,0.14,108.11,1.68,33.91,83.93,0.0
1760526000,2025-10-15 11:00:00,3.0,131.48,0.01,0.16,109.37,1.78,34.95,87.1,0.0
1760529600,2025-10-15 12:00:00,3.0,132.54,0.01,0.19,110.56,1.86,35.66,89.12,0.0
1760533200,2025-10-15 13:00:00,3.0,132.53,0.0,0.23,110.8,1.86,35.79,89.24,0.0
1760536800,2025-10-15 14:00:00,3.0,131.65,0.0,0.22,109.76,1.77,35.43,87.9,0.0
1760540400,2025-10-15 15:00:00,3.0,130.97,0.0,0.2,109.08,1.7,35.21,86.83,0.0
1760544000,2025-10-15 16:00:00,3.0,130.01,0.0,0.18,108.29,1.63,34.85,85.49,0.0
1760547600,2025-10-15 17:00:00,3.0,129.31,0.0,0.16,107.65,1.56,34.42,83.94,0.0
1760551200,2025-10-15 18:00:00,3.0,128.89,0.0,0.15,107.45,1.51,34.12,82.75,0.0
1760554800,2025-10-15 19:00:00,3.0,128.62,0.0,0.13,107.61,1.48,33.99,82.01,0.0
1760558400,2025-10-15 20:00:00,3.0,128.37,0.0,0.12,107.88,1.46,33.99,81.61,0.0
1760562000,2025-10-15 21:00:00,3.0,128.22,0.0,0.12,107.92,1.43,33.95,81.22,0.0
1760565600,2025-10-15 22:00:00,3.0,127.96,0.0,0.11,107.98,1.4,33.84,80.56,0.0
1760569200,2025-10-15 23:00:00,3.0,127.61,0.0,0.11,107.53,1.38,33.54,79.45,0.0
1760572800,2025-10-16 00:00:00,3.0,127.11,0.0,0.11,106.75,1.35,33.05,78.04,0.0
1760576400,2025-10-16 01:00:00,3.0,127.38,0.0,0.13,106.88,1.4,32.68,77.29,0.0
1760580000,2025-10-16 02:00:00,3.0,128.0,0.0,0.15,106.81,1.42,32.3,76.7,0.0
1760583600,2025-10-16 03:00:00,3.0,128.51,0.0,0.22,106.85,1.39,31.91,76.38,0.0
1760587200,2025-10-16 04:00:00,3.0,129.03,0.01,0.22,106.82,1.4,31.84,77.46,0.0
1760590800,2025-10-16 05:00:00,3.0,129.57,0.02,0.21,106.87,1.5,32.19,80.08,0.0
1760594400,2025-10-16 06:00:00,3.0,130.34,0.02,0.2,107.16,1.75,32.95,84.19,0.0
1760598000,2025-10-16 07:00:00,3.0,131.42,0.03,0.2,107.01,2.01,34.02,88.32,0.0
1760601600,2025-10-16 08:00:00,3.0,132.87,0.03,0.2,106.26,2.19,35.18,92.27,0.0
1760605200,2025-10-16 09:00:00,3.0,134.52,0.03,0.21,106.38,2.53,36.44,96.24,0.0
1760608800,2025-10-16 10:00:00,3.0,135.69,0.03,0.24,107.11,2.87,37.45,99.3,0.0
1760612400,2025-10-16 11:00:00,3.0,134.98,0.02,0.25,106.92,2.91,37.57,99.92,0.0
1760616000,2025-10-16 12:00:00,3.0,133.19,0.02,0.28,106.39,2.79,37.06,98.8,0.0
1760619600,2025-10-16 13:00:00,3.0,131.62,0.0,0.31,105.54,2.59,36.29,96.74,0.0
1760623200,2025-10-16 14:00:00,3.0,130.61,0.0,0.28,104.37,2.25,35.45,94.02,0.0
1760626800,2025-10-16 15:00:00,3.0,130.07,0.0,0.24,103.28,1.89,34.65,91.31,0.0
1760630400,2025-10-16 16:00:00,3.0,129.94,0.0,0.22,102.08,1.6,34.06,89.0,0.0
1760634000,2025-10-16 17:00:00,3.0,130.39,0.0,0.2,100.81,1.38,33.7,87.41,0.0
1760637600,2025-10-16 18:00:00,3.0,130.98,0.0,0.18,99.81,1.21,33.51,86.48,0.0
1760641200,2025-10-16 19:00:00,3.0,131.28,0.0,0.17,99.06,1.11,33.43,86.25,0.0
1760644800,2025-10-16 20:00:00,3.0,132.14,0.0,0.16,98.9,1.06,33.63,86.99,0.0
1760648400,2025-10-16 21:00:00,3.0,133.33,0.0,0.16,98.84,1.05,34.0,88.35,0.0
1760652000,2025-10-16 22:00:00,3.0,134.97,0.0,0.16,99.16,1.08,34.58,90.43,0.0
1760655600,2025-10-16 23:00:00,3.0,137.73,0.0,0.17,99.6,1.14,35.34,92.73,0.0
1760659200,2025-10-17 00:00:00,3.0,141.01,0.0,0.19,100.01,1.21,36.16,94.88,0.0
1760662800,2025-10-17 01:00:00,3.0,145.55,0.0,0.21,101.36,1.34,37.05,97.34,0.01
1760666400,2025-10-17 02:00:00,3.0,150.23,0.0,0.24,102.85,1.47,37.96,99.24,0.02
1760670000,2025-10-17 03:00:00,4.0,155.21,0.01,0.34,104.77,1.61,38.9,100.76,0.03
1760673600,2025-10-17 04:00:00,4.0,158.44,0.02,0.36,108.8,1.9,40.34,103.79,0.05
1760677200,2025-10-17 05:00:00,4.0,160.64,0.03,0.32,112.34,2.07,42.0,107.18,0.06
1760680800,2025-10-17 06:00:00,4.0,162.36,0.03,0.27,114.78,2.14,43.76,111.17,0.08
1760684400,2025-10-17 07:00:00,4.0,163.6,0.03,0.23,116.26,2.18,45.57,115.39,0.1
1760688000,2025-10-17 08:00:00,4.0,164.53,0.03,0.22,116.48,2.19,47.42,119.71,0.1
1760691600,2025-10-17 09:00:00,4.0,165.52,0.03,0.22,117.3,2.28,49.38,124.95,0.12
1760695200,2025-10-17 10:00:00,4.0,166.55,0.03,0.24,117.93,2.41,51.18,129.89,0.11
1760698800,2025-10-17 11:00:00,4.0,165.69,0.02,0.26,117.58,2.39,52.03,132.2,0.09
1760702400,2025-10-17 12:00:00,4.0,163.73,0.02,0.29,117.29,2.37,52.32,133.47,0.06
1760706000,2025-10-17 13:00:00,4.0,161.7,0.0,0.31,117.2,2.35,52.43,133.92,0.04
1760709600,2025-10-17 14:00:00,4.0,159.91,0.0,0.27,116.62,2.26,52.23,132.49,0.02
1760713200,2025-10-17 15:00:00,4.0,157.42,0.0,0.22,116.02,2.17,51.61,129.4,0.0
1760716800,2025-10-17 16:00:00,4.0,155.03,0.0,0.18,115.06,2.08,50.77,125.19,0.0
1760720400,2025-10-17 17:00:00,4.0,153.28,0.0,0.16,114.2,1.98,50.11,121.33,0.0
1760724000,2025-10-17 18:00:00,4.0,151.88,0.0,0.14,113.56,1.89,49.25,117.32,0.0
1760727600,2025-10-17 19:00:00,4.0,149.72,0.0,0.13,112.93,1.82,48.19,113.03,0.0
1760731200,2025-10-17 20:00:00,4.0,148.15,0.0,0.12,112.56,1.76,47.13,109.13,0.0
1760734800,2025-10-17 21:00:00,4.0,146.69,0.0,0.12,111.89,1.69,46.16,105.67,0.0
1760738400,2025-10-17 22:00:00,4.0,144.71,0.0,0.11,111.42,1.63,45.0,102.01,0.0
1760742000,2025-10-17 23:00:00,3.0,142.29,0.0,0.1,110.98,1.58,43.75,98.41,0.0
1760745600,2025-10-18 00:00:00,3.0,140.08,0.0,0.1,110.51,1.55,42.6,95.47,0.0
1760749200,2025-10-18 01:00:00,3.0,138.26,0.0,0.09,111.41,1.59,41.51,93.32,0.0
1760752800,2025-10-18 02:00:00,3.0,137.43,0.0,0.1,110.97,1.55,40.79,91.4,0.0
1760756400,2025-10-18 03:00:00,3.0,137.3,0.0,0.14,109.98,1.48,40.34,90.0,0.0
1760760000,2025-10-18 04:00:00,3.0,137.74,0.01,0.14,108.82,1.41,40.01,89.02,0.0
1760763600,2025-10-18 05:00:00,3.0,138.46,0.01,0.13,107.38,1.34,39.9,88.31,0.0
1760767200,2025-10-18 06:00:00,3.0,139.24,0.01,0.11,105.56,1.26,39.92,87.83,0.0
1760770800,2025-10-18 07:00:00,3.0,139.24,0.01,0.1,103.73,1.2,39.9,87.4,0.0
1760774400,2025-10-18 08:00:00,3.0,138.78,0.01,0.09,101.95,1.13,39.88,87.11,0.0
1760778000,2025-10-18 09:00:00,3.0,138.21,0.01,0.09,100.19,1.08,39.81,86.86,0.0
1760781600,2025-10-18 10:00:00,3.0,137.39,0.01,0.09,99.06,1.04,39.71,86.8,0.0
1760785200,2025-10-18 11:00:00,3.0,135.9,0.01,0.1,97.74,1.0,39.28,86.34,0.0
1760788800,2025-10-18 12:00:00,3.0,134.02,0.01,0.11,96.87,0.98,38.77,86.14,0.0
1760792400,2025-10-18 13:00:00,3.0,132.77,0.0,0.12,96.42,0.96,38.36,86.18,0.0
1760796000,2025-10-18 14:00:00,3.0,131.8,0.0,0.12,95.06,0.9,38.01,85.68,0.0
1760799600,2025-10-18 15:00:00,3.0,130.84,0.0,0.11,93.72,0.85,37.6,85.26,0.0
1760803200,2025-10-18 16:00:00,3.0,129.72,0.0,0.1,92.52,0.81,37.15,84.84,0.0
1760806800,2025-10-18 17:00:00,3.0,128.91,0.0,0.1,91.84,0.78,36.83,84.8,0.0
1760810400,2025-10-18 18:00:00,3.0,128.04,0.0,0.09,91.44,0.76,36.51,84.96,0.0
1760814000,2025-10-18 19:00:00,3.0,127.05,0.0,0.08,91.06,0.75,36.11,85.09,0.0
1760817600,2025-10-18 20:00:00,3.0,126.28,0.0,0.08,90.65,0.74,35.78,85.41,0.0
1760821200,2025-10-18 21:00:00,3.0,125.46,0.0,0.08,90.42,0.74,35.48,86.13,0.0
1760824800,2025-10-18 22:00:00,3.0,124.66,0.0,0.07,90.67,0.76,35.24,87.27,0.0
1760828400,2025-10-18 23:00:00,3.0,123.92,0.0,0.07,90.86,0.78,35.01,88.71,0.0
1760832000,2025-10-19 00:00:00,3.0,123.5,0.0,0.07,91.03,0.8,34.86,90.47,0.0
1760835600,2025-10-19 01:00:00,3.0,123.31,0.0,0.07,91.34,0.83,34.84,92.45,0.0
1760839200,2025-10-19 02:00:00,3.0,123.14,0.0,0.07,90.82,0.79,34.79,94.1,0.0
1760842800,2025-10-19 03:00:00,3.0,123.06,0.0,0.1,90.19,0.74,34.8,95.54,0.0
1760846400,2025-10-19 04:00:00,3.0,123.13,0.01,0.1,89.4,0.71,34.84,96.39,0.0
1760850000,2025-10-19 05:00:00,3.0,123.47,0.01,0.09,88.19,0.66,34.93,96.81,0.0
1760853600,2025-10-19 06:00:00,3.0,123.55,0.01,0.08,87.22,0.62,35.02,96.97,0.0
1760857200,2025-10-19 07:00:00,3.0,123.19,0.01,0.07,86.25,0.6,35.1,96.85,0.0
1760860800,2025-10-19 08:00:00,3.0,122.77,0.01,0.06,85.01,0.59,35.09,96.49,0.0
1760864400,2025-10-19 09:00:00,3.0,122.21,0.01,0.06,83.97,0.58,35.08,96.48,0.0
1760868000,2025-10-19 10:00:00,3.0,121.97,0.01,0.07,83.31,0.55,35.11,96.47,0.0
1760871600,2025-10-19 11:00:00,3.0,121.36,0.01,0.07,82.19,0.52,34.89,95.21,0.0
1760875200,2025-10-19 12:00:00,3.0,120.72,0.01,0.09,81.5,0.5,34.55,93.44,0.0
1760878800,2025-10-19 13:00:00,3.0,120.49,0.0,0.11,81.51,0.49,34.27,91.48,0.0
1760882400,2025-10-19 14:00:00,3.0,120.09,0.0,0.11,81.2,0.47,33.91,89.53,0.0
1760886000,2025-10-19 15:00:00,3.0,119.45,0.0,0.1,80.8,0.46,33.48,87.07,0.0
1760889600,2025-10-19 16:00:00,3.0,118.84,0.0,0.08,80.41,0.45,32.99,84.1,0.0
1760893200,2025-10-19 17:00:00,3.0,118.42,0.0,0.08,79.66,0.44,32.58,81.22,0.0
1760896800,2025-10-19 18:00:00,3.0,117.93,0.0,0.07,78.89,0.42,32.02,77.96,0.0
1760900400,2025-10-19 19:00:00,3.0,117.02,0.0,0.07,78.23,0.41,31.26,74.16,0.0
1760904000,2025-10-19 20:00:00,3.0,116.2,0.0,0.07,77.75,0.41,30.34,70.08,0.0
1760907600,2025-10-19 21:00:00,3.0,115.17,0.0,0.07,77.4,0.41,29.36,66.38,0.0
1760911200,2025-10-19 22:00:00,3.0,114.41,0.0,0.07,77.42,0.42,28.24,63.18,0.0
1760914800,2025-10-19 23:00:00,3.0,113.79,0.0,0.07,77.61,0.44,27.24,60.8,0.0
1760918400,2025-10-20 00:00:00,3.0,113.55,0.0,0.07,78.39,0.47,26.51,59.65,0.0
1760922000,2025-10-20 01:00:00,3.0,113.77,0.0,0.07,80.48,0.51,26.05,59.95,0.0
1760925600,2025-10-20 02:00:00,3.0,114.77,0.0,0.08,81.7,0.53,25.96,61.32,0.0
1760929200,2025-10-20 03:00:00,3.0,116.67,0.0,0.13,83.08,0.55,26.05,62.92,0.0
1760932800,2025-10-20 04:00:00,3.0,119.01,0.01,0.15,84.64,0.58,26.23,64.22,0.0
1760936400,2025-10-20 05:00:00,3.0,121.83,0.02,0.16,86.29,0.62,26.51,65.39,0.0
1760940000,2025-10-20 06:00:00,3.0,124.57,0.02,0.16,88.08,0.67,26.94,66.62,0.0
1760943600,2025-10-20 07:00:00,3.0,126.84,0.02,0.15,89.79,0.71,27.48,67.87,0.0
1760947200,2025-10-20 08:00:00,3.0,128.79,0.02,0.15,91.21,0.72,28.09,69.05,0.01
1760950800,2025-10-20 09:00:00,3.0,130.67,0.02,0.15,92.87,0.74,28.84,70.43,0.01
1760954400,2025-10-20 10:00:00,3.0,132.37,0.02,0.16,94.87,0.74,29.62,72.19,0.01
1760958000,2025-10-20 11:00:00,3.0,132.97,0.02,0.18,96.07,0.71,30.05,73.41,0.01
1760961600,2025-10-20 12:00:00,3.0,132.79,0.01,0.2,97.07,0.71,30.28,74.16,0.01
1760965200,2025-10-20 13:00:00,3.0,132.37,0.0,0.22,97.85,0.71,30.43,74.6,0.0
1760968800,2025-10-20 14:00:00,3.0,131.51,0.0,0.2,96.86,0.68,30.42,74.52,0.0
1760972400,2025-10-20 15:00:00,3.0,130.01,0.0,0.17,95.38,0.64,30.25,74.14,0.0
1760976000,2025-10-20 16:00:00,3.0,128.24,0.0,0.14,93.88,0.6,29.96,73.44,0.0
1760979600,2025-10-20 17:00:00,3.0,127.13,0.0,0.12,93.11,0.57,29.73,72.77,0.0
1760983200,2025-10-20 18:00:00,3.0,126.3,0.0,0.11,92.87,0.56,29.43,71.98,0.0
1760986800,2025-10-20 19:00:00,3.0,125.45,0.0,0.1,92.76,0.56,29.07,71.04,0.0
1760990400,2025-10-20 20:00:00,3.0,125.24,0.0,0.09,92.6,0.58,28.8,70.46,0.0
1760994000,2025-10-20 21:00:00,3.0,124.79,0.0,0.09,92.01,0.59,28.47,69.93,0.0
1760997600,2025-10-20 22:00:00,3.0,124.21,0.0,0.09,91.44,0.6,28.03,69.3,0.0
1761001200,2025-10-20 23:00:00,3.0,124.02,0.0,0.09,91.3,0.63,27.67,69.02,0.0
1761004800,2025-10-21 00:00:00,3.0,123.75,0.0,0.09,91.18,0.66,27.25,68.84,0.0
1761008400,2025-10-21 01:00:00,3.0,124.49,0.0,0.09,91.84,0.69,26.79,68.61,0.0
1761012000,2025-10-21 02:00:00,3.0,125.77,0.0,0.11,91.08,0.65,26.35,67.64,0.0
1761015600,2025-10-21 03:00:00,3.0,128.32,0.0,0.17,90.5,0.62,26.15,67.18,0.0
1761019200,2025-10-21 04:00:00,3.0,132.33,0.01,0.21,90.15,0.63,26.26,67.63,0.0
1761022800,2025-10-21 05:00:00,3.0,140.58,0.03,0.3,90.77,0.75,26.9,69.59,0.05
1761026400,2025-10-21 06:00:00,3.0,155.43,0.06,0.47,93.87,1.12,28.63,74.11,0.13
1761030000,2025-10-21 07:00:00,3.0,174.32,0.07,0.56,99.85,1.61,31.89,81.2,0.23
1761033600,2025-10-21 08:00:00,3.0,194.17,0.06,0.59,107.54,2.07,36.79,90.6,0.33
1761037200,2025-10-21 09:00:00,4.0,215.89,0.06,0.67,118.32,2.77,43.47,103.76,0.44
1761040800,2025-10-21 10:00:00,4.0,228.27,0.06,0.77,128.97,3.39,49.27,115.99,0.47
1761044400,2025-10-21 11:00:00,4.0,225.75,0.05,0.86,135.13,3.47,51.76,122.34,0.4
1761048000,2025-10-21 12:00:00,4.0,215.15,0.03,0.95,137.77,3.43,52.04,125.34,0.3
1761051600,2025-10-21 13:00:00,4.0,201.07,0.0,0.93,137.08,3.34,51.21,125.94,0.18
1761055200,2025-10-21 14:00:00,4.0,184.67,0.0,0.68,133.55,3.02,49.36,122.91,0.1
1761058800,2025-10-21 15:00:00,4.0,169.35,0.0,0.46,127.25,2.46,46.72,116.82,0.04
1761062400,2025-10-21 16:00:00,4.0,158.76,0.0,0.34,120.79,1.98,44.4,110.67,0.02
1761066000,2025-10-21 17:00:00,4.0,154.03,0.0,0.27,115.9,1.58,42.88,106.1,0.03
1761069600,2025-10-21 18:00:00,4.0,154.07,0.0,0.29,111.46,1.33,41.92,102.99,0.05
1761073200,2025-10-21 19:00:00,4.0,163.45,0.0,0.53,107.57,1.26,41.58,101.44,0.14
1761076800,2025-10-21 20:00:00,4.0,193.55,0.0,1.13,103.74,1.42,42.52,103.11,0.34
1761080400,2025-10-21 21:00:00,4.0,258.18,0.0,2.16,99.12,1.89,45.35,109.02,0.69
1761084000,2025-10-21 22:00:00,4.0,345.37,0.0,3.32,93.98,2.64,49.44,118.18,1.18
1761087600,2025-10-21 23:00:00,4.0,435.41,0.0,4.26,88.85,3.6,54.23,129.53,1.73
1761091200,2025-10-22 00:00:00,4.0,507.91,0.0,4.81,84.61,4.61,59.02,141.15,2.22
1761094800,2025-10-22 01:00:00,4.0,546.75,0.0,4.92,82.49,5.53,63.1,151.39,2.61
1761098400,2025-10-22 02:00:00,4.0,545.55,0.0,4.63,82.67,6.19,66.02,158.5,2.8
1761102000,2025-10-22 03:00:00,4.0,509.35,0.05,4.69,86.68,6.91,68.23,163.13,2.81
1761105600,2025-10-22 04:00:00,4.0,438.73,0.24,4.32,97.9,8.41,70.09,167.63,2.68
1761109200,2025-10-22 05:00:00,4.0,394.57,0.34,3.76,111.68,9.33,73.41,173.49,2.61
1761112800,2025-10-22 06:00:00,5.0,372.41,0.32,3.14,126.67,9.7,77.9,179.77,2.59
1761116400,2025-10-22 07:00:00,5.0,363.89,0.25,2.56,141.55,9.76,83.38,185.36,2.51
1761120000,2025-10-22 08:00:00,5.0,371.7,0.19,2.15,156.14,9.53,90.44,191.06,2.42
1761123600,2025-10-22 09:00:00,5.0,388.01,0.15,1.95,170.55,9.48,97.48,196.1,2.33
1761127200,2025-10-22 10:00:00,5.0,408.23,0.12,1.99,183.86,9.39,103.56,199.23,2.21
1761130800,2025-10-22 11:00:00,5.0,428.05,0.1,2.21,192.69,8.95,107.83,199.6,2.07
1761134400,2025-10-22 12:00:00,5.0,440.62,0.05,2.58,196.42,8.51,109.85,197.82,1.92
1761138000,2025-10-22 13:00:00,5.0,444.15,0.01,2.7,195.84,8.06,110.04,194.71,1.75
1761141600,2025-10-22 14:00:00,5.0,433.72,0.0,1.95,190.8,7.54,107.99,189.25,1.53
1761145200,2025-10-22 15:00:00,5.0,410.16,0.0,1.42,182.85,6.99,103.79,181.41,1.27
1761148800,2025-10-22 16:00:00,5.0,383.71,0.0,1.25,172.97,6.36,98.51,171.51,1.03
1761152400,2025-10-22 17:00:00,5.0,365.91,0.0,1.28,162.34,5.64,93.84,162.28,0.86
1761156000,2025-10-22 18:00:00,5.0,358.77,0.0,1.5,151.81,5.08,89.73,154.36,0.77
1761159600,2025-10-22 19:00:00,5.0,362.78,0.0,1.82,141.76,4.76,86.29,148.25,0.77
1761163200,2025-10-22 20:00:00,5.0,379.27,0.0,2.16,132.62,4.64,83.62,144.29,0.86
1761166800,2025-10-22 21:00:00,5.0,407.75,0.0,2.55,123.37,4.68,81.55,141.98,1.03
1761170400,2025-10-22 22:00:00,5.0,439.24,0.0,2.91,113.92,4.8,79.67,140.96,1.25
1761174000,2025-10-22 23:00:00,5.0,473.39,0.0,3.21,104.88,5.01,78.36,141.45,1.51
1761177600,2025-10-23 00:00:00,5.0,508.24,0.0,3.45,97.38,5.42,77.53,143.71,1.83
1761181200,2025-10-23 01:00:00,5.0,533.9,0.0,3.59,92.81,6.13,76.94,147.39,2.2
1761184800,2025-10-23 02:00:00,5.0,541.86,0.0,3.53,89.45,6.3,76.55,149.72,2.34
1761188400,2025-10-23 03:00:00,5.0,528.3,0.05,3.82,89.27,6.37,76.03,150.86,2.32
1761192000,2025-10-23 04:00:00,5.0,501.42,0.24,3.94,94.26,6.64,75.84,152.27,2.26
1761195600,2025-10-23 05:00:00,5.0,480.96,0.35,3.73,105.39,6.79,77.63,155.96,2.21
1761199200,2025-10-23 06:00:00,5.0,464.13,0.32,3.22,121.84,7.02,81.9,162.98,2.17
1761202800,2025-10-23 07:00:00,5.0,458.21,0.25,2.64,140.27,7.2,89.12,173.27,2.12
1761206400,2025-10-23 08:00:00,5.0,466.57,0.18,2.19,158.08,7.2,98.81,185.88,2.1
1761210000,2025-10-23 09:00:00,5.0,474.79,0.14,1.93,174.64,7.63,107.85,198.05,2.04
1761213600,2025-10-23 10:00:00,5.0,481.61,0.12,1.89,188.73,8.18,114.42,206.87,1.86
1761217200,2025-10-23 11:00:00,5.0,484.35,0.09,2.05,197.0,8.38,118.08,210.53,1.59
1761220800,2025-10-23 12:00:00,5.0,478.25,0.05,2.34,200.67,8.75,118.76,210.49,1.26
1761224400,2025-10-23 13:00:00,5.0,465.78,0.01,2.43,200.07,9.1,117.51,207.29,0.93
1761228000,2025-10-23 14:00:00,5.0,445.67,0.0,1.76,195.64,9.03,114.86,201.71,0.62
1761231600,2025-10-23 15:00:00,5.0,419.35,0.0,1.27,188.91,8.57,111.19,194.56,0.37
1761235200,2025-10-23 16:00:00,5.0,395.59,0.0,1.03,181.43,7.72,107.68,186.56,0.21
1761238800,2025-10-23 17:00:00,5.0,375.8,0.0,0.88,174.05,6.76,104.61,178.68,0.11
1761242400,2025-10-23 18:00:00,5.0,351.29,0.0,0.74,166.71,5.89,100.6,170.01,0.04
1761246000,2025-10-23 19:00:00,5.0,325.93,0.0,0.62,159.49,5.22,95.91,161.06,0.01
1761249600,2025-10-23 20:00:00,5.0,310.0,0.0,0.56,152.33,4.77,92.11,153.34,0.0
1761253200,2025-10-23 21:00:00,5.0,320.34,0.0,0.77,144.47,4.56,89.7,147.63,0.08
1761256800,2025-10-23 22:00:00,5.0,354.54,0.0,1.26,135.6,4.48,88.13,143.98,0.27
1761260400,2025-10-23 23:00:00,5.0,404.71,0.0,1.87,125.51,4.39,86.88,141.82,0.54
1761264000,2025-10-24 00:00:00,5.0,466.93,0.0,2.52,114.68,4.44,85.75,141.09,0.89
1761267600,2025-10-24 01:00:00,5.0,512.8,0.0,3.09,105.96,4.96,82.95,139.26,1.29
1761271200,2025-10-24 02:00:00,5.0,545.94,0.0,3.5,100.18,5.48,80.95,139.47,1.58
1761274800,2025-10-24 03:00:00,5.0,565.91,0.05,4.34,97.44,6.17,79.48,141.16,1.79
1761278400,2025-10-24 04:00:00,5.0,580.77,0.32,5.17,100.64,7.3,78.4,143.46,2.04
1761282000,2025-10-24 05:00:00,5.0,595.77,0.52,5.51,113.32,8.57,79.87,147.77,2.3
1761285600,2025-10-24 06:00:00,5.0,604.86,0.46,4.98,135.32,9.78,85.78,156.36,2.5
1761289200,2025-10-24 07:00:00,5.0,604.93,0.31,3.78,159.64,10.4,96.16,168.67,2.51
1761292800,2025-10-24 08:00:00,5.0,607.32,0.2,2.78,179.92,10.43,107.47,181.67,2.39
1761296400,2025-10-24 09:00:00,5.0,608.41,0.15,2.33,195.32,10.37,116.51,192.27,2.26
1761300000,2025-10-24 10:00:00,5.0,602.39,0.12,2.19,205.45,9.65,121.98,199.0,2.03
1761303600,2025-10-24 11:00:00,5.0,583.5,0.09,2.23,208.98,8.45,122.89,200.15,1.7
1761307200,2025-10-24 12:00:00,5.0,544.03,0.05,2.34,205.88,7.51,118.54,194.58,1.33
1761310800,2025-10-24 13:00:00,5.0,491.19,0.01,2.16,197.02,6.53,110.63,183.65,0.97
1761314400,2025-10-24 14:00:00,5.0,427.83,0.0,1.38,184.95,5.37,100.86,168.94,0.64
1761318000,2025-10-24 15:00:00,5.0,363.51,0.0,0.91,172.03,4.34,90.46,152.51,0.38
1761321600,2025-10-24 16:00:00,5.0,314.38,0.0,0.68,160.6,3.55,81.97,137.79,0.23
1761325200,2025-10-24 17:00:00,5.0,282.33,0.0,0.55,151.53,3.07,75.75,125.98,0.16
1761328800,2025-10-24 18:00:00,4.0,260.96,0.0,0.45,144.5,2.86,70.79,116.46,0.14
1761332400,2025-10-24 19:00:00,4.0,251.68,0.0,0.43,139.16,2.85,67.48,109.77,0.14
1761336000,2025-10-24 20:00:00,4.0,267.1,0.0,0.6,133.88,2.93,66.5,106.75,0.2
1761339600,2025-10-24 21:00:00,4.0,315.16,0.0,1.14,127.2,3.16,67.38,107.02,0.36
1761343200,2025-10-24 22:00:00,4.0,375.93,0.0,1.86,119.89,3.32,68.41,108.54,0.58
1761346800,2025-10-24 23:00:00,4.0,441.82,0.0,2.7,112.18,3.34,69.39,111.41,0.84
1761350400,2025-10-25 00:00:00,4.0,530.54,0.0,3.87,103.28,3.51,71.3,117.59,1.21
1761354000,2025-10-25 01:00:00,4.0,589.62,0.0,4.61,99.52,4.85,71.52,123.94,1.62
1761357600,2025-10-25 02:00:00,4.0,639.48,0.0,5.18,96.07,6.02,72.01,130.38,2.0
1761361200,2025-10-25 03:00:00,4.0,681.12,0.08,6.4,93.5,6.91,72.84,136.57,2.33
1761364800,2025-10-25 04:00:00,4.0,694.23,0.43,6.95,98.5,7.84,73.8,141.01,2.58
1761368400,2025-10-25 05:00:00,5.0,678.19,0.58,6.21,114.61,8.45,76.47,145.23,2.66
1761372000,2025-10-25 06:00:00,5.0,643.37,0.45,4.69,137.04,8.63,81.76,151.02,2.59
1761375600,2025-10-25 07:00:00,5.0,604.57,0.28,3.24,158.04,8.51,89.04,158.61,2.42
1761379200,2025-10-25 08:00:00,5.0,578.96,0.19,2.4,173.84,8.28,96.74,167.06,2.28
1761382800,2025-10-25 09:00:00,5.0,557.95,0.14,2.03,185.41,8.25,102.44,173.27,2.17
1761386400,2025-10-25 10:00:00,5.0,542.7,0.12,1.95,195.17,8.29,106.01,176.57,2.01
1761390000,2025-10-25 11:00:00,5.0,534.7,0.09,2.11,200.77,8.13,107.9,177.28,1.81
1761393600,2025-10-25 12:00:00,5.0,522.41,0.05,2.44,202.19,8.14,107.31,175.14,1.58
1761397200,2025-10-25 13:00:00,5.0,506.15,0.01,2.58,200.55,8.2,105.15,171.21,1.36
1761400800,2025-10-25 14:00:00,5.0,483.71,0.0,1.94,195.81,8.1,101.84,165.52,1.14
1761404400,2025-10-25 15:00:00,5.0,454.52,0.0,1.49,189.02,7.9,97.48,158.33,0.94
1761408000,2025-10-25 16:00:00,5.0,418.82,0.0,1.33,179.5,7.5,91.21,147.7,0.76
1761411600,2025-10-25 17:00:00,5.0,381.05,0.0,1.29,168.23,7.08,83.17,134.38,0.64
1761415200,2025-10-25 18:00:00,5.0,349.75,0.0,1.33,156.78,6.79,75.22,121.78,0.62
1761418800,2025-10-25 19:00:00,4.0,336.12,0.0,1.61,146.34,6.74,68.78,112.25,0.74
1761422400,2025-10-25 20:00:00,4.0,352.04,0.0,2.26,135.71,6.77,64.51,107.19,1.05
1761426000,2025-10-25 21:00:00,4.0,384.17,0.0,3.05,124.17,6.86,61.41,105.6,1.57
1761429600,2025-10-25 22:00:00,4.0,400.84,0.0,3.4,113.63,6.93,58.27,105.28,2.1
1761433200,2025-10-25 23:00:00,4.0,400.9,0.0,3.3,105.62,6.34,56.28,105.96,2.4
1761436800,2025-10-26 00:00:00,4.0,388.06,0.0,2.96,101.63,5.84,55.07,107.88,2.48
1761440400,2025-10-26 01:00:00,4.0,363.42,0.0,2.53,101.5,5.65,54.59,111.35,2.38
1761444000,2025-10-26 02:00:00,4.0,339.91,0.0,2.23,103.45,5.66,54.97,116.16,2.27
1761447600,2025-10-26 03:00:00,4.0,317.99,0.03,2.49,106.44,5.77,55.67,121.29,2.2
1761451200,2025-10-26 04:00:00,4.0,293.07,0.16,2.44,111.67,5.98,56.34,125.46,2.15
1761454800,2025-10-26 05:00:00,4.0,276.93,0.21,2.17,118.48,6.17,57.57,127.93,2.16
1761458400,2025-10-26 06:00:00,4.0,271.18,0.2,1.84,126.78,6.41,59.66,128.77,2.2
1761462000,2025-10-26 07:00:00,4.0,271.5,0.16,1.5,136.06,6.76,62.67,128.75,2.16
1761465600,2025-10-26 08:00:00,4.0,277.06,0.12,1.29,145.2,7.2,66.45,129.05,2.09
1761469200,2025-10-26 09:00:00,4.0,282.84,0.11,1.22,155.07,7.75,69.32,127.58,1.91
1761472800,2025-10-26 10:00:00,4.0,286.41,0.1,1.3,165.08,8.44,70.64,124.17,1.65
1761476400,2025-10-26 11:00:00,4.0,286.17,0.09,1.62,172.48,9.18,70.0,118.77,1.43
1761480000,2025-10-26 12:00:00,4.0,285.12,0.06,2.27,175.49,9.9,67.89,112.66,1.3
1761483600,2025-10-26 13:00:00,4.0,284.09,0.01,3.11,173.2,10.44,64.67,106.34,1.26
1761487200,2025-10-26 14:00:00,4.0,282.18,0.0,3.1,165.94,10.45,60.63,100.0,1.28
1761490800,2025-10-26 15:00:00,4.0,282.23,0.0,3.06,156.06,10.09,56.86,95.27,1.33
1761494400,2025-10-26 16:00:00,4.0,284.75,0.0,3.27,145.21,9.57,53.51,92.15,1.47
1761498000,2025-10-26 17:00:00,4.0,285.7,0.0,3.49,133.89,9.15,50.33,89.17,1.69
1761501600,2025-10-26 18:00:00,3.0,280.17,0.0,3.41,125.92,9.12,48.26,87.46,1.89
1761505200,2025-10-26 19:00:00,3.0,265.46,0.0,2.93,124.59,9.34,47.54,87.57,1.88
1761508800,2025-10-26 20:00:00,3.0,257.56,0.0,2.49,127.13,9.46,48.6,91.45,1.77
1761512400,2025-10-26 21:00:00,4.0,252.78,0.0,2.17,129.46,9.3,50.32,98.28,1.66
1761516000,2025-10-26 22:00:00,4.0,249.16,0.0,1.96,129.43,8.86,51.8,105.58,1.57
1761519600,2025-10-26 23:00:00,4.0,247.41,0.0,1.85,127.4,8.31,52.85,110.43,1.55
1761523200,2025-10-27 00:00:00,4.0,245.14,0.0,1.78,124.97,7.75,53.17,111.44,1.55
1761526800,2025-10-27 01:00:00,4.0,240.86,0.0,1.72,122.61,7.26,52.83,109.03,1.54
1761530400,2025-10-27 02:00:00,4.0,237.94,0.0,1.7,120.81,6.96,52.5,106.03,1.6
1761534000,2025-10-27 03:00:00,4.0,235.78,0.03,2.22,120.01,6.78,52.34,103.67,1.67
1761537600,2025-10-27 04:00:00,4.0,235.69,0.17,2.31,120.06,6.62,52.4,102.28,1.7
1761541200,2025-10-27 05:00:00,4.0,243.4,0.24,2.2,123.87,6.61,53.7,103.59,1.71
1761544800,2025-10-27 06:00:00,4.0,258.42,0.23,1.98,131.4,6.82,56.49,107.1,1.68
1761548400,2025-10-27 07:00:00,4.0,277.44,0.18,1.7,141.69,7.28,60.8,111.72,1.59
1761552000,2025-10-27 08:00:00,4.0,296.96,0.15,1.5,153.52,8.05,65.9,116.75,1.47
1761555600,2025-10-27 09:00:00,4.0,315.47,0.13,1.48,165.61,9.03,69.93,119.57,1.25
1761559200,2025-10-27 10:00:00,4.0,331.06,0.12,1.65,177.93,10.11,72.56,120.14,0.94
1761562800,2025-10-27 11:00:00,5.0,338.38,0.12,2.07,186.54,10.82,72.89,117.26,0.69
1761566400,2025-10-27 12:00:00,5.0,337.78,0.09,2.87,187.97,10.92,70.46,110.85,0.6
1761570000,2025-10-27 13:00:00,5.0,333.29,0.01,3.96,181.03,10.43,65.49,101.66,0.66
1761573600,2025-10-27 14:00:00,4.0,325.36,0.0,4.04,166.54,9.63,58.66,90.66,0.8
1761577200,2025-10-27 15:00:00,4.0,319.05,0.0,3.99,151.18,9.04,52.47,82.06,0.95
1761580800,2025-10-27 16:00:00,3.0,308.59,0.0,3.8,139.4,8.73,48.33,77.5,0.98
1761584400,2025-10-27 17:00:00,3.0,302.35,0.0,3.68,131.84,8.78,47.18,77.86,1.05
1761588000,2025-10-27 18:00:00,3.0,299.98,0.0,3.6,128.29,9.07,48.37,81.97,1.2
1761591600,2025-10-27 19:00:00,4.0,293.31,0.0,3.37,128.14,9.17,50.24,87.06,1.24
1761595200,2025-10-27 20:00:00,4.0,294.26,0.0,3.24,126.11,9.31,52.04,92.27,1.44
1761598800,2025-10-27 21:00:00,4.0,292.2,0.0,2.99,123.84,9.05,52.67,95.38,1.59
1761602400,2025-10-27 22:00:00,4.0,285.67,0.0,2.6,121.34,8.4,51.74,95.83,1.61
1761606000,2025-10-27 23:00:00,4.0,282.01,0.0,2.22,118.91,7.63,50.18,94.88,1.54
1761609600,2025-10-28 00:00:00,3.0,283.58,0.0,1.96,116.74,7.04,48.79,93.15,1.43
1761613200,2025-10-28 01:00:00,3.0,289.66,0.0,1.79,115.19,6.69,47.7,90.23,1.3
1761616800,2025-10-28 02:00:00,3.0,297.83,0.0,1.82,115.17,6.92,48.14,90.25,1.25
1761620400,2025-10-28 03:00:00,3.0,306.13,0.04,2.36,116.55,7.4,49.28,92.02,1.19
1761624000,2025-10-28 04:00:00,4.0,313.43,0.14,2.72,119.41,7.75,50.55,93.48,1.08
1761627600,2025-10-28 05:00:00,4.0,325.21,0.22,2.78,125.71,7.99,53.26,96.59,0.96
1761631200,2025-10-28 06:00:00,4.0,339.1,0.24,2.58,135.73,8.23,57.75,101.8,0.86
1761634800,2025-10-28 07:00:00,4.0,348.11,0.2,2.06,148.14,8.42,63.18,107.27,0.72
1761638400,2025-10-28 08:00:00,4.0,347.54,0.14,1.55,159.51,8.37,67.91,110.43,0.5
1761642000,2025-10-28 09:00:00,4.0,331.71,0.11,1.3,167.29,8.02,69.77,109.29,0.21
1761645600,2025-10-28 10:00:00,4.0,305.15,0.09,1.25,170.21,7.23,67.77,103.44,0.02
1761649200,2025-10-28 11:00:00,4.0,284.95,0.08,1.39,168.57,6.59,64.87,98.17,0.01
1761652800,2025-10-28 12:00:00,4.0,273.4,0.07,1.78,165.09,6.3,61.88,93.11,0.03
1761656400,2025-10-28 13:00:00,4.0,267.83,0.02,2.39,159.34,6.23,58.55,87.88,0.08
1761660000,2025-10-28 14:00:00,4.0,263.35,0.0,2.47,150.9,6.19,54.78,82.69,0.13
1761663600,2025-10-28 15:00:00,4.0,264.31,0.0,2.32,142.91,6.17,52.28,80.0,0.17
1761667200,2025-10-28 16:00:00,4.0,274.72,0.0,2.34,137.8,6.28,52.03,80.91,0.23
1761670800,2025-10-28 17:00:00,4.0,289.85,0.0,2.52,134.96,6.81,53.88,85.75,0.36
1761674400,2025-10-28 18:00:00,4.0,300.02,0.0,2.57,133.16,7.25,55.72,90.94,0.5
1761678000,2025-10-28 19:00:00,4.0,304.51,0.0,2.5,131.1,7.51,56.59,94.8,0.67
1761681600,2025-10-28 20:00:00,4.0,307.74,0.0,2.38,129.45,7.63,57.06,98.11,0.84
1761685200,2025-10-28 21:00:00,4.0,308.41,0.0,2.18,127.93,7.44,56.81,99.74,0.93
1761688800,2025-10-28 22:00:00,4.0,307.02,0.0,2.01,126.34,7.46,57.64,103.44,1.0
1761692400,2025-10-28 23:00:00,4.0,304.96,0.0,1.88,125.1,7.66,59.57,109.15,1.1
1761696000,2025-10-29 00:00:00,4.0,302.67,0.0,1.74,123.82,7.61,60.38,112.04,1.13
1761699600,2025-10-29 01:00:00,4.0,303.23,0.0,1.65,122.15,7.54,60.5,113.24,1.16
1761703200,2025-10-29 02:00:00,4.0,307.95,0.0,1.65,120.45,7.62,60.86,114.59,1.2
1761706800,2025-10-29 03:00:00,4.0,315.61,0.03,2.16,119.44,7.71,61.09,115.44,1.2
1761710400,2025-10-29 04:00:00,4.0,325.55,0.14,2.46,119.21,7.67,60.06,112.86,1.17
1761714000,2025-10-29 05:00:00,4.0,341.63,0.24,2.45,123.98,7.81,60.51,112.07,1.17
1761717600,2025-10-29 06:00:00,4.0,359.13,0.23,2.17,133.08,8.01,62.95,113.78,1.17
1761721200,2025-10-29 07:00:00,4.0,368.03,0.18,1.67,142.6,7.84,64.68,112.77,1.08
1761724800,2025-10-29 08:00:00,4.0,363.07,0.13,1.3,147.53,7.28,63.37,106.74,0.93
1761728400,2025-10-29 09:00:00,4.0,349.83,0.11,1.17,148.73,6.77,59.94,98.89,0.84
1761732000,2025-10-29 10:00:00,4.0,335.37,0.1,1.18,148.32,6.31,55.57,90.57,0.77
1761735600,2025-10-29 11:00:00,4.0,319.91,0.09,1.33,145.28,5.92,50.75,82.12,0.72
1761739200,2025-10-29 12:00:00,4.0,307.06,0.06,1.68,140.05,5.74,46.04,74.47,0.71
1761742800,2025-10-29 13:00:00,3.0,298.96,0.01,2.17,133.05,5.69,41.72,67.85,0.71
1761746400,2025-10-29 14:00:00,3.0,293.79,0.0,2.33,124.39,5.69,37.97,62.35,0.73
1761750000,2025-10-29 15:00:00,3.0,292.68,0.0,2.42,116.58,5.71,35.18,58.43,0.77
1761753600,2025-10-29 16:00:00,3.0,297.57,0.0,2.61,109.88,5.78,33.69,56.67,0.87
1761757200,2025-10-29 17:00:00,3.0,307.95,0.0,2.84,105.11,6.03,33.8,57.83,1.02
1761760800,2025-10-29 18:00:00,3.0,316.59,0.0,2.91,101.8,6.31,35.02,61.23,1.17
1761764400,2025-10-29 19:00:00,3.0,321.38,0.0,2.85,99.48,6.58,36.67,65.71,1.27
1761768000,2025-10-29 20:00:00,3.0,322.32,0.0,2.82,97.69,6.9,38.21,70.71,1.32
1761771600,2025-10-29 21:00:00,3.0,316.86,0.0,2.77,96.59,7.02,39.03,74.96,1.29
1761775200,2025-10-29 22:00:00,3.0,308.3,0.0,2.68,95.64,7.04,39.79,79.5,1.27
1761778800,2025-10-29 23:00:00,3.0,304.54,0.0,2.62,93.26,7.01,41.17,84.79,1.39
1761782400,2025-10-30 00:00:00,3.0,298.57,0.0,2.44,92.29,6.7,42.66,89.69,1.44
1761786000,2025-10-30 01:00:00,3.0,290.56,0.0,2.26,92.66,6.4,44.16,94.22,1.4
1761789600,2025-10-30 02:00:00,3.0,283.85,0.0,2.17,93.97,6.37,45.92,99.13,1.33
1761793200,2025-10-30 03:00:00,4.0,278.23,0.03,2.62,95.85,6.62,47.91,104.73,1.23
1761796800,2025-10-30 04:00:00,4.0,275.55,0.19,2.86,98.82,6.87,49.65,108.97,1.12
1761800400,2025-10-30 05:00:00,4.0,280.92,0.32,2.89,104.65,7.28,52.64,115.36,1.1
1761804000,2025-10-30 06:00:00,4.0,292.8,0.33,2.64,114.58,7.6,56.84,122.39,1.08
1761807600,2025-10-30 07:00:00,4.0,302.71,0.24,2.08,126.72,7.79,61.82,128.4,0.93
1761811200,2025-10-30 08:00:00,4.0,311.21,0.17,1.6,138.29,7.83,67.2,133.29,0.67
1761814800,2025-10-30 09:00:00,4.0,315.36,0.13,1.41,146.77,7.72,71.11,134.54,0.3
1761818400,2025-10-30 10:00:00,4.0,317.11,0.11,1.44,152.0,7.42,72.2,130.34,0.02
1761822000,2025-10-30 11:00:00,4.0,315.32,0.1,1.71,153.16,7.01,70.95,122.68,0.0
1761825600,2025-10-30 12:00:00,4.0,312.96,0.06,2.26,150.23,6.66,68.46,113.9,0.0
1761829200,2025-10-30 13:00:00,4.0,315.05,0.01,2.94,144.29,6.34,65.82,106.11,0.0
1761832800,2025-10-30 14:00:00,4.0,318.35,0.0,2.91,135.84,5.9,62.91,99.09,0.0
1761836400,2025-10-30 15:00:00,4.0,321.89,0.0,2.86,127.03,5.47,59.69,92.64,0.02
1761840000,2025-10-30 16:00:00,4.0,326.57,0.0,2.92,118.3,5.11,56.24,86.88,0.13
1761843600,2025-10-30 17:00:00,4.0,333.44,0.0,3.01,110.9,4.99,53.48,82.98,0.29
1761847200,2025-10-30 18:00:00,4.0,339.39,0.0,3.01,105.39,5.1,51.56,81.1,0.45
1761850800,2025-10-30 19:00:00,4.0,333.28,0.0,2.75,102.27,5.56,50.15,80.64,0.48
1761854400,2025-10-30 20:00:00,4.0,340.07,0.0,2.78,99.28,5.68,50.77,82.85,0.64
1761858000,2025-10-30 21:00:00,4.0,347.92,0.0,2.84,97.26,5.96,52.46,87.36,0.78
1761861600,2025-10-30 22:00:00,4.0,353.43,0.0,2.9,96.8,6.53,54.88,94.24,0.94
1761865200,2025-10-30 23:00:00,4.0,351.48,0.0,2.86,98.26,7.25,57.04,102.37,1.2
1761868800,2025-10-31 00:00:00,4.0,339.74,0.0,2.68,101.37,7.91,58.44,111.08,1.47
1761872400,2025-10-31 01:00:00,4.0,320.41,0.0,2.37,106.1,8.38,59.3,120.14,1.69
1761876000,2025-10-31 02:00:00,4.0,305.71,0.0,2.07,109.32,8.33,60.17,126.88,1.85
1761879600,2025-10-31 03:00:00,4.0,297.52,0.02,2.28,111.6,8.08,61.06,131.7,1.96
1761883200,2025-10-31 04:00:00,4.0,292.54,0.11,2.34,113.27,7.7,61.74,134.36,1.99
1761886800,2025-10-31 05:00:00,4.0,294.56,0.19,2.18,118.15,7.52,63.64,138.58,2.0
1761890400,2025-10-31 06:00:00,4.0,301.62,0.19,1.89,126.8,7.71,67.35,145.7,1.98
1761894000,2025-10-31 07:00:00,4.0,311.76,0.15,1.55,137.94,8.19,72.81,154.94,1.89
1761897600,2025-10-31 08:00:00,5.0,324.73,0.12,1.31,150.27,8.73,79.6,165.28,1.75
1761901200,2025-10-31 09:00:00,5.0,339.55,0.1,1.22,162.83,9.46,86.44,175.45,1.57
1761904800,2025-10-31 10:00:00,5.0,353.29,0.09,1.28,175.33,10.3,92.71,184.43,1.35
1761908400,2025-10-31 11:00:00,5.0,363.62,0.07,1.47,185.94,10.95,97.43,191.22,1.12
1761912000,2025-10-31 12:00:00,5.0,367.03,0.04,1.72,192.63,11.48,99.95,194.63,0.86
1761915600,2025-10-31 13:00:00,5.0,363.28,0.01,1.78,195.97,11.75,100.61,195.14,0.61
1761919200,2025-10-31 14:00:00,5.0,352.47,0.0,1.35,194.59,11.33,99.06,191.47,0.39
1761922800,2025-10-31 15:00:00,5.0,333.9,0.0,0.99,189.62,10.32,95.46,183.58,0.21
1761926400,2025-10-31 16:00:00,5.0,313.9,0.0,0.78,182.92,9.0,90.81,172.87,0.09
1761930000,2025-10-31 17:00:00,5.0,295.74,0.0,0.63,175.32,7.67,86.14,161.36,0.02
1761933600,2025-10-31 18:00:00,5.0,279.56,0.0,0.52,167.56,6.51,81.55,149.8,0.0
1761937200,2025-10-31 19:00:00,5.0,267.25,0.0,0.45,160.05,5.67,77.43,139.61,0.0
1761940800,2025-10-31 20:00:00,4.0,259.55,0.0,0.44,153.25,5.22,73.88,131.59,0.0
1761944400,2025-10-31 21:00:00,4.0,256.4,0.0,0.46,147.65,5.12,71.06,126.23,0.0
1761948000,2025-10-31 22:00:00,4.0,254.65,0.0,0.47,143.03,5.16,68.83,122.72,0.0
1761951600,2025-10-31 23:00:00,4.0,253.58,0.0,0.45,137.48,4.78,67.56,120.25,0.0
1761955200,2025-11-01 00:00:00,4.0,260.4,0.0,0.49,133.12,4.49,67.12,119.29,0.0
1761958800,2025-11-01 01:00:00,4.0,277.73,0.0,0.67,129.73,4.46,67.25,119.71,0.0
1761962400,2025-11-01 02:00:00,4.0,305.71,0.0,0.92,125.7,4.44,68.48,122.71,0.0
1761966000,2025-11-01 03:00:00,4.0,341.69,0.02,1.46,121.72,4.65,70.73,127.87,0.04
1761969600,2025-11-01 04:00:00,4.0,389.08,0.12,2.0,118.9,5.01,74.25,135.1,0.21
1761973200,2025-11-01 05:00:00,5.0,423.72,0.18,2.02,122.02,5.18,78.37,141.67,0.32
1761976800,2025-11-01 06:00:00,5.0,434.7,0.16,1.6,130.26,5.16,82.67,146.67,0.31
1761980400,2025-11-01 07:00:00,5.0,429.13,0.11,1.15,138.47,5.01,86.66,149.85,0.21
1761984000,2025-11-01 08:00:00,5.0,417.34,0.08,0.9,144.88,4.83,90.06,151.77,0.13
1761987600,2025-11-01 09:00:00,5.0,405.93,0.07,0.81,149.91,4.75,92.79,152.94,0.11
1761991200,2025-11-01 10:00:00,5.0,389.31,0.06,0.79,154.07,4.69,93.72,152.59,0.07
1761994800,2025-11-01 11:00:00,5.0,361.95,0.05,0.79,155.02,4.55,91.65,149.23,0.01
1761998400,2025-11-01 12:00:00,5.0,325.74,0.03,0.82,153.4,4.42,86.81,143.3,0.0
1762002000,2025-11-01 13:00:00,5.0,290.0,0.01,0.8,149.56,4.17,81.21,136.68,0.0
1762005600,2025-11-01 14:00:00,5.0,261.95,0.0,0.58,141.81,3.42,76.29,131.03,0.0
1762009200,2025-11-01 15:00:00,4.0,235.6,0.0,0.4,132.4,2.56,71.42,126.02,0.0
1762012800,2025-11-01 16:00:00,4.0,215.3,0.0,0.29,123.7,1.84,67.36,122.03,0.0
1762016400,2025-11-01 17:00:00,4.0,202.31,0.0,0.22,117.52,1.34,64.65,119.5,0.0
1762020000,2025-11-01 18:00:00,4.0,193.47,0.0,0.17,112.72,0.99,62.65,117.35,0.0
1762023600,2025-11-01 19:00:00,4.0,187.54,0.0,0.14,108.86,0.77,61.05,115.15,0.0
1762027200,2025-11-01 20:00:00,4.0,184.66,0.0,0.12,106.01,0.64,60.08,113.66,0.0
1762030800,2025-11-01 21:00:00,4.0,183.23,0.0,0.11,103.69,0.56,59.56,112.83,0.0
1762034400,2025-11-01 22:00:00,4.0,182.2,0.0,0.11,101.64,0.51,59.26,112.6,0.0
1762038000,2025-11-01 23:00:00,4.0,181.42,0.0,0.1,100.07,0.48,59.01,112.83,0.0
1762041600,2025-11-02 00:00:00,4.0,180.71,0.0,0.1,99.19,0.46,58.8,113.56,0.0
1762045200,2025-11-02 01:00:00,4.0,180.29,0.0,0.1,98.92,0.44,58.4,113.66,0.0
1762048800,2025-11-02 02:00:00,4.0,180.51,0.0,0.1,98.81,0.42,58.03,113.33,0.0
1762052400,2025-11-02 03:00:00,4.0,181.19,0.0,0.13,98.97,0.39,57.63,112.87,0.0
1762056000,2025-11-02 04:00:00,4.0,181.11,0.01,0.14,98.77,0.39,57.07,112.05,0.0
1762059600,2025-11-02 05:00:00,4.0,181.32,0.01,0.15,98.96,0.42,56.65,111.6,0.0
1762063200,2025-11-02 06:00:00,4.0,181.4,0.02,0.14,99.68,0.49,56.23,111.43,0.0
1762066800,2025-11-02 07:00:00,4.0,179.69,0.01,0.12,99.92,0.52,55.51,110.67,0.0
1762070400,2025-11-02 08:00:00,4.0,178.23,0.01,0.11,98.57,0.5,55.02,109.92,0.0
1762074000,2025-11-02 09:00:00,4.0,176.55,0.01,0.11,97.12,0.46,54.58,109.5,0.0
1762077600,2025-11-02 10:00:00,4.0,174.25,0.01,0.11,95.79,0.39,54.0,109.14,0.0
1762081200,2025-11-02 11:00:00,4.0,170.22,0.01,0.11,94.13,0.29,52.77,107.77,0.0
1762084800,2025-11-02 12:00:00,4.0,165.09,0.01,0.12,93.5,0.23,51.04,105.24,0.0
1762088400,2025-11-02 13:00:00,4.0,160.68,0.0,0.12,93.89,0.19,49.31,102.17,0.0
1762092000,2025-11-02 14:00:00,3.0,157.92,0.0,0.11,93.24,0.17,48.14,99.99,0.0
1762095600,2025-11-02 15:00:00,3.0,154.81,0.0,0.09,92.94,0.16,47.11,98.37,0.0
1762099200,2025-11-02 16:00:00,3.0,152.04,0.0,0.08,92.87,0.16,46.39,97.63,0.0
1762102800,2025-11-02 17:00:00,3.0,149.33,0.0,0.07,92.52,0.18,46.25,98.75,0.0
1762106400,2025-11-02 18:00:00,4.0,146.97,0.0,0.07,92.07,0.19,46.83,102.58,0.0
1762110000,2025-11-02 19:00:00,4.0,143.95,0.0,0.07,91.79,0.21,48.48,110.42,0.0
1762113600,2025-11-02 20:00:00,4.0,141.21,0.0,0.07,91.97,0.22,51.58,123.2,0.0
1762117200,2025-11-02 21:00:00,4.0,138.95,0.0,0.07,92.36,0.23,56.06,141.15,0.0
1762120800,2025-11-02 22:00:00,4.0,137.09,0.0,0.07,93.36,0.24,61.42,162.69,0.0
1762124400,2025-11-02 23:00:00,4.0,135.65,0.0,0.07,94.28,0.26,66.75,184.46,0.0
1762128000,2025-11-03 00:00:00,5.0,134.79,0.0,0.07,94.87,0.27,71.08,203.06,0.0
1762131600,2025-11-03 01:00:00,5.0,134.49,0.0,0.07,95.43,0.27,73.5,215.11,0.0
1762135200,2025-11-03 02:00:00,5.0,134.24,0.0,0.07,96.28,0.27,74.17,220.6,0.0
1762138800,2025-11-03 03:00:00,5.0,134.03,0.0,0.09,97.09,0.28,73.8,222.05,0.0
1762142400,2025-11-03 04:00:00,5.0,133.26,0.01,0.08,97.51,0.27,72.57,220.11,0.0
1762146000,2025-11-03 05:00:00,5.0,132.47,0.01,0.07,98.07,0.28,70.89,216.76,0.0
1762149600,2025-11-03 06:00:00,5.0,131.43,0.01,0.05,98.38,0.28,68.72,211.39,0.0
1762153200,2025-11-03 07:00:00,5.0,129.99,0.01,0.05,98.67,0.29,65.87,203.9,0.0
1762156800,2025-11-03 08:00:00,4.0,128.16,0.01,0.04,98.58,0.31,62.69,194.96,0.0
1762160400,2025-11-03 09:00:00,4.0,126.66,0.01,0.04,98.16,0.33,59.72,186.15,0.0
1762164000,2025-11-03 10:00:00,4.0,126.0,0.01,0.05,98.48,0.34,56.92,177.18,0.0
1762167600,2025-11-03 11:00:00,4.0,125.32,0.0,0.05,98.66,0.35,54.05,166.46,0.0
1762171200,2025-11-03 12:00:00,4.0,124.74,0.0,0.07,98.77,0.36,51.46,155.78,0.0
1762174800,2025-11-03 13:00:00,4.0,124.56,0.0,0.09,99.32,0.38,49.49,146.71,0.0
1762178400,2025-11-03 14:00:00,4.0,124.44,0.0,0.09,99.88,0.39,47.85,138.69,0.0
1762182000,2025-11-03 15:00:00,4.0,124.14,0.0,0.09,100.68,0.42,46.53,132.21,0.0
1762185600,2025-11-03 16:00:00,4.0,123.48,0.0,0.08,101.82,0.45,45.42,126.83,0.0
1762189200,2025-11-03 17:00:00,4.0,123.26,0.0,0.08,103.09,0.48,44.7,123.3,0.0
1762192800,2025-11-03 18:00:00,4.0,123.16,0.0,0.08,104.23,0.52,44.45,121.66,0.0
1762196400,2025-11-03 19:00:00,4.0,123.27,0.0,0.08,105.08,0.55,44.5,121.29,0.0
1762200000,2025-11-03 20:00:00,4.0,123.66,0.0,0.07,105.81,0.57,44.91,122.11,0.0
1762203600,2025-11-03 21:00:00,4.0,123.98,0.0,0.07,106.3,0.59,45.44,123.25,0.0
1762207200,2025-11-03 22:00:00,4.0,124.62,0.0,0.07,106.82,0.6,45.96,124.42,0.0
1762210800,2025-11-03 23:00:00,4.0,125.32,0.0,0.08,106.66,0.61,46.3,125.11,0.0
1762214400,2025-11-04 00:00:00,4.0,126.48,0.0,0.09,106.76,0.61,46.39,125.49,0.0
1762218000,2025-11-04 01:00:00,4.0,128.39,0.0,0.12,106.91,0.6,46.22,125.66,0.0
1762221600,2025-11-04 02:00:00,4.0,130.64,0.0,0.15,106.79,0.59,45.65,124.89,0.0
1762225200,2025-11-04 03:00:00,4.0,132.69,0.0,0.25,106.84,0.61,44.22,121.52,0.0
1762228800,2025-11-04 04:00:00,4.0,133.73,0.02,0.3,107.48,0.66,41.49,113.78,0.0
1762232400,2025-11-04 05:00:00,4.0,132.46,0.03,0.3,109.35,0.75,37.54,102.67,0.0
1762236000,2025-11-04 06:00:00,3.0,128.88,0.03,0.26,112.22,0.85,33.63,93.51,0.0
1762239600,2025-11-04 07:00:00,3.0,124.96,0.03,0.22,114.9,0.92,31.75,94.03,0.0
1762243200,2025-11-04 08:00:00,4.0,122.81,0.02,0.2,115.89,0.95,32.55,103.33,0.0
1762246800,2025-11-04 09:00:00,4.0,122.49,0.02,0.2,116.19,0.96,35.31,119.19,0.0
1762250400,2025-11-04 10:00:00,4.0,123.15,0.02,0.21,116.47,0.97,40.24,144.0,0.0
1762254000,2025-11-04 11:00:00,4.0,123.29,0.02,0.24,116.58,0.97,47.4,178.22,0.0
1762257600,2025-11-04 12:00:00,5.0,122.35,0.01,0.31,117.35,0.99,55.5,215.7,0.0
1762261200,2025-11-04 13:00:00,5.0,120.45,0.0,0.39,119.09,1.05,61.79,245.32,0.0
1762264800,2025-11-04 14:00:00,5.0,117.68,0.0,0.4,120.81,1.07,64.26,257.68,0.0
1762268400,2025-11-04 15:00:00,5.0,114.68,0.0,0.39,121.09,1.0,63.5,257.22,0.0
1762272000,2025-11-04 16:00:00,5.0,111.94,0.0,0.37,119.82,0.85,61.36,252.57,0.01
1762275600,2025-11-04 17:00:00,5.0,109.89,0.0,0.36,117.55,0.68,60.35,255.25,0.02
1762279200,2025-11-04 18:00:00,5.0,108.46,0.0,0.36,115.3,0.55,61.88,270.65,0.03
1762282800,2025-11-04 19:00:00,5.0,107.71,0.0,0.36,113.14,0.49,65.25,292.71,0.05
1762286400,2025-11-04 20:00:00,5.0,107.29,0.0,0.36,111.69,0.51,67.37,305.17,0.08
1762290000,2025-11-04 21:00:00,5.0,107.05,0.0,0.36,110.46,0.63,65.89,296.51,0.12
1762293600,2025-11-04 22:00:00,5.0,106.64,0.0,0.38,109.33,0.83,60.73,269.35,0.18
1762297200,2025-11-04 23:00:00,5.0,106.78,0.0,0.41,108.13,1.09,53.99,233.93,0.25
1762300800,2025-11-05 00:00:00,4.0,107.74,0.0,0.49,106.58,1.63,47.04,197.79,0.37
1762304400,2025-11-05 01:00:00,4.0,112.25,0.0,0.72,104.45,2.74,41.06,167.67,0.55
1762308000,2025-11-05 02:00:00,4.0,125.12,0.0,1.27,101.87,4.23,37.57,150.01,0.82
1762311600,2025-11-05 03:00:00,4.0,146.26,0.07,2.38,99.55,5.6,36.13,141.06,1.17
1762315200,2025-11-05 04:00:00,4.0,171.68,0.3,2.98,99.51,6.6,35.52,134.07,1.54
1762318800,2025-11-05 05:00:00,4.0,196.48,0.42,3.03,105.28,7.11,35.99,128.31,1.87
1762322400,2025-11-05 06:00:00,4.0,216.56,0.35,2.51,116.6,7.07,38.48,125.22,2.11
1762326000,2025-11-05 07:00:00,4.0,230.9,0.23,1.82,128.64,6.63,43.12,126.22,2.24
1762329600,2025-11-05 08:00:00,4.0,244.2,0.16,1.35,138.55,6.05,49.0,130.28,2.35
1762333200,2025-11-05 09:00:00,4.0,254.3,0.12,1.12,146.13,5.5,53.94,134.32,2.39
1762336800,2025-11-05 10:00:00,4.0,259.84,0.1,1.06,151.99,5.06,57.03,136.93,2.33
1762340400,2025-11-05 11:00:00,4.0,260.65,0.08,1.09,154.93,4.69,58.23,137.05,2.21
1762344000,2025-11-05 12:00:00,4.0,258.66,0.05,1.19,156.06,4.39,58.3,135.78,2.05
1762347600,2025-11-05 13:00:00,4.0,256.15,0.01,1.26,155.65,4.16,57.96,134.35,1.9
1762351200,2025-11-05 14:00:00,4.0,252.99,0.0,1.02,154.59,4.0,57.69,133.28,1.76
1762354800,2025-11-05 15:00:00,4.0,247.84,0.0,0.82,153.77,3.87,57.27,132.57,1.61
1762358400,2025-11-05 16:00:00,4.0,241.92,0.0,0.71,152.48,3.78,56.75,131.73,1.46
1762362000,2025-11-05 17:00:00,4.0,237.99,0.0,0.65,151.85,3.76,56.57,131.62,1.33
1762365600,2025-11-05 18:00:00,4.0,234.71,0.0,0.61,151.68,3.84,56.6,132.15,1.21
1762369200,2025-11-05 19:00:00,4.0,231.5,0.0,0.58,151.33,3.95,56.6,132.36,1.09
1762372800,2025-11-05 20:00:00,4.0,228.77,0.0,0.56,150.19,4.01,56.61,131.97,0.97
1762376400,2025-11-05 21:00:00,4.0,229.33,0.0,0.56,148.75,4.03,56.65,131.22,0.89
1762380000,2025-11-05 22:00:00,4.0,234.88,0.0,0.65,146.61,4.08,56.71,130.79,0.87
1762383600,2025-11-05 23:00:00,4.0,243.17,0.0,0.78,143.96,4.25,56.69,130.98,0.9
1762387200,2025-11-06 00:00:00,4.0,256.59,0.0,0.96,140.55,4.59,56.55,131.98,1.01
1762390800,2025-11-06 01:00:00,4.0,265.17,0.0,1.11,138.26,5.82,55.09,130.97,1.15
1762394400,2025-11-06 02:00:00,4.0,272.62,0.0,1.23,134.42,6.79,53.38,129.24,1.26
1762398000,2025-11-06 03:00:00,4.0,276.04,0.02,1.62,131.32,7.5,51.76,127.63,1.31
1762401600,2025-11-06 04:00:00,4.0,284.01,0.12,1.98,129.41,8.39,50.52,125.83,1.41
1762405200,2025-11-06 05:00:00,4.0,301.55,0.21,2.17,131.42,9.24,50.89,125.95,1.58
1762408800,2025-11-06 06:00:00,4.0,318.09,0.21,2.0,137.73,9.96,53.37,127.85,1.72
1762412400,2025-11-06 07:00:00,4.0,327.85,0.16,1.58,146.62,10.46,57.7,131.05,1.76
1762416000,2025-11-06 08:00:00,4.0,335.34,0.12,1.31,155.25,10.95,62.63,134.49,1.81
1762419600,2025-11-06 09:00:00,4.0,340.69,0.1,1.24,163.1,11.64,66.79,137.03,1.83
1762423200,2025-11-06 10:00:00,4.0,334.1,0.09,1.23,170.03,12.17,68.7,136.91,1.71
1762426800,2025-11-06 11:00:00,4.0,319.83,0.07,1.26,173.25,11.97,68.9,135.72,1.5
1762430400,2025-11-06 12:00:00,4.0,301.12,0.04,1.34,172.59,11.53,67.32,133.09,1.27
1762434000,2025-11-06 13:00:00,4.0,272.85,0.0,1.26,168.22,10.88,63.18,127.15,0.95
1762437600,2025-11-06 14:00:00,4.0,247.05,0.0,0.89,163.43,9.78,59.41,121.29,0.72
1762441200,2025-11-06 15:00:00,4.0,220.78,0.0,0.63,157.73,8.26,55.41,115.04,0.51
1762444800,2025-11-06 16:00:00,4.0,195.98,0.0,0.48,151.18,6.75,51.21,108.32,0.34
1762448400,2025-11-06 17:00:00,4.0,176.56,0.0,0.37,144.62,5.4,47.77,102.96,0.21
1762452000,2025-11-06 18:00:00,3.0,159.79,0.0,0.29,137.62,4.19,44.65,98.4,0.11
1762455600,2025-11-06 19:00:00,3.0,146.1,0.0,0.22,130.66,3.23,41.89,94.65,0.04
1762459200,2025-11-06 20:00:00,3.0,135.92,0.0,0.18,124.79,2.52,39.68,91.72,0.01
1762462800,2025-11-06 21:00:00,3.0,127.89,0.0,0.15,119.88,2.0,37.74,89.02,0.0
1762466400,2025-11-06 22:00:00,3.0,120.86,0.0,0.12,115.88,1.57,35.98,86.77,0.0
1762470000,2025-11-06 23:00:00,3.0,114.92,0.0,0.1,112.07,1.23,34.59,85.32,0.0
1762473600,2025-11-07 00:00:00,3.0,110.37,0.0,0.09,108.98,0.96,33.65,84.83,0.0
1762477200,2025-11-07 01:00:00,3.0,107.15,0.0,0.08,106.4,0.75,33.2,85.69,0.01
1762480800,2025-11-07 02:00:00,3.0,105.12,0.0,0.08,104.42,0.61,33.04,87.51,0.02
1762484400,2025-11-07 03:00:00,3.0,103.96,0.0,0.12,102.76,0.53,33.11,90.16,0.03
1762488000,2025-11-07 04:00:00,3.0,103.58,0.01,0.13,102.49,0.51,32.7,91.3,0.05
1762491600,2025-11-07 05:00:00,3.0,104.59,0.01,0.12,101.89,0.52,32.42,91.83,0.07
1762495200,2025-11-07 06:00:00,3.0,105.67,0.02,0.11,101.09,0.52,32.46,92.35,0.08
1762498800,2025-11-07 07:00:00,3.0,106.36,0.01,0.1,100.16,0.5,32.45,92.06,0.08
1762502400,2025-11-07 08:00:00,3.0,106.96,0.01,0.1,99.22,0.48,32.47,91.48,0.09
1762506000,2025-11-07 09:00:00,3.0,107.85,0.01,0.1,99.0,0.47,32.46,90.17,0.09
1762509600,2025-11-07 10:00:00,3.0,108.64,0.01,0.11,99.69,0.46,32.13,87.91,0.09
1762513200,2025-11-07 11:00:00,3.0,108.53,0.01,0.12,99.98,0.45,31.41,84.75,0.09
1762516800,2025-11-07 12:00:00,3.0,108.51,0.01,0.14,100.67,0.44,30.43,80.87,0.09
1762520400,2025-11-07 13:00:00,3.0,108.68,0.0,0.17,101.67,0.45,29.44,76.82,0.09
1762524000,2025-11-07 14:00:00,3.0,108.56,0.0,0.16,102.68,0.47,28.39,72.83,0.09
1762527600,2025-11-07 15:00:00,3.0,108.15,0.0,0.15,103.65,0.48,27.29,68.67,0.08
1762531200,2025-11-07 16:00:00,3.0,107.57,0.0,0.13,104.52,0.49,26.04,64.27,0.07
1762534800,2025-11-07 17:00:00,3.0,107.18,0.0,0.12,105.25,0.48,24.79,60.16,0.06
1762538400,2025-11-07 18:00:00,3.0,106.64,0.0,0.11,105.96,0.46,23.44,55.93,0.06
1762542000,2025-11-07 19:00:00,3.0,105.99,0.0,0.1,106.8,0.46,21.98,51.45,0.05
1762545600,2025-11-07 20:00:00,3.0,105.35,0.0,0.1,108.19,0.47,20.46,46.84,0.04
1762549200,2025-11-07 21:00:00,3.0,104.83,0.0,0.09,109.99,0.52,18.97,42.37,0.03
1762552800,2025-11-07 22:00:00,3.0,104.85,0.0,0.09,113.83,0.7,17.25,36.69,0.02
1762556400,2025-11-07 23:00:00,3.0,103.96,0.0,0.09,114.66,0.72,16.02,33.44,0.02
1762560000,2025-11-08 00:00:00,3.0,102.78,0.0,0.08,114.41,0.67,15.13,31.62,0.02
1762563600,2025-11-08 01:00:00,3.0,102.03,0.0,0.08,114.49,0.63,14.35,30.09,0.02
1762567200,2025-11-08 02:00:00,3.0,101.58,0.0,0.07,114.96,0.58,13.71,29.0,0.02
1762570800,2025-11-08 03:00:00,3.0,101.27,0.0,0.11,115.42,0.55,13.36,28.61,0.01
1762574400,2025-11-08 04:00:00,3.0,100.59,0.01,0.1,115.13,0.54,13.03,28.01,0.01
1762578000,2025-11-08 05:00:00,3.0,100.03,0.01,0.08,114.82,0.54,12.94,27.92,0.01
1762581600,2025-11-08 06:00:00,3.0,99.5,0.01,0.07,113.95,0.53,13.07,28.54,0.01
1762585200,2025-11-08 07:00:00,3.0,98.81,0.01,0.06,112.84,0.52,13.3,29.52,0.01
1762588800,2025-11-08 08:00:00,3.0,98.13,0.01,0.05,111.33,0.5,13.56,30.71,0.01
1762592400,2025-11-08 09:00:00,3.0,97.32,0.01,0.05,110.03,0.49,13.73,31.83,0.0
1762596000,2025-11-08 10:00:00,3.0,96.9,0.01,0.05,109.5,0.47,13.83,33.0,0.0
1762599600,2025-11-08 11:00:00,3.0,96.34,0.01,0.06,108.53,0.44,14.38,35.92,0.0
1762603200,2025-11-08 12:00:00,3.0,95.95,0.0,0.06,107.73,0.41,15.19,39.81,0.0
1762606800,2025-11-08 13:00:00,3.0,96.08,0.0,0.08,107.16,0.38,16.28,44.84,0.0
1762610400,2025-11-08 14:00:00,3.0,96.43,0.0,0.07,106.45,0.35,17.54,50.52,0.0
1762614000,2025-11-08 15:00:00,3.0,97.0,0.0,0.07,106.01,0.33,18.65,55.62,0.0
1762617600,2025-11-08 16:00:00,3.0,97.43,0.0,0.07,105.46,0.32,19.66,60.38,0.0
1762621200,2025-11-08 17:00:00,3.0,98.22,0.0,0.07,104.72,0.3,20.84,65.57,0.01
1762624800,2025-11-08 18:00:00,3.0,99.03,0.0,0.07,104.18,0.28,21.94,70.36,0.01
1762628400,2025-11-08 19:00:00,3.0,99.56,0.0,0.07,103.5,0.27,22.82,74.25,0.01
1762632000,2025-11-08 20:00:00,3.0,100.07,0.0,0.07,103.08,0.26,23.61,77.65,0.01
1762635600,2025-11-08 21:00:00,3.0,100.61,0.0,0.07,102.73,0.25,24.36,80.72,0.01
1762639200,2025-11-08 22:00:00,3.0,101.24,0.0,0.07,102.48,0.24,24.99,83.51,0.0
1762642800,2025-11-08 23:00:00,3.0,101.65,0.0,0.07,102.58,0.24,25.36,85.09,0.0
1762646400,2025-11-09 00:00:00,3.0,101.86,0.0,0.07,102.78,0.24,25.56,85.88,0.0
1762650000,2025-11-09 01:00:00,3.0,102.31,0.0,0.07,103.2,0.24,25.53,85.54,0.0
1762653600,2025-11-09 02:00:00,3.0,102.42,0.0,0.07,104.25,0.25,25.18,83.82,0.0
1762657200,2025-11-09 03:00:00,3.0,102.5,0.0,0.1,105.78,0.26,24.74,81.8,0.0
1762660800,2025-11-09 04:00:00,3.0,102.16,0.01,0.1,106.82,0.28,24.22,79.4,0.0
1762664400,2025-11-09 05:00:00,3.0,102.07,0.01,0.08,107.64,0.29,23.89,77.94,0.0
1762668000,2025-11-09 06:00:00,3.0,101.91,0.01,0.07,107.8,0.3,23.85,77.71,0.0
1762671600,2025-11-09 07:00:00,3.0,102.16,0.01,0.06,107.42,0.31,24.03,78.46,0.0
1762675200,2025-11-09 08:00:00,3.0,102.21,0.01,0.05,106.53,0.32,24.27,79.58,0.0
1762678800,2025-11-09 09:00:00,3.0,102.35,0.01,0.05,105.76,0.32,24.55,80.8,0.0
1762682400,2025-11-09 10:00:00,3.0,103.18,0.01,0.05,105.65,0.33,25.02,82.83,0.0
1762686000,2025-11-09 11:00:00,3.0,103.8,0.01,0.06,105.84,0.34,25.42,84.62,0.0
1762689600,2025-11-09 12:00:00,3.0,104.36,0.0,0.07,106.19,0.35,25.76,86.05,0.0
1762693200,2025-11-09 13:00:00,3.0,105.06,0.0,0.09,106.79,0.35,26.07,87.17,0.0
1762696800,2025-11-09 14:00:00,3.0,105.61,0.0,0.09,107.21,0.36,26.29,87.84,0.0
1762700400,2025-11-09 15:00:00,3.0,105.92,0.0,0.09,107.61,0.36,26.43,88.12,0.0
1762704000,2025-11-09 16:00:00,3.0,106.04,0.0,0.08,107.92,0.36,26.37,87.68,0.0
1762707600,2025-11-09 17:00:00,3.0,106.01,0.0,0.08,108.23,0.36,26.25,86.82,0.0
1762711200,2025-11-09 18:00:00,3.0,106.01,0.0,0.07,108.53,0.36,26.11,85.89,0.0
1762714800,2025-11-09 19:00:00,3.0,105.73,0.0,0.07,108.81,0.36,25.86,84.57,0.0
1762718400,2025-11-09 20:00:00,3.0,105.57,0.0,0.07,108.97,0.36,25.55,82.98,0.0
1762722000,2025-11-09 21:00:00,3.0,105.31,0.0,0.07,109.16,0.35,25.22,81.31,0.0
1762725600,2025-11-09 22:00:00,3.0,105.15,0.0,0.06,109.16,0.35,25.04,80.3,0.0
1762729200,2025-11-09 23:00:00,3.0,105.15,0.0,0.06,108.98,0.34,24.97,79.86,0.0
1762732800,2025-11-10 00:00:00,3.0,105.09,0.0,0.06,108.81,0.34,24.87,79.37,0.0
1762736400,2025-11-10 01:00:00,3.0,105.26,0.0,0.06,108.67,0.33,24.77,78.81,0.0
1762740000,2025-11-10 02:00:00,3.0,105.41,0.0,0.05,108.76,0.32,24.65,77.99,0.0
1762743600,2025-11-10 03:00:00,3.0,105.61,0.0,0.08,108.91,0.32,24.48,77.12,0.0
1762747200,2025-11-10 04:00:00,3.0,105.17,0.0,0.07,108.19,0.31,24.16,75.81,0.0
1762750800,2025-11-10 05:00:00,3.0,104.99,0.01,0.06,107.75,0.3,23.93,74.58,0.0
1762754400,2025-11-10 06:00:00,3.0,104.67,0.01,0.05,106.74,0.3,23.65,73.29,0.0
1762758000,2025-11-10 07:00:00,3.0,104.13,0.01,0.04,105.37,0.29,23.33,71.88,0.0
1762761600,2025-11-10 08:00:00,3.0,103.53,0.0,0.04,103.54,0.28,22.98,70.43,0.0
1762765200,2025-11-10 09:00:00,3.0,102.88,0.0,0.04,101.8,0.27,22.64,69.07,0.0
1762768800,2025-11-10 10:00:00,3.0,102.8,0.0,0.04,100.94,0.26,22.3,67.69,0.0
1762772400,2025-11-10 11:00:00,3.0,102.64,0.0,0.04,100.29,0.25,21.83,65.94,0.0
1762776000,2025-11-10 12:00:00,3.0,102.37,0.0,0.05,100.15,0.25,21.36,64.07,0.0
1762779600,2025-11-10 13:00:00,3.0,102.59,0.0,0.06,100.47,0.25,20.93,62.31,0.0
1762783200,2025-11-10 14:00:00,3.0,102.65,0.0,0.06,101.06,0.25,20.5,60.56,0.0
1762786800,2025-11-10 15:00:00,3.0,102.76,0.0,0.06,101.6,0.25,20.06,58.75,0.0
1762790400,2025-11-10 16:00:00,3.0,102.69,0.0,0.06,102.15,0.25,19.62,56.97,0.0
1762794000,2025-11-10 17:00:00,3.0,102.67,0.0,0.06,102.75,0.25,19.29,55.57,0.0
1762797600,2025-11-10 18:00:00,3.0,102.62,0.0,0.05,103.29,0.25,19.03,54.36,0.0
1762801200,2025-11-10 19:00:00,3.0,102.65,0.0,0.05,103.55,0.25,18.8,53.26,0.0
1762804800,2025-11-10 20:00:00,3.0,102.7,0.0,0.05,103.77,0.25,18.61,52.4,0.0
1762808400,2025-11-10 21:00:00,3.0,102.72,0.0,0.05,103.97,0.25,18.5,51.72,0.0
1762812000,2025-11-10 22:00:00,3.0,102.59,0.0,0.05,103.86,0.25,18.41,51.17,0.0
1762815600,2025-11-10 23:00:00,3.0,102.61,0.0,0.05,103.81,0.25,18.38,50.87,0.0
1762819200,2025-11-11 00:00:00,3.0,102.64,0.0,0.04,103.66,0.24,18.37,50.71,0.0
1762822800,2025-11-11 01:00:00,3.0,102.56,0.0,0.04,103.81,0.24,18.4,50.64,0.0
1762826400,2025-11-11 02:00:00,3.0,102.92,0.0,0.04,103.93,0.23,18.45,50.6,0.0
1762830000,2025-11-11 03:00:00,3.0,103.05,0.0,0.06,104.21,0.23,18.49,50.47,0.0
1762833600,2025-11-11 04:00:00,3.0,102.8,0.0,0.05,103.78,0.23,18.48,50.14,0.0
1762837200,2025-11-11 05:00:00,3.0,102.66,0.0,0.04,103.4,0.22,18.5,49.92,0.0
1762840800,2025-11-11 06:00:00,3.0,102.34,0.0,0.03,102.66,0.22,18.53,49.58,0.0
1762844400,2025-11-11 07:00:00,3.0,101.83,0.0,0.03,101.3,0.22,18.55,49.29,0.0
1762848000,2025-11-11 08:00:00,2.0,101.34,0.0,0.03,99.47,0.21,18.59,49.04,0.0
1762851600,2025-11-11 09:00:00,2.0,100.77,0.0,0.03,97.66,0.2,18.63,48.87,0.0
1762855200,2025-11-11 10:00:00,2.0,100.7,0.0,0.03,96.61,0.2,18.68,48.74,0.0
1762858800,2025-11-11 11:00:00,2.0,100.58,0.0,0.03,95.87,0.2,18.61,48.3,0.0
1762862400,2025-11-11 12:00:00,2.0,100.38,0.0,0.04,95.84,0.2,18.51,47.79,0.0
1762866000,2025-11-11 13:00:00,2.0,100.63,0.0,0.05,96.21,0.2,18.43,47.29,0.0
1762869600,2025-11-11 14:00:00,2.0,100.69,0.0,0.05,96.78,0.21,18.33,46.73,0.0
1762873200,2025-11-11 15:00:00,2.0,100.84,0.0,0.05,97.3,0.22,18.23,46.17,0.0
1762876800,2025-11-11 16:00:00,2.0,100.8,0.0,0.05,97.52,0.22,18.13,45.64,0.0
1762880400,2025-11-11 17:00:00,2.0,100.84,0.0,0.05,97.87,0.23,18.11,45.27,0.0
1762884000,2025-11-11 18:00:00,2.0,100.91,0.0,0.05,98.21,0.23,18.08,44.93,0.0
1762887600,2025-11-11 19:00:00,2.0,100.82,0.0,0.05,98.39,0.24,18.04,44.49,0.0
1762891200,2025-11-11 20:00:00,2.0,100.84,0.0,0.04,98.61,0.25,17.99,44.05,0.0
1762894800,2025-11-11 21:00:00,2.0,100.86,0.0,0.04,98.96,0.25,17.92,43.55,0.0
1762898400,2025-11-11 22:00:00,2.0,100.87,0.0,0.04,99.18,0.26,17.81,43.08,0.0
1762902000,2025-11-11 23:00:00,2.0,101.04,0.0,0.04,99.3,0.26,17.72,42.77,0.0
1762905600,2025-11-12 00:00:00,2.0,101.08,0.0,0.04,99.51,0.26,17.63,42.57,0.0
1762909200,2025-11-12 01:00:00,2.0,101.27,0.0,0.04,99.69,0.26,17.52,42.37,0.0
1762912800,2025-11-12 02:00:00,3.0,101.62,0.0,0.04,100.15,0.27,17.4,42.13,0.0
1762916400,2025-11-12 03:00:00,3.0,102.03,0.0,0.06,100.51,0.28,17.28,41.81,0.0
1762920000,2025-11-12 04:00:00,3.0,101.93,0.0,0.05,100.45,0.3,17.11,41.25,0.0
1762923600,2025-11-12 05:00:00,3.0,102.07,0.01,0.05,100.03,0.31,17.01,40.71,0.0
1762927200,2025-11-12 06:00:00,2.0,101.91,0.01,0.04,99.35,0.34,16.95,40.28,0.0
1762930800,2025-11-12 07:00:00,2.0,101.86,0.01,0.04,98.41,0.36,16.93,39.88,0.0
1762934400,2025-11-12 08:00:00,2.0,101.5,0.01,0.04,97.27,0.37,16.88,39.39,0.0
1762938000,2025-11-12 09:00:00,2.0,101.2,0.01,0.04,96.41,0.4,16.89,38.82,0.0
1762941600,2025-11-12 10:00:00,2.0,101.44,0.01,0.05,96.49,0.43,16.94,38.25,0.0
1762945200,2025-11-12 11:00:00,2.0,101.4,0.01,0.05,96.55,0.44,16.89,37.53,0.0
1762948800,2025-11-12 12:00:00,2.0,101.29,0.0,0.06,96.78,0.46,16.8,36.75,0.0
1762952400,2025-11-12 13:00:00,2.0,101.65,0.0,0.08,97.7,0.48,16.79,36.03,0.0
1762956000,2025-11-12 14:00:00,2.0,101.91,0.0,0.08,98.39,0.5,16.77,35.39,0.0
1762959600,2025-11-12 15:00:00,2.0,102.12,0.0,0.08,99.0,0.51,16.74,34.84,0.0
1762963200,2025-11-12 16:00:00,2.0,102.07,0.0,0.07,99.32,0.51,16.67,34.26,0.0
1762966800,2025-11-12 17:00:00,2.0,102.21,0.0,0.07,99.55,0.52,16.66,33.86,0.0
1762970400,2025-11-12 18:00:00,3.0,102.33,0.0,0.07,100.01,0.52,16.65,33.44,0.0
1762974000,2025-11-12 19:00:00,3.0,102.47,0.0,0.06,100.41,0.53,16.63,33.0,0.0
1762977600,2025-11-12 20:00:00,3.0,102.62,0.0,0.06,101.1,0.54,16.64,32.71,0.0
1762981200,2025-11-12 21:00:00,3.0,103.12,0.0,0.06,101.78,0.57,16.74,32.72,0.0
1762984800,2025-11-12 22:00:00,3.0,103.56,0.0,0.06,102.8,0.61,16.93,33.15,0.0
1762988400,2025-11-12 23:00:00,3.0,103.9,0.0,0.06,103.7,0.66,17.23,33.96,0.0
1762992000,2025-11-13 00:00:00,3.0,104.66,0.0,0.06,104.55,0.73,17.63,35.09,0.0
1762995600,2025-11-13 01:00:00,3.0,105.72,0.0,0.07,105.48,0.82,18.14,36.41,0.0
1762999200,2025-11-13 02:00:00,3.0,106.66,0.0,0.07,106.5,0.92,18.66,37.77,0.0
1763002800,2025-11-13 03:00:00,3.0,107.7,0.0,0.1,107.37,1.02,19.14,39.04,0.0
1763006400,2025-11-13 04:00:00,3.0,109.2,0.01,0.11,108.66,1.22,19.62,39.84,0.0
1763010000,2025-11-13 05:00:00,3.0,111.01,0.01,0.11,109.62,1.39,20.15,40.68,0.0
1763013600,2025-11-13 06:00:00,3.0,112.7,0.01,0.11,109.44,1.51,20.69,41.72,0.0
1763017200,2025-11-13 07:00:00,3.0,113.87,0.01,0.1,108.88,1.55,21.2,42.72,0.0
1763020800,2025-11-13 08:00:00,3.0,114.68,0.01,0.1,107.93,1.57,21.68,43.59,0.0
1763024400,2025-11-13 09:00:00,3.0,116.25,0.01,0.11,107.64,1.65,22.3,44.5,0.0
1763028000,2025-11-13 10:00:00,3.0,118.68,0.01,0.12,109.04,1.84,23.19,45.54,0.0
1763031600,2025-11-13 11:00:00,3.0,119.95,0.01,0.14,110.3,1.99,23.85,46.2,0.0
1763035200,2025-11-13 12:00:00,3.0,120.35,0.01,0.17,111.25,2.09,24.19,46.34,0.0
1763038800,2025-11-13 13:00:00,3.0,120.44,0.0,0.2,112.04,2.15,24.36,46.25,0.0
1763042400,2025-11-13 14:00:00,3.0,119.69,0.0,0.18,111.6,2.06,24.15,45.78,0.0
1763046000,2025-11-13 15:00:00,3.0,118.67,0.0,0.16,111.27,1.95,23.86,45.13,0.0
1763049600,2025-11-13 16:00:00,3.0,117.96,0.0,0.15,111.09,1.88,23.66,44.56,0.0
1763053200,2025-11-13 17:00:00,3.0,117.79,0.0,0.14,111.1,1.87,23.63,44.4,0.0
1763056800,2025-11-13 18:00:00,3.0,118.06,0.0,0.13,111.2,1.89,23.71,44.62,0.0
1763060400,2025-11-13 19:00:00,3.0,118.73,0.0,0.13,111.17,1.95,23.93,45.26,0.0
1763064000,2025-11-13 20:00:00,3.0,118.08,0.0,0.13,110.17,1.87,23.68,45.13,0.0
1763067600,2025-11-13 21:00:00,3.0,117.07,0.0,0.12,108.95,1.73,23.24,44.75,0.0
1763071200,2025-11-13 22:00:00,3.0,116.07,0.0,0.11,107.94,1.61,22.77,44.48,0.0
1763074800,2025-11-13 23:00:00,3.0,115.55,0.0,0.1,107.31,1.55,22.43,44.55,0.0
1763078400,2025-11-14 00:00:00,3.0,115.91,0.0,0.1,107.62,1.62,22.4,45.12,0.0
1763082000,2025-11-14 01:00:00,3.0,125.77,0.0,0.15,113.44,2.8,25.38,50.69,0.0
1763085600,2025-11-14 02:00:00,3.0,132.49,0.0,0.18,116.61,3.66,27.1,54.23,0.0
1763089200,2025-11-14 03:00:00,3.0,133.79,0.0,0.25,117.27,3.95,27.2,55.05,0.0
1763092800,2025-11-14 04:00:00,3.0,133.41,0.01,0.27,116.34,3.99,26.79,54.8,0.0
1763096400,2025-11-14 05:00:00,3.0,131.77,0.02,0.26,115.05,3.76,26.01,53.68,0.0
1763100000,2025-11-14 06:00:00,3.0,132.2,0.03,0.24,115.47,3.88,26.13,54.17,0.0
1763103600,2025-11-14 07:00:00,3.0,139.8,0.03,0.26,121.02,5.18,29.44,60.16,0.0
1763107200,2025-11-14 08:00:00,3.0,150.67,0.03,0.29,127.98,6.62,34.19,68.18,0.0
1763110800,2025-11-14 09:00:00,3.0,158.92,0.03,0.32,133.48,7.53,37.91,74.27,0.0
1763114400,2025-11-14 10:00:00,3.0,166.14,0.03,0.37,138.7,8.15,41.09,79.43,0.0
1763118000,2025-11-14 11:00:00,4.0,169.13,0.03,0.42,140.97,8.26,42.52,81.62,0.0
1763121600,2025-11-14 12:00:00,4.0,169.88,0.01,0.49,142.17,8.21,42.84,82.0,0.0
1763125200,2025-11-14 13:00:00,4.0,170.58,0.0,0.52,142.82,8.2,42.89,81.91,0.0
1763128800,2025-11-14 14:00:00,4.0,170.28,0.0,0.45,142.87,8.1,42.56,81.08,0.0
1763132400,2025-11-14 15:00:00,4.0,169.04,0.0,0.41,142.41,7.92,41.76,79.28,0.0
1763136000,2025-11-14 16:00:00,4.0,167.35,0.0,0.38,141.77,7.7,40.83,77.13,0.0
1763139600,2025-11-14 17:00:00,4.0,165.98,0.0,0.37,141.21,7.51,39.99,75.35,0.0
1763143200,2025-11-14 18:00:00,4.0,164.61,0.0,0.36,140.54,7.32,39.25,73.81,0.0
1763146800,2025-11-14 19:00:00,4.0,163.84,0.0,0.35,140.08,7.18,38.65,72.69,0.0
1763150400,2025-11-14 20:00:00,3.0,163.32,0.0,0.35,139.38,7.06,38.15,71.89,0.0
1763154000,2025-11-14 21:00:00,3.0,163.08,0.0,0.35,138.72,7.0,37.68,71.21,0.0
1763157600,2025-11-14 22:00:00,3.0,162.5,0.0,0.35,138.42,7.0,37.07,70.23,0.0
1763161200,2025-11-14 23:00:00,3.0,161.98,0.0,0.35,137.87,7.03,36.35,69.07,0.0
1763164800,2025-11-15 00:00:00,3.0,161.34,0.0,0.36,137.48,7.1,35.6,67.98,0.02
1763168400,2025-11-15 01:00:00,3.0,161.45,0.0,0.37,137.58,7.24,35.06,67.48,0.05
1763172000,2025-11-15 02:00:00,3.0,161.68,0.0,0.38,137.31,7.28,34.5,67.0,0.07
1763175600,2025-11-15 03:00:00,3.0,160.89,0.0,0.5,136.69,7.15,33.83,66.26,0.09
1763179200,2025-11-15 04:00:00,3.0,160.89,0.02,0.58,135.72,7.11,33.48,66.34,0.11
1763182800,2025-11-15 05:00:00,3.0,162.96,0.05,0.63,135.51,7.33,33.95,68.02,0.13
1763186400,2025-11-15 06:00:00,3.0,165.99,0.06,0.62,136.48,7.56,34.96,70.74,0.14
1763190000,2025-11-15 07:00:00,3.0,168.4,0.06,0.56,137.68,7.68,36.36,73.8,0.12
1763193600,2025-11-15 08:00:00,3.0,171.91,0.05,0.52,138.97,7.78,38.04,77.12,0.09
1763197200,2025-11-15 09:00:00,4.0,175.41,0.05,0.52,140.71,7.94,39.99,81.18,0.07
1763200800,2025-11-15 10:00:00,4.0,176.93,0.05,0.54,142.48,7.95,41.41,84.56,0.05
1763204400,2025-11-15 11:00:00,4.0,174.52,0.04,0.58,143.31,7.83,41.82,86.27,0.03
1763208000,2025-11-15 12:00:00,4.0,171.82,0.02,0.66,143.48,7.73,41.74,87.25,0.03
1763211600,2025-11-15 13:00:00,4.0,167.96,0.0,0.66,143.11,7.57,41.35,87.87,0.05
1763215200,2025-11-15 14:00:00,4.0,163.99,0.0,0.55,142.08,7.3,40.78,87.85,0.07
1763218800,2025-11-15 15:00:00,4.0,161.14,0.0,0.49,141.06,7.06,40.21,87.38,0.09
1763222400,2025-11-15 16:00:00,4.0,158.86,0.0,0.46,140.38,6.91,39.92,87.64,0.11
1763226000,2025-11-15 17:00:00,3.0,157.92,0.0,0.46,139.77,6.91,39.96,88.74,0.14
1763229600,2025-11-15 18:00:00,3.0,157.86,0.0,0.46,139.36,7.05,40.19,90.4,0.18
1763233200,2025-11-15 19:00:00,3.0,158.86,0.0,0.48,139.21,7.32,40.58,92.57,0.22
1763236800,2025-11-15 20:00:00,3.0,161.68,0.0,0.54,138.89,7.83,41.22,95.74,0.3
1763240400,2025-11-15 21:00:00,3.0,168.29,0.0,0.68,138.37,8.67,42.13,99.77,0.45
1763244000,2025-11-15 22:00:00,4.0,176.39,0.0,0.85,137.92,9.8,43.22,104.79,0.62
1763247600,2025-11-15 23:00:00,4.0,185.7,0.0,1.04,136.57,10.94,44.52,110.87,0.83
1763251200,2025-11-16 00:00:00,4.0,195.37,0.0,1.21,134.47,11.79,45.86,117.39,1.07
1763254800,2025-11-16 01:00:00,4.0,203.0,0.0,1.3,131.91,12.13,47.09,123.62,1.29
1763258400,2025-11-16 02:00:00,4.0,205.4,0.0,1.29,130.22,11.86,47.83,127.79,1.44
1763262000,2025-11-16 03:00:00,4.0,204.06,0.01,1.57,129.03,11.28,48.08,129.93,1.52
1763265600,2025-11-16 04:00:00,4.0,206.15,0.08,1.86,127.53,10.64,48.65,132.2,1.64
1763269200,2025-11-16 05:00:00,4.0,214.98,0.17,1.99,127.56,10.26,50.53,137.15,1.84
1763272800,2025-11-16 06:00:00,4.0,222.86,0.2,1.87,130.74,9.95,53.17,141.97,1.98
1763276400,2025-11-16 07:00:00,4.0,229.71,0.17,1.58,135.91,9.88,56.8,147.22,2.03
1763280000,2025-11-16 08:00:00,4.0,236.75,0.13,1.28,141.78,9.98,61.37,153.35,2.03
1763283600,2025-11-16 09:00:00,4.0,239.04,0.1,1.07,146.47,9.84,64.6,155.98,1.94
1763287200,2025-11-16 10:00:00,4.0,238.91,0.08,1.01,151.11,9.63,66.28,155.53,1.79
1763290800,2025-11-16 11:00:00,4.0,239.27,0.06,1.08,155.05,9.52,66.93,153.48,1.64
1763294400,2025-11-16 12:00:00,4.0,236.96,0.03,1.23,157.2,9.5,66.24,149.61,1.51
1763298000,2025-11-16 13:00:00,4.0,233.36,0.0,1.27,157.78,9.49,64.74,144.65,1.4
1763301600,2025-11-16 14:00:00,4.0,225.98,0.0,0.99,156.98,9.33,62.46,139.08,1.28
1763305200,2025-11-16 15:00:00,4.0,216.46,0.0,0.8,155.67,9.05,59.95,133.93,1.18
1763308800,2025-11-16 16:00:00,4.0,200.48,0.0,0.67,152.87,8.44,55.42,125.12,1.05
1763312400,2025-11-16 17:00:00,4.0,190.27,0.0,0.65,151.22,8.39,52.33,120.09,0.98
1763316000,2025-11-16 18:00:00,4.0,187.22,0.0,0.71,150.79,9.09,51.41,120.17,0.97
1763319600,2025-11-16 19:00:00,4.0,187.83,0.0,0.81,150.96,10.1,50.89,121.5,1.01
1763323200,2025-11-16 20:00:00,4.0,192.93,0.0,0.99,149.61,10.96,51.03,124.42,1.11
1763326800,2025-11-16 21:00:00,4.0,200.99,0.0,1.21,147.04,11.74,51.41,128.62,1.27
1763330400,2025-11-16 22:00:00,4.0,207.29,0.0,1.36,143.73,12.18,51.52,132.61,1.43
1763334000,2025-11-16 23:00:00,4.0,211.66,0.0,1.45,140.03,12.26,51.21,135.47,1.59
1763337600,2025-11-17 00:00:00,4.0,215.09,0.0,1.51,136.13,12.09,50.55,136.86,1.73
1763341200,2025-11-17 01:00:00,4.0,217.25,0.0,1.53,132.59,11.72,49.75,136.83,1.87
1763344800,2025-11-17 02:00:00,4.0,217.92,0.0,1.49,129.87,11.33,48.84,135.58,1.97
1763348400,2025-11-17 03:00:00,4.0,217.22,0.01,1.84,128.66,10.95,47.96,133.34,2.03
1763352000,2025-11-17 04:00:00,4.0,217.95,0.1,2.05,127.83,10.6,47.36,130.85,2.11
1763355600,2025-11-17 05:00:00,4.0,223.13,0.18,1.99,129.25,10.33,47.92,130.48,2.21
1763359200,2025-11-17 06:00:00,4.0,227.73,0.18,1.71,133.07,10.13,49.43,131.07,2.24
1763362800,2025-11-17 07:00:00,4.0,228.34,0.14,1.29,138.07,10.06,51.6,132.06,2.16
1763366400,2025-11-17 08:00:00,4.0,227.44,0.1,0.97,142.38,10.1,54.14,133.62,2.02
1763370000,2025-11-17 09:00:00,4.0,224.29,0.08,0.82,145.51,10.07,55.8,133.29,1.84
1763373600,2025-11-17 10:00:00,4.0,216.35,0.06,0.75,148.06,9.75,55.65,130.01,1.62
1763377200,2025-11-17 11:00:00,4.0,205.93,0.05,0.73,148.72,9.1,53.79,124.11,1.4
1763380800,2025-11-17 12:00:00,4.0,197.7,0.02,0.76,148.22,8.58,51.77,118.48,1.24
1763384400,2025-11-17 13:00:00,4.0,189.26,0.0,0.74,146.96,8.03,49.18,111.89,1.1
1763388000,2025-11-17 14:00:00,4.0,181.29,0.0,0.58,145.2,7.46,46.49,105.17,0.97
1763391600,2025-11-17 15:00:00,4.0,175.51,0.0,0.49,143.49,7.07,44.66,100.55,0.87
1763395200,2025-11-17 16:00:00,4.0,171.42,0.0,0.43,141.81,6.77,43.18,96.7,0.79
1763398800,2025-11-17 17:00:00,4.0,168.08,0.0,0.4,140.36,6.51,41.94,93.42,0.73
1763402400,2025-11-17 18:00:00,3.0,164.53,0.0,0.37,138.81,6.25,40.75,90.6,0.67
1763406000,2025-11-17 19:00:00,3.0,161.52,0.0,0.34,137.35,5.97,39.64,87.96,0.61
1763409600,2025-11-17 20:00:00,3.0,158.72,0.0,0.31,136.07,5.77,38.73,85.85,0.57
1763413200,2025-11-17 21:00:00,3.0,156.79,0.0,0.3,134.93,5.63,38.01,84.08,0.53
1763416800,2025-11-17 22:00:00,3.0,155.1,0.0,0.28,133.91,5.55,37.36,82.58,0.48
1763420400,2025-11-17 23:00:00,3.0,153.41,0.0,0.27,133.02,5.52,36.76,81.05,0.45
1763424000,2025-11-18 00:00:00,3.0,152.43,0.0,0.26,132.46,5.54,36.27,79.77,0.42
1763427600,2025-11-18 01:00:00,3.0,151.54,0.0,0.26,132.1,5.62,35.95,78.88,0.41
1763431200,2025-11-18 02:00:00,3.0,150.91,0.0,0.25,131.39,5.73,35.6,78.29,0.39
1763434800,2025-11-18 03:00:00,3.0,149.93,0.0,0.32,130.67,5.82,35.15,77.6,0.36
1763438400,2025-11-18 04:00:00,3.0,149.62,0.02,0.36,128.83,6.0,34.77,77.31,0.35
1763442000,2025-11-18 05:00:00,3.0,150.64,0.03,0.39,127.46,6.3,34.75,78.05,0.34
1763445600,2025-11-18 06:00:00,3.0,153.67,0.05,0.43,126.3,6.69,35.08,79.56,0.32
1763449200,2025-11-18 07:00:00,3.0,155.6,0.05,0.43,126.23,7.05,35.7,81.34,0.28
1763452800,2025-11-18 08:00:00,3.0,158.83,0.05,0.43,126.9,7.52,36.82,83.6,0.24
1763456400,2025-11-18 09:00:00,3.0,164.39,0.05,0.45,129.59,8.24,38.57,86.24,0.21
1763460000,2025-11-18 10:00:00,3.0,168.89,0.05,0.49,132.95,8.71,40.11,87.82,0.18
1763463600,2025-11-18 11:00:00,3.0,170.83,0.04,0.55,135.63,8.8,40.78,87.35,0.17
1763467200,2025-11-18 12:00:00,3.0,172.63,0.02,0.64,138.01,8.82,40.94,85.87,0.18
1763470800,2025-11-18 13:00:00,4.0,174.25,0.0,0.69,140.21,8.8,40.72,83.65,0.22
1763474400,2025-11-18 14:00:00,4.0,175.34,0.0,0.6,141.88,8.68,40.27,80.87,0.26
1763478000,2025-11-18 15:00:00,4.0,176.04,0.0,0.54,143.31,8.5,39.75,77.98,0.3
1763481600,2025-11-18 16:00:00,4.0,176.37,0.0,0.51,144.56,8.35,39.26,75.08,0.35
1763485200,2025-11-18 17:00:00,4.0,176.3,0.0,0.48,145.48,8.17,38.82,72.88,0.38
1763488800,2025-11-18 18:00:00,4.0,175.63,0.0,0.46,145.52,8.0,38.49,71.61,0.41
1763492400,2025-11-18 19:00:00,4.0,174.87,0.0,0.44,145.12,7.84,38.29,71.05,0.43
1763496000,2025-11-18 20:00:00,4.0,173.9,0.0,0.42,144.8,7.74,38.25,71.21,0.44
1763499600,2025-11-18 21:00:00,4.0,173.55,0.0,0.41,144.07,7.76,38.29,71.89,0.45
1763503200,2025-11-18 22:00:00,4.0,173.1,0.0,0.39,143.3,7.84,38.3,72.63,0.46
1763506800,2025-11-18 23:00:00,4.0,173.38,0.0,0.39,142.22,7.98,38.33,73.58,0.49
1763510400,2025-11-19 00:00:00,4.0,173.24,0.0,0.39,140.68,8.15,38.4,74.82,0.51
1763514000,2025-11-19 01:00:00,3.0,173.5,0.0,0.39,139.17,8.4,38.5,76.42,0.54
1763517600,2025-11-19 02:00:00,3.0,173.92,0.0,0.39,137.49,8.68,38.67,78.18,0.55
1763521200,2025-11-19 03:00:00,3.0,174.29,0.0,0.49,136.07,8.86,38.77,79.66,0.55
1763524800,2025-11-19 04:00:00,3.0,174.93,0.02,0.55,134.53,9.05,38.91,81.05,0.55
1763528400,2025-11-19 05:00:00,3.0,177.28,0.04,0.55,133.95,9.28,39.66,83.31,0.53
1763532000,2025-11-19 06:00:00,3.0,180.34,0.05,0.51,134.04,9.48,40.93,86.05,0.48
1763535600,2025-11-19 07:00:00,3.0,183.44,0.05,0.45,134.78,9.56,42.46,88.66,0.42
1763539200,2025-11-19 08:00:00,3.0,187.12,0.04,0.41,135.66,9.63,44.22,91.2,0.36
1763542800,2025-11-19 09:00:00,3.0,192.91,0.04,0.42,137.05,9.78,46.23,94.05,0.33
1763546400,2025-11-19 10:00:00,3.0,197.28,0.04,0.45,138.74,9.78,47.86,96.0,0.3
1763550000,2025-11-19 11:00:00,3.0,199.12,0.03,0.49,139.56,9.58,48.6,96.49,0.28
1763553600,2025-11-19 12:00:00,4.0,201.13,0.02,0.57,140.18,9.43,49.0,96.5,0.29
1763557200,2025-11-19 13:00:00,4.0,202.94,0.0,0.6,140.51,9.27,49.12,96.13,0.31
1763560800,2025-11-19 14:00:00,4.0,203.02,0.0,0.52,140.25,9.02,48.92,95.25,0.32
1763564400,2025-11-19 15:00:00,3.0,201.39,0.0,0.46,139.69,8.64,48.26,93.47,0.32
1763568000,2025-11-19 16:00:00,3.0,199.55,0.0,0.42,139.01,8.29,47.48,91.32,0.32
1763571600,2025-11-19 17:00:00,3.0,197.33,0.0,0.4,138.36,7.94,46.57,88.91,0.32
1763575200,2025-11-19 18:00:00,3.0,193.09,0.0,0.37,137.2,7.48,45.24,85.89,0.31
1763578800,2025-11-19 19:00:00,3.0,188.21,0.0,0.34,136.11,7.09,43.58,82.12,0.32
1763582400,2025-11-19 20:00:00,3.0,182.92,0.0,0.31,134.94,6.69,41.84,78.44,0.33
1763586000,2025-11-19 21:00:00,3.0,177.11,0.0,0.29,133.71,6.25,40.13,75.1,0.33
1763589600,2025-11-19 22:00:00,3.0,171.82,0.0,0.27,132.59,5.89,38.58,72.05,0.34
1763593200,2025-11-19 23:00:00,3.0,168.37,0.0,0.26,131.87,5.76,37.56,69.99,0.34
1763596800,2025-11-20 00:00:00,3.0,167.23,0.0,0.26,131.71,5.91,37.27,69.57,0.34
1763600400,2025-11-20 01:00:00,3.0,168.12,0.0,0.28,131.9,6.34,37.64,70.49,0.33
1763604000,2025-11-20 02:00:00,3.0,169.95,0.0,0.29,131.99,6.86,38.34,72.01,0.32
1763607600,2025-11-20 03:00:00,3.0,171.91,0.0,0.38,131.62,7.32,39.03,73.48,0.29
1763611200,2025-11-20 04:00:00,3.0,173.66,0.02,0.46,130.9,7.84,39.74,75.17,0.27
1763614800,2025-11-20 05:00:00,3.0,176.9,0.04,0.53,130.4,8.4,40.83,77.52,0.23
1763618400,2025-11-20 06:00:00,3.0,180.49,0.05,0.54,130.96,8.88,42.31,80.37,0.16
1763622000,2025-11-20 07:00:00,3.0,183.73,0.05,0.5,132.37,9.17,44.1,83.25,0.08
1763625600,2025-11-20 08:00:00,3.0,187.89,0.05,0.46,133.9,9.36,46.15,86.38,0.02
1763629200,2025-11-20 09:00:00,3.0,193.61,0.05,0.47,136.62,9.68,48.55,90.13,0.0
1763632800,2025-11-20 10:00:00,4.0,197.26,0.04,0.49,139.41,9.76,50.5,92.91,0.0
1763636400,2025-11-20 11:00:00,4.0,197.04,0.03,0.53,141.0,9.52,51.37,93.76,0.0
1763640000,2025-11-20 12:00:00,4.0,195.9,0.02,0.6,142.42,9.34,51.76,93.91,0.0
1763643600,2025-11-20 13:00:00,4.0,194.43,0.0,0.62,143.36,9.09,51.69,93.01,0.0
1763647200,2025-11-20 14:00:00,4.0,191.43,0.0,0.52,142.32,8.56,50.98,91.13,0.0
1763650800,2025-11-20 15:00:00,4.0,187.56,0.0,0.44,140.9,7.92,49.84,88.36,0.0
1763654400,2025-11-20 16:00:00,3.0,183.07,0.0,0.4,138.85,7.37,48.62,85.56,0.0
1763658000,2025-11-20 17:00:00,3.0,179.27,0.0,0.37,136.9,6.86,47.41,83.01,0.0
1763661600,2025-11-20 18:00:00,3.0,174.89,0.0,0.34,134.6,6.3,46.05,80.42,0.0
1763665200,2025-11-20 19:00:00,3.0,170.35,0.0,0.31,132.1,5.81,44.59,77.92,0.0
1763668800,2025-11-20 20:00:00,3.0,165.63,0.0,0.28,129.68,5.39,43.2,75.87,0.0
1763672400,2025-11-20 21:00:00,3.0,160.55,0.0,0.26,127.06,5.07,41.71,74.01,0.0
1763676000,2025-11-20 22:00:00,3.0,160.36,0.0,0.27,126.77,5.76,41.29,75.18,0.0
1763679600,2025-11-20 23:00:00,3.0,162.69,0.0,0.31,127.07,6.85,41.67,78.03,0.01
1763683200,2025-11-21 00:00:00,3.0,163.95,0.0,0.34,125.86,7.58,41.99,80.54,0.0
1763686800,2025-11-21 01:00:00,3.0,167.38,0.0,0.41,124.87,8.47,42.92,84.31,0.0
1763690400,2025-11-21 02:00:00,3.0,174.08,0.0,0.5,123.32,9.33,44.04,88.31,0.0
1763694000,2025-11-21 03:00:00,3.0,185.05,0.0,0.76,122.22,10.35,45.74,93.35,0.01
1763697600,2025-11-21 04:00:00,4.0,207.35,0.05,1.2,121.86,12.14,49.11,101.66,0.07
1763701200,2025-11-21 05:00:00,4.0,238.65,0.12,1.55,125.55,14.57,54.65,113.98,0.18
1763704800,2025-11-21 06:00:00,4.0,268.04,0.14,1.6,133.54,16.69,61.78,128.27,0.29
1763708400,2025-11-21 07:00:00,4.0,287.89,0.12,1.36,143.52,18.0,69.19,141.49,0.34
1763712000,2025-11-21 08:00:00,5.0,305.54,0.1,1.17,152.63,18.83,76.59,153.48,0.33
1763715600,2025-11-21 09:00:00,5.0,319.8,0.09,1.1,161.39,19.5,83.58,164.99,0.32
1763719200,2025-11-21 10:00:00,5.0,323.82,0.08,1.13,168.73,19.82,88.18,172.55,0.27
1763722800,2025-11-21 11:00:00,5.0,319.15,0.06,1.24,173.06,19.6,89.72,174.58,0.2
1763726400,2025-11-21 12:00:00,5.0,313.07,0.03,1.4,175.01,19.22,89.6,173.82,0.18
1763730000,2025-11-21 13:00:00,5.0,301.5,0.0,1.36,174.99,18.43,87.3,168.88,0.19
1763733600,2025-11-21 14:00:00,5.0,286.9,0.0,1.04,173.32,17.39,84.05,162.13,0.2
1763737200,2025-11-21 15:00:00,5.0,274.91,0.0,0.86,172.01,16.52,81.62,156.9,0.2
1763740800,2025-11-21 16:00:00,5.0,268.08,0.0,0.79,170.76,15.98,80.38,154.05,0.18
1763744400,2025-11-21 17:00:00,5.0,268.02,0.0,0.77,170.46,15.95,80.84,154.23,0.14
1763748000,2025-11-21 18:00:00,5.0,268.02,0.0,0.75,169.85,15.88,81.15,154.31,0.11
1763751600,2025-11-21 19:00:00,5.0,267.16,0.0,0.73,168.31,15.75,81.09,154.07,0.08
1763755200,2025-11-21 20:00:00,5.0,272.96,0.0,0.83,166.69,16.15,81.33,155.09,0.08
1763758800,2025-11-21 21:00:00,5.0,294.45,0.0,1.15,163.61,17.47,82.26,158.35,0.25
1763762400,2025-11-21 22:00:00,5.0,316.68,0.0,1.49,159.58,21.15,83.35,163.98,0.55
1763766000,2025-11-21 23:00:00,5.0,347.82,0.0,1.83,153.84,23.27,85.23,171.11,0.91
1763769600,2025-11-22 00:00:00,5.0,384.47,0.0,2.15,147.29,23.33,88.18,181.07,1.32
1763773200,2025-11-22 01:00:00,5.0,410.92,0.0,2.35,140.39,22.15,91.7,194.68,1.69
1763776800,2025-11-22 02:00:00,5.0,415.88,0.0,2.32,134.21,20.44,95.02,209.72,1.83
1763780400,2025-11-22 03:00:00,5.0,407.15,0.01,2.58,130.1,18.68,97.83,223.55,1.8
1763784000,2025-11-22 04:00:00,5.0,392.72,0.11,2.9,127.66,16.8,100.76,236.7,1.75
1763787600,2025-11-22 05:00:00,5.0,375.52,0.2,2.74,128.93,14.91,104.12,248.8,1.7
1763791200,2025-11-22 06:00:00,5.0,356.9,0.2,2.23,133.62,13.17,107.84,258.89,1.61
1763794800,2025-11-22 07:00:00,5.0,343.58,0.16,1.66,139.47,11.79,112.11,266.79,1.52
1763798400,2025-11-22 08:00:00,5.0,340.11,0.12,1.3,145.25,10.75,116.85,274.03,1.5
1763802000,2025-11-22 09:00:00,5.0,338.88,0.09,1.14,150.77,10.19,121.32,279.96,1.48
1763805600,2025-11-22 10:00:00,5.0,337.11,0.08,1.12,156.81,10.16,124.13,280.97,1.39
1763809200,2025-11-22 11:00:00,5.0,333.95,0.06,1.2,161.28,10.41,124.8,276.96,1.2
1763812800,2025-11-22 12:00:00,5.0,327.01,0.03,1.33,163.71,10.72,123.02,268.4,0.98
1763816400,2025-11-22 13:00:00,5.0,315.29,0.0,1.3,164.32,10.97,118.95,255.36,0.77
1763820000,2025-11-22 14:00:00,5.0,311.34,0.0,1.04,164.67,11.41,116.94,246.94,0.63
1763823600,2025-11-22 15:00:00,5.0,307.84,0.0,0.87,164.92,11.79,114.91,238.75,0.47
1763827200,2025-11-22 16:00:00,5.0,305.15,0.0,0.78,164.54,11.93,112.67,230.8,0.33
1763830800,2025-11-22 17:00:00,5.0,304.09,0.0,0.72,164.25,11.84,111.09,224.4,0.19
1763834400,2025-11-22 18:00:00,5.0,303.61,0.0,0.66,163.96,11.6,109.43,217.86,0.07
1763838000,2025-11-22 19:00:00,5.0,300.46,0.0,0.59,163.22,11.16,107.26,210.51,0.0
1763841600,2025-11-22 20:00:00,5.0,296.48,0.0,0.54,162.1,10.64,105.15,203.14,0.0
1763845200,2025-11-22 21:00:00,5.0,290.07,0.0,0.48,160.62,9.97,102.37,194.85,0.0
1763848800,2025-11-22 22:00:00,5.0,276.14,0.0,0.41,157.73,9.12,96.71,181.41,0.0
1763852400,2025-11-22 23:00:00,5.0,260.08,0.0,0.35,154.33,8.2,90.47,167.99,0.0
1763856000,2025-11-23 00:00:00,5.0,246.93,0.0,0.32,150.83,7.39,84.99,157.59,0.0
1763859600,2025-11-23 01:00:00,5.0,236.87,0.0,0.33,147.91,6.97,80.29,149.33,0.0
1763863200,2025-11-23 02:00:00,5.0,229.95,0.0,0.34,145.43,6.75,76.84,144.14,0.0
1763866800,2025-11-23 03:00:00,4.0,226.99,0.0,0.43,143.25,6.56,74.58,141.42,0.0
1763870400,2025-11-23 04:00:00,4.0,228.65,0.02,0.55,141.03,6.77,73.65,141.0,0.02
1763874000,2025-11-23 05:00:00,4.0,237.08,0.04,0.62,140.35,7.44,74.95,144.43,0.02
1763877600,2025-11-23 06:00:00,5.0,249.55,0.05,0.59,140.85,8.19,78.52,151.5,0.01
1763881200,2025-11-23 07:00:00,5.0,260.83,0.04,0.5,141.79,8.67,82.93,159.35,0.0
1763884800,2025-11-23 08:00:00,5.0,271.01,0.04,0.44,142.41,8.87,87.6,166.91,0.0
1763888400,2025-11-23 09:00:00,5.0,281.89,0.04,0.43,143.29,8.97,92.63,174.74,0.0
1763892000,2025-11-23 10:00:00,5.0,289.43,0.03,0.46,143.76,8.8,96.33,179.12,0.0
1763895600,2025-11-23 11:00:00,5.0,291.92,0.03,0.52,143.73,8.59,97.87,179.29,0.0
1763899200,2025-11-23 12:00:00,5.0,292.28,0.01,0.59,143.81,8.39,98.51,178.34,0.0
1763902800,2025-11-23 13:00:00,5.0,292.95,0.0,0.6,143.84,8.21,98.76,177.05,0.0
1763906400,2025-11-23 14:00:00,5.0,292.31,0.0,0.51,143.43,7.97,98.7,176.28,0.0
1763910000,2025-11-23 15:00:00,5.0,287.52,0.0,0.44,142.76,7.55,97.35,174.23,0.0
1763913600,2025-11-23 16:00:00,5.0,277.3,0.0,0.37,143.66,7.21,94.72,171.3,0.0
1763917200,2025-11-23 17:00:00,5.0,270.3,0.0,0.35,143.83,6.87,92.65,166.07,0.0
1763920800,2025-11-23 18:00:00,5.0,266.44,0.0,0.33,144.05,6.65,91.48,162.43,0.0
1763924400,2025-11-23 19:00:00,5.0,263.11,0.0,0.32,144.13,6.51,90.42,159.09,0.0
1763928000,2025-11-23 20:00:00,5.0,263.76,0.0,0.32,144.79,6.64,90.47,157.9,0.0
1763931600,2025-11-23 21:00:00,5.0,269.64,0.0,0.37,145.81,7.34,92.03,159.55,0.0
1763935200,2025-11-23 22:00:00,5.0,278.91,0.0,0.49,147.25,8.97,94.24,163.34,0.0
1763938800,2025-11-23 23:00:00,5.0,294.18,0.0,0.64,148.51,11.02,97.41,170.01,0.09
1763942400,2025-11-24 00:00:00,5.0,318.88,0.0,0.84,149.62,13.47,101.89,180.3,0.29
1763946000,2025-11-24 01:00:00,5.0,349.5,0.0,1.04,150.6,16.13,107.64,194.86,0.55
1763949600,2025-11-24 02:00:00,5.0,376.48,0.0,1.17,150.45,18.05,112.42,208.61,0.98
1763953200,2025-11-24 03:00:00,5.0,392.9,0.0,1.45,149.22,18.9,114.75,217.66,1.41
1763956800,2025-11-24 04:00:00,5.0,396.91,0.04,1.82,147.42,18.56,114.23,220.91,1.81
1763960400,2025-11-24 05:00:00,5.0,390.28,0.1,1.88,147.18,17.39,111.84,219.29,2.11
1763964000,2025-11-24 06:00:00,5.0,379.12,0.13,1.69,149.44,16.14,109.13,214.82,2.3
1763967600,2025-11-24 07:00:00,5.0,364.17,0.12,1.36,153.47,14.96,106.27,208.48,2.33
1763971200,2025-11-24 08:00:00,5.0,349.11,0.1,1.11,157.3,14.0,103.44,201.45,2.29
1763974800,2025-11-24 09:00:00,5.0,335.5,0.08,0.99,160.46,13.27,100.21,193.5,2.23
1763978400,2025-11-24 10:00:00,5.0,321.37,0.07,0.98,163.34,12.64,96.03,183.6,2.11
1763982000,2025-11-24 11:00:00,5.0,308.98,0.05,1.05,164.66,12.11,91.17,172.56,1.99
1763985600,2025-11-24 12:00:00,5.0,299.79,0.02,1.2,165.12,11.81,86.82,163.35,1.92
1763989200,2025-11-24 13:00:00,5.0,294.33,0.0,1.27,164.95,11.67,83.23,156.59,1.88
1763992800,2025-11-24 14:00:00,5.0,290.2,0.0,1.13,164.17,11.57,80.69,152.71,1.86
1763996400,2025-11-24 15:00:00,5.0,288.44,0.0,1.06,163.44,11.53,79.33,151.53,1.85
1764000000,2025-11-24 16:00:00,5.0,287.7,0.0,1.04,162.27,11.59,78.81,152.79,1.87
1764003600,2025-11-24 17:00:00,5.0,290.34,0.0,1.13,160.66,11.92,79.13,156.81,1.92
1764007200,2025-11-24 18:00:00,5.0,297.38,0.0,1.36,158.09,12.48,79.75,161.56,2.03
1764010800,2025-11-24 19:00:00,5.0,305.49,0.0,1.64,154.53,12.98,79.88,165.4,2.16
1764014400,2025-11-24 20:00:00,5.0,311.01,0.0,1.86,149.83,13.15,79.27,167.63,2.29
1764018000,2025-11-24 21:00:00,5.0,308.71,0.0,1.93,144.78,12.84,77.55,166.87,2.35
1764021600,2025-11-24 22:00:00,4.0,299.67,0.0,1.81,140.78,12.11,74.9,163.03,2.32
1764025200,2025-11-24 23:00:00,4.0,288.74,0.0,1.64,137.83,11.31,71.94,157.26,2.26
1764028800,2025-11-25 00:00:00,4.0,277.1,0.0,1.47,135.53,10.6,68.85,150.33,2.19
1764032400,2025-11-25 01:00:00,4.0,266.0,0.0,1.33,134.25,9.98,65.77,142.98,2.12
1764036000,2025-11-25 02:00:00,4.0,256.86,0.0,1.23,133.45,9.5,63.23,136.46,2.07
1764039600,2025-11-25 03:00:00,4.0,250.26,0.01,1.53,133.63,9.14,61.41,131.6,2.06
1764043200,2025-11-25 04:00:00,4.0,245.06,0.06,1.81,134.48,8.81,60.15,127.9,2.06
1764046800,2025-11-25 05:00:00,4.0,243.89,0.13,1.82,137.94,8.62,60.13,126.96,2.07
1764050400,2025-11-25 06:00:00,4.0,249.63,0.16,1.73,143.5,8.78,62.37,130.9,2.11
1764054000,2025-11-25 07:00:00,4.0,257.63,0.15,1.54,149.77,9.11,65.55,136.29,2.12
1764057600,2025-11-25 08:00:00,4.0,266.86,0.13,1.33,156.03,9.47,69.09,141.95,2.09
1764061200,2025-11-25 09:00:00,4.0,273.76,0.1,1.19,161.61,9.66,71.5,144.79,2.03
1764064800,2025-11-25 10:00:00,4.0,275.39,0.08,1.14,165.28,9.63,71.8,143.2,1.92
1764068400,2025-11-25 11:00:00,4.0,272.13,0.06,1.21,166.28,9.5,70.46,138.87,1.8
1764072000,2025-11-25 12:00:00,4.0,268.22,0.03,1.41,165.81,9.52,68.85,134.92,1.72
1764075600,2025-11-25 13:00:00,4.0,266.02,0.0,1.55,164.73,9.76,67.59,132.2,1.69
1764079200,2025-11-25 14:00:00,4.0,264.14,0.0,1.44,162.52,10.14,66.54,130.19,1.68
1764082800,2025-11-25 15:00:00,4.0,264.75,0.0,1.44,160.37,10.66,66.0,129.53,1.7
1764086400,2025-11-25 16:00:00,4.0,267.86,0.0,1.55,157.64,11.25,65.73,129.88,1.77
1764090000,2025-11-25 17:00:00,4.0,273.05,0.0,1.7,154.48,11.79,65.69,130.86,1.88
1764093600,2025-11-25 18:00:00,4.0,277.88,0.0,1.78,151.17,12.12,65.82,131.96,2.01
1764097200,2025-11-25 19:00:00,4.0,281.13,0.0,1.75,148.57,12.23,66.05,132.66,2.12
1764100800,2025-11-25 20:00:00,4.0,284.09,0.0,1.71,146.12,12.24,66.14,132.49,2.21
1764104400,2025-11-25 21:00:00,4.0,285.05,0.0,1.63,143.71,12.17,65.88,130.91,2.26
1764108000,2025-11-25 22:00:00,4.0,281.01,0.0,1.5,142.02,11.87,64.9,127.27,2.22
1764111600,2025-11-25 23:00:00,4.0,275.59,0.0,1.38,140.99,11.49,63.8,123.34,2.15
1764115200,2025-11-26 00:00:00,4.0,269.21,0.0,1.27,140.16,11.0,62.79,120.38,2.08
1764118800,2025-11-26 01:00:00,4.0,263.17,0.0,1.18,139.55,10.43,61.92,119.04,2.04
1764122400,2025-11-26 02:00:00,4.0,257.53,0.0,1.12,139.09,9.87,61.07,118.8,2.03
1764126000,2025-11-26 03:00:00,4.0,253.19,0.0,1.35,138.79,9.39,60.13,118.8,2.04
1764129600,2025-11-26 04:00:00,4.0,252.55,0.05,1.74,137.83,9.12,59.62,120.65,2.13
1764133200,2025-11-26 05:00:00,4.0,257.71,0.13,1.99,138.09,9.13,60.4,125.42,2.32
1764136800,2025-11-26 06:00:00,4.0,265.44,0.19,2.05,140.91,9.26,61.73,130.0,2.45
1764140400,2025-11-26 07:00:00,4.0,271.51,0.19,1.92,145.42,9.45,63.17,132.8,2.49
1764144000,2025-11-26 08:00:00,4.0,275.4,0.16,1.65,150.85,9.57,64.7,134.39,2.44
1764147600,2025-11-26 09:00:00,4.0,276.72,0.12,1.41,155.72,9.49,65.78,133.87,2.34
1764151200,2025-11-26 10:00:00,4.0,274.37,0.09,1.27,159.7,9.31,65.64,130.11,2.16
1764154800,2025-11-26 11:00:00,4.0,269.65,0.06,1.25,161.47,9.08,64.5,124.67,1.97
1764158400,2025-11-26 12:00:00,4.0,266.35,0.02,1.32,161.88,8.89,63.4,120.43,1.85
1764162000,2025-11-26 13:00:00,4.0,260.33,0.0,1.26,161.04,8.64,61.66,115.28,1.72
1764165600,2025-11-26 14:00:00,4.0,253.84,0.0,1.0,159.33,8.38,60.05,110.72,1.61
1764169200,2025-11-26 15:00:00,4.0,250.6,0.0,0.86,158.43,8.27,59.19,108.35,1.56
1764172800,2025-11-26 16:00:00,4.0,248.22,0.0,0.81,157.21,8.25,58.44,106.65,1.55
1764176400,2025-11-26 17:00:00,4.0,247.1,0.0,0.82,155.5,8.4,57.53,105.37,1.58
1764180000,2025-11-26 18:00:00,4.0,249.66,0.0,0.98,153.33,8.82,56.59,104.89,1.66
1764183600,2025-11-26 19:00:00,4.0,254.35,0.0,1.21,150.46,9.45,55.57,105.38,1.8
1764187200,2025-11-26 20:00:00,4.0,260.23,0.0,1.45,146.87,9.96,54.28,106.15,1.96
1764190800,2025-11-26 21:00:00,4.0,264.91,0.0,1.61,142.93,10.18,52.71,106.67,2.11
1764194400,2025-11-26 22:00:00,4.0,264.16,0.0,1.63,139.03,10.01,50.88,106.04,2.2
1764198000,2025-11-26 23:00:00,4.0,259.2,0.0,1.55,136.03,9.57,48.96,104.19,2.23
1764201600,2025-11-27 00:00:00,4.0,252.05,0.0,1.45,133.53,9.07,47.15,101.69,2.21
1764205200,2025-11-27 01:00:00,3.0,244.21,0.0,1.36,131.59,8.58,45.67,99.2,2.17
1764208800,2025-11-27 02:00:00,3.0,237.88,0.0,1.29,131.06,8.18,45.04,97.99,2.13
1764212400,2025-11-27 03:00:00,3.0,233.67,0.01,1.57,132.11,7.87,45.5,98.88,2.1
1764216000,2025-11-27 04:00:00,4.0,231.66,0.06,1.86,133.91,7.73,47.09,102.44,2.11
1764219600,2025-11-27 05:00:00,4.0,234.91,0.14,1.9,137.88,7.89,50.18,109.37,2.15
1764223200,2025-11-27 06:00:00,4.0,242.22,0.17,1.86,143.07,8.22,54.04,116.99,2.2
1764226800,2025-11-27 07:00:00,4.0,250.19,0.17,1.69,148.39,8.61,57.85,122.74,2.2
1764230400,2025-11-27 08:00:00,4.0,260.05,0.14,1.5,154.13,9.01,61.56,126.82,2.2
1764234000,2025-11-27 09:00:00,4.0,268.29,0.12,1.38,158.88,9.22,64.4,127.33,2.17
1764237600,2025-11-27 10:00:00,4.0,272.24,0.1,1.34,162.51,9.23,65.83,124.84,2.09
1764241200,2025-11-27 11:00:00,4.0,269.49,0.07,1.44,162.81,9.09,65.46,120.15,1.98
1764244800,2025-11-27 12:00:00,4.0,265.62,0.03,1.67,161.08,9.04,64.39,116.08,1.91
1764248400,2025-11-27 13:00:00,4.0,263.94,0.0,1.82,158.67,9.08,63.59,113.41,1.89
1764252000,2025-11-27 14:00:00,4.0,264.72,0.0,1.69,155.54,9.15,63.1,112.08,1.92
1764255600,2025-11-27 15:00:00,4.0,268.99,0.0,1.66,152.76,9.31,63.43,112.83,2.02
1764259200,2025-11-27 16:00:00,4.0,276.45,0.0,1.73,150.33,9.52,64.7,115.43,2.2
1764262800,2025-11-27 17:00:00,4.0,287.0,0.0,1.86,148.15,9.84,66.64,119.71,2.47
1764266400,2025-11-27 18:00:00,4.0,295.04,0.0,1.88,146.67,10.11,68.38,123.25,2.75
1764270000,2025-11-27 19:00:00,4.0,298.02,0.0,1.79,145.53,10.24,69.11,124.05,2.92
1764273600,2025-11-27 20:00:00,4.0,299.42,0.0,1.67,145.57,10.47,69.67,123.94,3.01
1764277200,2025-11-27 21:00:00,4.0,300.47,0.0,1.56,145.98,10.78,70.31,124.19,3.04
1764280800,2025-11-27 22:00:00,4.0,301.12,0.0,1.43,146.16,11.1,71.09,125.31,3.03
1764284400,2025-11-27 23:00:00,4.0,303.03,0.0,1.32,146.38,11.39,72.01,127.45,3.02
1764288000,2025-11-28 00:00:00,4.0,304.35,0.0,1.23,146.09,11.61,72.93,129.84,3.03
1764291600,2025-11-28 01:00:00,4.0,305.24,0.0,1.18,145.52,11.77,73.56,131.72,3.03
1764295200,2025-11-28 02:00:00,4.0,307.98,0.0,1.18,144.97,12.01,74.48,134.05,3.06
1764298800,2025-11-28 03:00:00,5.0,310.36,0.0,1.47,144.53,12.19,75.17,135.85,3.07
1764302400,2025-11-28 04:00:00,5.0,320.87,0.06,2.11,143.0,13.03,77.37,142.76,3.35
1764306000,2025-11-28 05:00:00,5.0,340.36,0.18,2.74,142.85,14.59,81.8,155.0,3.79
1764309600,2025-11-28 06:00:00,5.0,357.24,0.27,3.03,146.9,15.49,85.27,162.26,4.01
1764313200,2025-11-28 07:00:00,5.0,368.3,0.28,2.86,154.16,15.79,87.86,164.9,3.97
1764316800,2025-11-28 08:00:00,5.0,375.79,0.23,2.49,162.74,15.89,89.98,165.05,3.81
1764320400,2025-11-28 09:00:00,5.0,381.6,0.18,2.22,170.29,15.92,91.1,163.38,3.77
1764324000,2025-11-28 10:00:00,5.0,370.8,0.14,1.94,174.02,14.91,88.3,153.96,3.47
1764327600,2025-11-28 11:00:00,5.0,346.1,0.09,1.81,171.71,13.17,82.16,138.86,2.95
1764331200,2025-11-28 12:00:00,5.0,327.65,0.04,1.99,167.99,12.17,76.85,127.34,2.67
1764334800,2025-11-28 13:00:00,4.0,312.34,0.0,2.1,163.68,11.53,72.05,117.97,2.49
1764338400,2025-11-28 14:00:00,4.0,302.53,0.0,1.86,158.8,11.23,68.27,111.31,2.4
1764342000,2025-11-28 15:00:00,4.0,297.82,0.0,1.76,154.58,11.18,65.82,107.48,2.4
1764345600,2025-11-28 16:00:00,4.0,297.35,0.0,1.75,150.82,11.11,64.25,105.39,2.44
1764349200,2025-11-28 17:00:00,4.0,299.83,0.0,1.77,147.28,11.03,63.52,104.91,2.53
1764352800,2025-11-28 18:00:00,4.0,305.15,0.0,1.74,144.6,11.05,63.95,106.67,2.68
1764356400,2025-11-28 19:00:00,4.0,308.43,0.0,1.67,142.3,11.06,64.49,108.65,2.8
1764360000,2025-11-28 20:00:00,4.0,310.73,0.0,1.61,140.8,11.09,65.01,110.25,2.89
1764363600,2025-11-28 21:00:00,4.0,309.59,0.0,1.52,139.81,10.97,65.03,110.37,2.89
1764367200,2025-11-28 22:00:00,4.0,303.4,0.0,1.38,139.04,10.69,64.14,108.4,2.8
1764370800,2025-11-28 23:00:00,4.0,296.67,0.0,1.25,138.65,10.39,62.95,105.73,2.68
1764374400,2025-11-29 00:00:00,4.0,290.18,0.0,1.13,138.26,10.15,61.82,103.29,2.58
1764378000,2025-11-29 01:00:00,4.0,288.64,0.0,1.09,138.28,10.21,61.8,103.19,2.57
1764381600,2025-11-29 02:00:00,4.0,292.19,0.0,1.12,139.41,10.65,63.38,106.69,2.67
1764385200,2025-11-29 03:00:00,4.0,296.22,0.0,1.4,140.6,11.1,65.25,111.25,2.77
1764388800,2025-11-29 04:00:00,4.0,298.63,0.05,1.81,141.39,11.52,66.89,116.05,2.87
1764392400,2025-11-29 05:00:00,4.0,301.56,0.12,1.91,143.67,11.95,68.76,120.61,2.95
1764396000,2025-11-29 06:00:00,4.0,305.09,0.15,1.81,147.54,12.26,70.74,124.26,2.99
1764399600,2025-11-29 07:00:00,4.0,303.6,0.14,1.51,152.37,12.21,71.55,123.91,2.88
1764403200,2025-11-29 08:00:00,4.0,301.87,0.11,1.22,156.81,12.05,72.26,123.04,2.74
1764406800,2025-11-29 09:00:00,4.0,302.05,0.1,1.09,160.12,11.93,72.91,122.43,2.65
1764410400,2025-11-29 10:00:00,4.0,299.77,0.08,1.1,162.97,11.76,72.61,120.2,2.55
1764414000,2025-11-29 11:00:00,4.0,295.39,0.06,1.24,163.55,11.6,71.0,116.34,2.48
1764417600,2025-11-29 12:00:00,4.0,292.09,0.03,1.49,162.65,11.61,69.28,113.12,2.47
1764421200,2025-11-29 13:00:00,4.0,289.15,0.0,1.66,159.74,11.56,67.25,109.86,2.46
1764424800,2025-11-29 14:00:00,4.0,286.7,0.0,1.54,154.67,11.51,65.21,106.93,2.43
1764428400,2025-11-29 15:00:00,4.0,288.28,0.0,1.5,151.38,11.76,64.28,106.09,2.45
1764432000,2025-11-29 16:00:00,4.0,289.39,0.0,1.43,148.24,11.84,63.76,105.96,2.45
1764435600,2025-11-29 17:00:00,4.0,290.52,0.0,1.34,144.71,11.6,63.3,106.03,2.44
1764439200,2025-11-29 18:00:00,4.0,294.6,0.0,1.29,141.94,11.45,63.74,107.97,2.46
1764442800,2025-11-29 19:00:00,4.0,301.03,0.0,1.26,140.08,11.45,65.25,112.02,2.53
1764446400,2025-11-29 20:00:00,4.0,310.98,0.0,1.25,138.56,11.59,67.96,118.58,2.66
1764450000,2025-11-29 21:00:00,4.0,321.05,0.0,1.22,136.88,11.62,70.94,125.76,2.77
1764453600,2025-11-29 22:00:00,4.0,328.91,0.0,1.23,135.17,11.68,73.53,131.99,2.85
1764457200,2025-11-29 23:00:00,5.0,336.79,0.0,1.32,133.51,11.98,75.99,137.71,2.92
1764460800,2025-11-30 00:00:00,5.0,341.96,0.0,1.38,132.21,12.29,77.71,141.51,2.95
1764464400,2025-11-30 01:00:00,5.0,342.79,0.0,1.43,131.28,12.52,78.41,142.81,2.95
1764468000,2025-11-30 02:00:00,5.0,340.46,0.0,1.44,131.03,12.67,78.18,142.1,2.92
1764471600,2025-11-30 03:00:00,5.0,334.67,0.0,1.76,131.19,12.72,77.12,139.51,2.87
1764475200,2025-11-30 04:00:00,5.0,326.31,0.04,2.18,131.89,12.6,75.65,136.16,2.81
1764478800,2025-11-30 05:00:00,4.0,320.63,0.12,2.35,134.25,12.46,74.73,133.68,2.74
1764482400,2025-11-30 06:00:00,4.0,315.77,0.17,2.3,138.75,12.43,74.49,132.28,2.65
1764486000,2025-11-30 07:00:00,4.0,311.23,0.17,2.03,144.54,12.49,74.51,130.98,2.51
1764489600,2025-11-30 08:00:00,5.0,308.33,0.14,1.73,150.78,12.67,75.05,130.29,2.37
1764493200,2025-11-30 09:00:00,5.0,307.21,0.12,1.56,156.51,12.95,75.68,129.64,2.23
1764496800,2025-11-30 10:00:00,5.0,306.57,0.09,1.53,161.18,13.24,75.93,128.14,2.1
1764500400,2025-11-30 11:00:00,5.0,305.8,0.07,1.63,164.24,13.37,75.68,125.98,1.99
1764504000,2025-11-30 12:00:00,4.0,304.39,0.02,1.79,164.97,13.38,74.66,122.88,1.89
1764507600,2025-11-30 13:00:00,4.0,302.35,0.0,1.77,164.77,13.27,73.4,119.59,1.8
1764511200,2025-11-30 14:00:00,4.0,298.41,0.0,1.4,163.52,13.05,71.99,116.37,1.69
1764514800,2025-11-30 15:00:00,4.0,292.38,0.0,1.14,161.9,12.65,70.47,113.28,1.56
1764518400,2025-11-30 16:00:00,4.0,284.68,0.0,0.96,159.93,12.14,68.95,110.48,1.42
1764522000,2025-11-30 17:00:00,4.0,276.13,0.0,0.84,157.54,11.55,67.45,108.03,1.28
1764525600,2025-11-30 18:00:00,4.0,266.28,0.0,0.74,154.84,10.83,65.79,105.59,1.13
1764529200,2025-11-30 19:00:00,4.0,255.94,0.0,0.66,151.73,10.03,63.95,103.06,1.0
1764532800,2025-11-30 20:00:00,4.0,244.69,0.0,0.57,148.35,9.17,61.86,100.37,0.89
1764536400,2025-11-30 21:00:00,4.0,233.2,0.0,0.5,144.82,8.26,59.43,97.35,0.79
1764540000,2025-11-30 22:00:00,4.0,221.23,0.0,0.42,140.86,7.31,56.56,93.79,0.71
1764543600,2025-11-30 23:00:00,4.0,208.77,0.0,0.34,136.63,6.3,53.2,89.73,0.63
1764547200,2025-12-01 00:00:00,3.0,196.42,0.0,0.27,132.39,5.27,49.4,85.11,0.55
1764550800,2025-12-01 01:00:00,3.0,184.57,0.0,0.22,128.17,4.31,45.32,80.23,0.47
1764554400,2025-12-01 02:00:00,3.0,174.47,0.0,0.18,124.41,3.5,41.76,76.43,0.4
1764558000,2025-12-01 03:00:00,3.0,166.85,0.0,0.19,121.38,2.83,39.07,74.45,0.34
1764561600,2025-12-01 04:00:00,3.0,161.61,0.01,0.2,118.2,2.34,37.24,73.74,0.29
1764565200,2025-12-01 05:00:00,3.0,158.69,0.01,0.17,115.96,1.97,36.17,74.04,0.26
1764568800,2025-12-01 06:00:00,3.0,156.67,0.02,0.14,113.64,1.65,35.52,74.91,0.24
1764572400,2025-12-01 07:00:00,3.0,155.22,0.01,0.12,111.14,1.36,35.01,76.1,0.23
1764576000,2025-12-01 08:00:00,3.0,153.94,0.01,0.11,108.51,1.1,34.55,77.37,0.22
1764579600,2025-12-01 09:00:00,3.0,152.48,0.01,0.1,106.24,0.9,34.09,78.36,0.21
1764583200,2025-12-01 10:00:00,3.0,151.73,0.01,0.11,104.62,0.72,33.57,79.29,0.19
1764586800,2025-12-01 11:00:00,3.0,150.49,0.01,0.12,103.26,0.58,32.76,79.45,0.18
1764590400,2025-12-01 12:00:00,3.0,148.36,0.01,0.15,102.64,0.48,31.63,78.13,0.16
1764594000,2025-12-01 13:00:00,3.0,146.24,0.0,0.17,102.92,0.41,30.3,75.64,0.13
1764597600,2025-12-01 14:00:00,3.0,144.41,0.0,0.18,103.33,0.37,28.95,72.68,0.1
1764601200,2025-12-01 15:00:00,3.0,141.87,0.0,0.18,104.37,0.36,27.33,68.45,0.07
1764604800,2025-12-01 16:00:00,3.0,138.94,0.0,0.18,105.8,0.37,25.54,63.37,0.04
1764608400,2025-12-01 17:00:00,3.0,136.58,0.0,0.18,107.74,0.42,23.99,58.58,0.02
1764612000,2025-12-01 18:00:00,3.0,134.37,0.0,0.19,110.12,0.51,22.7,54.48,0.01
1764615600,2025-12-01 19:00:00,3.0,132.67,0.0,0.2,112.63,0.62,21.83,51.61,0.0
1764619200,2025-12-01 20:00:00,3.0,131.42,0.0,0.21,115.24,0.77,21.5,50.49,0.0
1764622800,2025-12-01 21:00:00,3.0,130.41,0.0,0.23,117.44,0.95,21.59,50.82,0.0
1764626400,2025-12-01 22:00:00,3.0,129.58,0.0,0.27,119.89,1.16,21.82,51.99,0.0
1764630000,2025-12-01 23:00:00,3.0,128.3,0.0,0.3,121.03,1.34,21.61,52.12,0.0
1764633600,2025-12-02 00:00:00,3.0,127.66,0.0,0.34,120.95,1.46,20.94,50.94,0.0
1764637200,2025-12-02 01:00:00,3.0,130.29,0.0,0.41,120.37,1.57,20.47,50.12,0.0
1764640800,2025-12-02 02:00:00,3.0,136.65,0.0,0.53,119.24,1.74,20.47,50.76,0.07
1764644400,2025-12-02 03:00:00,3.0,145.16,0.01,0.81,117.9,2.02,20.88,52.75,0.14
1764648000,2025-12-02 04:00:00,3.0,154.45,0.06,1.09,115.95,2.45,21.55,55.33,0.22
1764651600,2025-12-02 05:00:00,3.0,169.07,0.15,1.33,115.34,3.25,23.03,59.55,0.31
1764655200,2025-12-02 06:00:00,3.0,188.96,0.21,1.54,117.1,4.52,25.64,65.32,0.38
1764658800,2025-12-02 07:00:00,3.0,209.01,0.2,1.54,122.11,6.05,29.61,72.08,0.43
1764662400,2025-12-02 08:00:00,3.0,229.94,0.16,1.37,130.21,7.52,35.03,79.59,0.46
1764666000,2025-12-02 09:00:00,3.0,250.01,0.13,1.21,138.35,8.83,40.75,86.31,0.44
1764669600,2025-12-02 10:00:00,4.0,259.47,0.1,1.14,144.77,9.81,44.21,89.3,0.36
1764673200,2025-12-02 11:00:00,4.0,259.69,0.08,1.18,148.21,10.48,45.05,88.8,0.24
1764676800,2025-12-02 12:00:00,4.0,256.32,0.04,1.35,148.8,11.0,44.32,86.23,0.12
1764680400,2025-12-02 13:00:00,4.0,252.26,0.0,1.46,147.82,11.43,42.93,83.02,0.06
1764684000,2025-12-02 14:00:00,4.0,250.1,0.0,1.25,145.99,11.71,41.94,80.68,0.06
1764687600,2025-12-02 15:00:00,4.0,245.58,0.0,1.05,144.16,11.7,40.9,78.2,0.05
1764691200,2025-12-02 16:00:00,4.0,241.61,0.0,0.95,141.83,11.52,39.8,75.67,0.05
1764694800,2025-12-02 17:00:00,4.0,244.39,0.0,1.02,140.01,11.84,39.53,74.97,0.11
1764698400,2025-12-02 18:00:00,3.0,255.7,0.0,1.21,139.02,12.94,40.43,77.03,0.24
1764702000,2025-12-02 19:00:00,3.0,256.2,0.0,1.34,138.08,13.92,41.17,80.28,0.33
1764705600,2025-12-02 20:00:00,3.0,266.1,0.0,1.51,137.61,14.78,44.13,87.93,0.43
1764709200,2025-12-02 21:00:00,4.0,287.35,0.0,1.68,137.24,15.94,49.74,100.39,0.55
1764712800,2025-12-02 22:00:00,4.0,309.31,0.0,1.82,135.78,16.57,56.39,115.21,0.73
1764716400,2025-12-02 23:00:00,4.0,327.41,0.0,1.93,133.12,16.36,63.21,130.61,0.91
1764720000,2025-12-03 00:00:00,4.0,330.86,0.0,1.84,130.32,15.22,68.94,143.55,0.98
1764723600,2025-12-03 01:00:00,4.0,321.87,0.0,1.68,128.24,13.45,72.95,153.02,0.93
1764727200,2025-12-03 02:00:00,4.0,308.16,0.0,1.54,126.91,11.63,74.49,157.05,0.8
1764730800,2025-12-03 03:00:00,4.0,292.14,0.01,1.72,126.59,10.11,73.32,155.13,0.69
1764734400,2025-12-03 04:00:00,4.0,268.45,0.08,1.85,127.8,8.64,68.37,144.28,0.57
1764738000,2025-12-03 05:00:00,4.0,255.48,0.15,1.74,129.98,7.62,64.33,136.39,0.56
1764741600,2025-12-03 06:00:00,4.0,249.99,0.17,1.61,133.7,7.09,61.49,132.16,0.64
1764745200,2025-12-03 07:00:00,4.0,245.82,0.16,1.4,138.66,6.83,59.41,129.39,0.67
1764748800,2025-12-03 08:00:00,4.0,240.95,0.13,1.16,143.31,6.56,57.96,127.12,0.65
1764752400,2025-12-03 09:00:00,4.0,236.4,0.11,1.01,147.04,6.31,56.82,124.87,0.61
1764756000,2025-12-03 10:00:00,4.0,229.01,0.09,0.97,149.44,6.04,54.55,118.65,0.53
1764759600,2025-12-03 11:00:00,4.0,219.44,0.07,1.02,149.34,5.73,50.96,109.49,0.42
1764763200,2025-12-03 12:00:00,4.0,213.99,0.04,1.22,148.02,5.66,48.58,104.34,0.37
1764766800,2025-12-03 13:00:00,4.0,212.48,0.0,1.43,146.7,5.85,47.49,103.07,0.34
1764770400,2025-12-03 14:00:00,4.0,214.97,0.0,1.4,144.77,6.25,47.69,105.28,0.35
1764774000,2025-12-03 15:00:00,4.0,220.18,0.0,1.43,143.15,6.78,49.09,110.38,0.36
1764777600,2025-12-03 16:00:00,4.0,227.82,0.0,1.55,141.21,7.38,51.48,118.11,0.38
1764781200,2025-12-03 17:00:00,4.0,235.94,0.0,1.68,139.05,8.02,54.25,127.07,0.42
1764784800,2025-12-03 18:00:00,4.0,242.52,0.0,1.76,136.43,8.6,56.92,135.96,0.46
1764788400,2025-12-03 19:00:00,4.0,253.94,0.0,1.95,132.97,9.31,60.36,146.41,0.56
1764792000,2025-12-03 20:00:00,4.0,271.65,0.0,2.18,129.27,10.16,65.09,159.64,0.69
1764795600,2025-12-03 21:00:00,4.0,279.88,0.0,2.19,126.44,10.61,68.75,169.89,0.75
1764799200,2025-12-03 22:00:00,4.0,274.58,0.0,2.03,124.6,10.58,69.55,172.18,0.7
1764802800,2025-12-03 23:00:00,4.0,263.47,0.0,1.83,124.6,10.3,68.79,170.16,0.61
1764806400,2025-12-04 00:00:00,4.0,252.47,0.0,1.64,125.26,9.96,68.2,168.8,0.52
1764810000,2025-12-04 01:00:00,4.0,255.97,0.0,1.57,125.18,9.96,71.63,178.23,0.54
1764813600,2025-12-04 02:00:00,5.0,269.87,0.0,1.58,125.14,10.14,77.8,194.86,0.65
1764817200,2025-12-04 03:00:00,5.0,279.01,0.01,1.95,126.12,10.07,82.2,207.13,0.74
1764820800,2025-12-04 04:00:00,5.0,288.48,0.08,2.43,127.33,10.01,86.01,216.84,0.83
1764824400,2025-12-04 05:00:00,5.0,302.16,0.19,2.54,129.7,10.09,90.36,225.19,0.92
1764828000,2025-12-04 06:00:00,5.0,313.63,0.24,2.39,134.44,10.18,93.79,228.04,0.94
1764831600,2025-12-04 07:00:00,5.0,320.63,0.22,2.08,140.19,10.36,96.22,226.9,0.88
1764835200,2025-12-04 08:00:00,5.0,325.59,0.18,1.8,147.13,10.69,98.24,224.59,0.79
1764838800,2025-12-04 09:00:00,5.0,325.52,0.15,1.6,153.49,11.02,98.84,219.36,0.68
1764842400,2025-12-04 10:00:00,5.0,321.05,0.12,1.53,159.12,11.28,97.44,211.39,0.55
1764846000,2025-12-04 11:00:00,5.0,306.82,0.09,1.59,161.27,11.23,92.14,196.29,0.4
1764849600,2025-12-04 12:00:00,5.0,291.09,0.05,1.82,160.5,11.03,85.31,179.35,0.29
1764853200,2025-12-04 13:00:00,4.0,264.19,0.0,1.76,156.38,10.15,74.95,155.35,0.16
1764856800,2025-12-04 14:00:00,4.0,244.14,0.0,1.42,151.66,9.49,65.88,134.97,0.1
1764860400,2025-12-04 15:00:00,4.0,237.88,0.0,1.33,148.67,9.53,61.23,125.26,0.11
1764864000,2025-12-04 16:00:00,4.0,235.61,0.0,1.36,146.29,9.69,57.97,118.67,0.15
1764867600,2025-12-04 17:00:00,4.0,237.62,0.0,1.39,143.79,9.92,56.64,116.59,0.19
1764871200,2025-12-04 18:00:00,4.0,241.76,0.0,1.41,142.0,10.18,56.51,117.14,0.22
1764874800,2025-12-04 19:00:00,4.0,250.9,0.0,1.53,139.44,10.61,57.57,120.36,0.3
1764878400,2025-12-04 20:00:00,4.0,267.58,0.0,1.74,136.5,11.27,60.09,127.08,0.44
1764882000,2025-12-04 21:00:00,4.0,281.37,0.0,1.88,132.94,11.77,62.51,133.22,0.56
1764885600,2025-12-04 22:00:00,4.0,288.36,0.0,1.92,129.7,12.07,63.88,136.9,0.64
1764889200,2025-12-04 23:00:00,4.0,290.09,0.0,1.89,127.13,12.15,64.4,138.28,0.65
1764892800,2025-12-05 00:00:00,4.0,287.06,0.0,1.78,125.37,11.97,64.19,137.62,0.63
1764896400,2025-12-05 01:00:00,4.0,280.09,0.0,1.66,124.12,11.6,63.31,135.02,0.57
1764900000,2025-12-05 02:00:00,4.0,272.76,0.0,1.54,123.44,11.22,62.11,131.34,0.52
1764903600,2025-12-05 03:00:00,4.0,266.19,0.01,1.82,123.51,10.89,60.78,127.01,0.49
1764907200,2025-12-05 04:00:00,4.0,260.66,0.09,2.14,124.14,10.52,59.65,122.76,0.46
1764910800,2025-12-05 05:00:00,4.0,256.88,0.19,2.15,126.85,10.16,59.09,119.13,0.41
1764914400,2025-12-05 06:00:00,4.0,255.12,0.23,1.99,131.4,9.88,59.43,117.11,0.36
1764918000,2025-12-05 07:00:00,4.0,254.05,0.2,1.71,137.05,9.71,60.48,116.41,0.28
1764921600,2025-12-05 08:00:00,4.0,254.06,0.16,1.45,142.66,9.7,62.38,117.7,0.25
1764925200,2025-12-05 09:00:00,4.0,253.48,0.13,1.26,147.59,9.77,64.3,119.49,0.2
1764928800,2025-12-05 10:00:00,4.0,251.68,0.1,1.17,151.3,9.94,65.71,119.93,0.12
1764932400,2025-12-05 11:00:00,4.0,255.2,0.08,1.27,154.16,10.28,67.36,121.19,0.1
1764936000,2025-12-05 12:00:00,4.0,257.59,0.04,1.46,155.13,10.63,68.31,121.03,0.08
1764939600,2025-12-05 13:00:00,4.0,259.44,0.0,1.59,155.3,11.16,68.9,121.29,0.06
1764943200,2025-12-05 14:00:00,4.0,261.65,0.0,1.38,154.94,11.88,69.0,121.5,0.05
1764946800,2025-12-05 15:00:00,4.0,264.87,0.0,1.26,154.57,12.77,68.62,120.86,0.06
1764950400,2025-12-05 16:00:00,4.0,278.68,0.0,1.48,153.5,13.8,68.5,121.06,0.13
1764954000,2025-12-05 17:00:00,4.0,315.46,0.0,2.2,151.24,15.1,69.87,125.16,0.29
1764957600,2025-12-05 18:00:00,4.0,362.4,0.0,2.99,147.8,16.4,73.4,135.49,0.41
1764961200,2025-12-05 19:00:00,5.0,388.48,0.0,3.23,144.47,16.3,79.78,151.81,0.31
1764964800,2025-12-05 20:00:00,5.0,412.38,0.0,3.25,140.34,15.28,87.0,169.6,0.29
1764968400,2025-12-05 21:00:00,5.0,422.12,0.0,2.97,135.85,13.91,93.44,185.11,0.26
1764972000,2025-12-05 22:00:00,5.0,410.71,0.0,2.5,132.32,12.4,97.17,193.47,0.18
1764975600,2025-12-05 23:00:00,5.0,390.38,0.0,2.07,129.96,11.0,97.98,194.33,0.11
1764979200,2025-12-06 00:00:00,5.0,368.58,0.0,1.72,128.71,9.78,97.3,191.21,0.06
1764982800,2025-12-06 01:00:00,5.0,355.42,0.0,1.52,126.06,8.79,96.61,190.69,0.01
1764986400,2025-12-06 02:00:00,5.0,349.57,0.0,1.45,123.12,8.0,96.4,194.58,0.0
1764990000,2025-12-06 03:00:00,5.0,341.09,0.0,1.62,122.78,7.3,95.84,198.61,0.0
1764993600,2025-12-06 04:00:00,5.0,330.55,0.03,2.08,123.79,6.66,95.71,206.43,0.0
1764997200,2025-12-06 05:00:00,5.0,321.57,0.1,2.26,126.39,6.15,97.08,220.48,0.0
1765000800,2025-12-06 06:00:00,5.0,314.97,0.15,2.15,130.73,5.78,99.59,234.5,0.0
1765004400,2025-12-06 07:00:00,5.0,307.53,0.15,1.77,136.15,5.51,101.4,239.94,0.0
1765008000,2025-12-06 08:00:00,5.0,302.13,0.13,1.43,141.56,5.43,102.47,238.1,0.0
1765011600,2025-12-06 09:00:00,5.0,297.22,0.11,1.25,146.04,5.5,102.31,230.65,0.0
1765015200,2025-12-06 10:00:00,5.0,283.9,0.08,1.06,150.37,5.26,96.52,203.32,0.0
1765018800,2025-12-06 11:00:00,5.0,279.22,0.06,1.11,151.96,5.17,92.76,185.99,0.0
1765022400,2025-12-06 12:00:00,5.0,279.55,0.03,1.33,152.68,5.34,90.9,177.94,0.0
1765026000,2025-12-06 13:00:00,5.0,282.81,0.0,1.52,153.29,5.7,89.83,173.09,0.0
1765029600,2025-12-06 14:00:00,5.0,286.87,0.0,1.45,152.93,6.1,88.82,169.48,0.0
1765033200,2025-12-06 15:00:00,5.0,291.88,0.0,1.4,151.71,6.5,88.02,167.0,0.0
1765036800,2025-12-06 16:00:00,5.0,300.56,0.0,1.49,150.85,6.97,87.63,162.99,0.0
1765040400,2025-12-06 17:00:00,5.0,313.03,0.0,1.67,148.11,7.38,88.5,165.51,0.06
1765044000,2025-12-06 18:00:00,5.0,322.32,0.0,1.75,144.5,7.68,89.67,171.94,0.16
1765047600,2025-12-06 19:00:00,5.0,328.12,0.0,1.77,140.42,7.95,90.8,178.9,0.22
1765051200,2025-12-06 20:00:00,5.0,333.89,0.0,1.75,135.96,8.1,92.41,187.68,0.24
1765054800,2025-12-06 21:00:00,5.0,338.96,0.0,1.66,131.38,7.95,93.75,194.22,0.23
1765058400,2025-12-06 22:00:00,5.0,340.66,0.0,1.54,127.65,7.58,94.31,197.18,0.19
1765062000,2025-12-06 23:00:00,5.0,340.77,0.0,1.43,126.1,7.16,94.66,198.46,0.16
1765065600,2025-12-07 00:00:00,5.0,340.03,0.0,1.34,125.62,6.71,94.99,199.99,0.13
1765069200,2025-12-07 01:00:00,5.0,339.43,0.0,1.28,125.14,6.28,95.54,203.81,0.12
1765072800,2025-12-07 02:00:00,5.0,340.76,0.0,1.26,123.54,5.86,97.03,212.15,0.13
1765076400,2025-12-07 03:00:00,5.0,342.32,0.0,1.45,122.51,5.53,99.09,222.85,0.15
1765080000,2025-12-07 04:00:00,5.0,342.7,0.05,1.8,121.94,5.24,101.5,234.83,0.19
1765083600,2025-12-07 05:00:00,5.0,343.57,0.14,1.86,124.01,5.05,104.59,246.62,0.21
1765087200,2025-12-07 06:00:00,5.0,345.4,0.17,1.76,129.3,5.0,108.2,256.11,0.2
1765090800,2025-12-07 07:00:00,5.0,347.73,0.17,1.57,135.8,5.1,112.27,263.85,0.18
1765094400,2025-12-07 08:00:00,5.0,353.54,0.14,1.41,142.3,5.37,117.51,271.85,0.16
1765098000,2025-12-07 09:00:00,5.0,358.97,0.12,1.36,149.34,5.82,121.15,273.82,0.14
1765101600,2025-12-07 10:00:00,5.0,363.53,0.11,1.42,156.51,6.42,122.87,270.38,0.12
1765105200,2025-12-07 11:00:00,5.0,365.9,0.08,1.6,162.08,7.07,122.21,261.86,0.1
1765108800,2025-12-07 12:00:00,5.0,365.65,0.04,1.89,165.44,7.71,119.96,250.74,0.07
1765112400,2025-12-07 13:00:00,5.0,365.97,0.0,2.05,167.15,8.36,116.65,237.96,0.02
1765116000,2025-12-07 14:00:00,5.0,363.18,0.0,1.71,167.02,8.86,112.16,223.71,0.0
1765119600,2025-12-07 15:00:00,5.0,352.59,0.0,1.4,165.67,9.12,105.73,206.63,0.0
1765123200,2025-12-07 16:00:00,5.0,333.41,0.0,1.17,162.68,8.93,97.26,185.94,0.0
1765126800,2025-12-07 17:00:00,5.0,311.18,0.0,1.01,158.09,8.51,88.53,166.12,0.0
1765130400,2025-12-07 18:00:00,5.0,291.41,0.0,0.94,152.95,8.07,80.41,149.71,0.0
1765134000,2025-12-07 19:00:00,4.0,272.0,0.0,1.11,146.89,8.58,71.72,134.59,0.0
1765137600,2025-12-07 20:00:00,4.0,275.9,0.0,1.48,141.45,9.29,67.95,129.93,0.01
1765141200,2025-12-07 21:00:00,4.0,298.34,0.0,1.92,136.62,10.07,68.97,134.97,0.05
1765144800,2025-12-07 22:00:00,4.0,316.24,0.0,2.18,133.42,10.96,71.27,142.77,0.1
1765148400,2025-12-07 23:00:00,4.0,337.36,0.0,2.38,129.45,11.29,74.75,151.86,0.13
1765152000,2025-12-08 00:00:00,5.0,355.82,0.0,2.47,126.15,11.4,78.77,160.96,0.15
1765155600,2025-12-08 01:00:00,5.0,376.92,0.0,2.52,123.0,11.44,84.6,172.32,0.17
1765159200,2025-12-08 02:00:00,5.0,404.5,0.0,2.57,120.31,11.53,92.62,186.71,0.17
1765162800,2025-12-08 03:00:00,5.0,417.89,0.01,2.93,118.94,11.73,98.31,195.14,0.16
1765166400,2025-12-08 04:00:00,5.0,415.06,0.13,3.59,119.72,11.9,101.24,197.01,0.13
1765170000,2025-12-08 05:00:00,5.0,402.36,0.29,3.57,124.8,11.89,102.61,194.73,0.1
1765173600,2025-12-08 06:00:00,5.0,386.29,0.34,3.23,133.52,11.6,103.67,191.53,0.05
1765177200,2025-12-08 07:00:00,5.0,373.75,0.29,2.7,143.53,11.26,106.01,191.95,0.0
1765180800,2025-12-08 08:00:00,5.0,372.39,0.23,2.27,153.3,11.17,111.02,197.95,0.0
1765184400,2025-12-08 09:00:00,5.0,374.98,0.19,2.05,162.29,11.16,115.94,203.86,0.0
1765188000,2025-12-08 10:00:00,5.0,388.08,0.16,2.1,170.71,11.34,120.74,209.09,0.0
1765191600,2025-12-08 11:00:00,5.0,411.43,0.13,2.45,178.42,11.7,125.31,212.64,0.0
1765195200,2025-12-08 12:00:00,5.0,433.07,0.07,3.07,183.11,12.3,127.33,212.38,0.0
1765198800,2025-12-08 13:00:00,5.0,453.74,0.01,3.54,185.08,13.11,127.52,209.82,0.0
1765202400,2025-12-08 14:00:00,5.0,472.38,0.0,3.12,183.7,13.98,126.55,205.59,0.0
1765206000,2025-12-08 15:00:00,5.0,489.82,0.0,3.0,180.13,14.8,124.92,201.01,0.0
1765209600,2025-12-08 16:00:00,5.0,515.92,0.0,3.4,173.1,15.4,123.74,198.61,0.06
1765213200,2025-12-08 17:00:00,5.0,538.56,0.0,3.93,162.26,15.33,122.57,198.62,0.15
1765216800,2025-12-08 18:00:00,5.0,538.4,0.0,4.14,149.64,14.57,120.32,199.31,0.2
1765220400,2025-12-08 19:00:00,5.0,512.36,0.0,3.94,138.72,13.57,117.23,199.2,0.2
1765224000,2025-12-08 20:00:00,5.0,482.39,0.0,3.56,130.0,12.51,114.07,197.54,0.18
1765227600,2025-12-08 21:00:00,5.0,452.14,0.0,3.16,123.36,11.55,110.48,193.75,0.16
1765231200,2025-12-08 22:00:00,5.0,424.94,0.0,2.77,118.44,10.66,106.53,188.08,0.15
1765234800,2025-12-08 23:00:00,5.0,405.8,0.0,2.49,115.37,9.95,103.13,182.52,0.15
1765238400,2025-12-09 00:00:00,5.0,389.49,0.0,2.28,113.12,9.32,99.25,175.89,0.19
1765242000,2025-12-09 01:00:00,5.0,375.72,0.0,2.13,111.57,8.78,94.98,168.86,0.24
1765245600,2025-12-09 02:00:00,5.0,368.29,0.0,2.04,110.01,8.31,91.45,163.57,0.29
1765249200,2025-12-09 03:00:00,5.0,363.13,0.01,2.26,108.7,7.94,88.42,160.21,0.33
1765252800,2025-12-09 04:00:00,5.0,355.91,0.13,2.75,108.37,7.65,85.54,158.13,0.36
1765256400,2025-12-09 05:00:00,5.0,346.9,0.28,2.87,112.26,7.71,82.72,156.82,0.38
1765260000,2025-12-09 06:00:00,5.0,335.38,0.34,2.79,120.22,8.19,80.25,156.1,0.39
1765263600,2025-12-09 07:00:00,5.0,323.15,0.31,2.51,131.02,9.05,78.43,155.25,0.37
1765267200,2025-12-09 08:00:00,5.0,315.2,0.26,2.27,141.71,10.14,77.92,155.04,0.34
1765270800,2025-12-09 09:00:00,5.0,311.31,0.22,2.19,152.42,11.7,78.04,155.09,0.28
1765274400,2025-12-09 10:00:00,5.0,309.86,0.19,2.27,162.42,13.64,77.68,153.52,0.22
1765278000,2025-12-09 11:00:00,5.0,310.26,0.16,2.53,168.71,15.39,76.42,149.88,0.15
1765281600,2025-12-09 12:00:00,4.0,307.38,0.09,3.02,170.66,17.16,73.64,144.27,0.08
1765285200,2025-12-09 13:00:00,4.0,307.75,0.01,3.46,168.56,18.64,70.68,138.7,0.03
1765288800,2025-12-09 14:00:00,4.0,308.15,0.0,2.9,164.2,19.42,67.69,132.95,0.0
1765292400,2025-12-09 15:00:00,4.0,298.68,0.0,2.32,158.32,19.73,63.54,125.27,0.0
1765296000,2025-12-09 16:00:00,4.0,285.04,0.0,1.9,152.17,19.54,59.4,117.58,0.0
1765299600,2025-12-09 17:00:00,4.0,275.97,0.0,1.66,146.12,18.96,56.27,110.97,0.0
1765303200,2025-12-09 18:00:00,4.0,277.95,0.0,1.65,140.47,18.34,53.94,105.49,0.0
1765306800,2025-12-09 19:00:00,4.0,295.89,0.0,1.8,135.02,17.89,52.68,102.07,0.02
1765310400,2025-12-09 20:00:00,4.0,323.73,0.0,2.04,129.86,17.64,52.16,101.06,0.12
1765314000,2025-12-09 21:00:00,4.0,354.54,0.0,2.27,125.41,17.47,52.6,103.15,0.26
1765317600,2025-12-09 22:00:00,4.0,373.6,0.0,2.35,122.07,17.15,53.74,107.18,0.37
1765321200,2025-12-09 23:00:00,4.0,394.17,0.0,2.39,119.3,16.44,55.79,112.66,0.51
1765324800,2025-12-10 00:00:00,4.0,420.27,0.0,2.46,116.55,15.67,59.0,120.1,0.65
1765328400,2025-12-10 01:00:00,4.0,445.53,0.0,2.58,114.01,14.84,63.38,128.79,0.74
1765332000,2025-12-10 02:00:00,4.0,471.13,0.0,2.71,111.51,14.1,68.88,138.25,0.8
1765335600,2025-12-10 03:00:00,4.0,492.01,0.01,3.06,109.74,13.61,74.91,147.98,0.83
1765339200,2025-12-10 04:00:00,5.0,507.78,0.16,3.68,110.44,13.5,82.16,159.13,0.86
1765342800,2025-12-10 05:00:00,5.0,510.96,0.33,3.65,115.75,13.11,89.25,168.52,0.83
1765346400,2025-12-10 06:00:00,5.0,500.0,0.33,3.18,124.9,12.52,95.5,174.52,0.76
1765350000,2025-12-10 07:00:00,5.0,476.58,0.24,2.38,136.1,12.01,100.06,176.74,0.68
1765353600,2025-12-10 08:00:00,5.0,454.43,0.16,1.74,146.0,11.64,103.14,176.48,0.61
1765357200,2025-12-10 09:00:00,5.0,435.17,0.12,1.39,153.7,11.46,104.58,174.23,0.59
1765360800,2025-12-10 10:00:00,5.0,415.81,0.09,1.25,160.71,11.37,103.47,168.34,0.55
1765364400,2025-12-10 11:00:00,5.0,406.66,0.07,1.28,165.72,11.36,102.69,163.75,0.43
1765368000,2025-12-10 12:00:00,5.0,398.95,0.04,1.42,168.33,11.39,100.49,157.88,0.3
1765371600,2025-12-10 13:00:00,5.0,389.5,0.0,1.44,169.07,11.46,96.88,150.19,0.19
1765375200,2025-12-10 14:00:00,5.0,381.02,0.0,1.15,168.55,11.45,92.94,142.18,0.11
1765378800,2025-12-10 15:00:00,5.0,369.44,0.0,0.97,166.6,11.3,88.06,132.9,0.04
1765382400,2025-12-10 16:00:00,5.0,353.77,0.0,0.85,163.31,10.91,82.65,122.8,0.0
1765386000,2025-12-10 17:00:00,5.0,339.0,0.0,0.77,159.74,10.38,77.55,113.49,0.0
1765389600,2025-12-10 18:00:00,4.0,321.72,0.0,0.7,155.81,9.73,72.25,104.14,0.0
1765393200,2025-12-10 19:00:00,4.0,302.66,0.0,0.62,151.5,8.99,66.98,95.09,0.0
1765396800,2025-12-10 20:00:00,4.0,282.65,0.0,0.55,147.12,8.18,61.64,86.22,0.0
1765400400,2025-12-10 21:00:00,4.0,259.96,0.0,0.48,142.89,7.3,56.08,77.24,0.0
1765404000,2025-12-10 22:00:00,4.0,236.18,0.0,0.41,138.53,6.41,50.26,68.14,0.0
1765407600,2025-12-10 23:00:00,3.0,216.08,0.0,0.35,134.15,5.6,45.36,60.75,0.0
1765411200,2025-12-11 00:00:00,3.0,199.4,0.0,0.3,130.26,4.88,41.35,54.87,0.0
1765414800,2025-12-11 01:00:00,3.0,184.55,0.0,0.25,126.87,4.25,37.9,49.93,0.0
1765418400,2025-12-11 02:00:00,3.0,172.71,0.0,0.22,123.71,3.74,35.0,45.85,0.0
1765422000,2025-12-11 03:00:00,3.0,162.76,0.0,0.22,121.3,3.33,32.53,42.25,0.0
1765425600,2025-12-11 04:00:00,3.0,153.89,0.01,0.22,119.38,2.99,30.25,38.76,0.0
1765429200,2025-12-11 05:00:00,3.0,147.01,0.02,0.17,117.76,2.65,28.49,36.14,0.0
1765432800,2025-12-11 06:00:00,3.0,140.49,0.01,0.13,115.94,2.31,26.98,33.96,0.0
1765436400,2025-12-11 07:00:00,3.0,134.34,0.01,0.1,113.92,2.0,25.46,31.78,0.0
1765440000,2025-12-11 08:00:00,3.0,128.55,0.01,0.08,111.82,1.71,23.93,29.66,0.0
1765443600,2025-12-11 09:00:00,3.0,123.12,0.01,0.07,110.08,1.49,22.54,27.77,0.0
1765447200,2025-12-11 10:00:00,3.0,118.27,0.01,0.07,109.23,1.31,21.09,25.87,0.0
1765450800,2025-12-11 11:00:00,3.0,113.47,0.01,0.07,108.1,1.17,19.63,24.05,0.0
1765454400,2025-12-11 12:00:00,3.0,109.66,0.0,0.08,107.1,1.05,18.4,22.57,0.0
1765458000,2025-12-11 13:00:00,3.0,106.64,0.0,0.09,106.27,0.94,17.34,21.35,0.0
1765461600,2025-12-11 14:00:00,3.0,103.78,0.0,0.08,105.37,0.84,16.29,20.18,0.0
1765465200,2025-12-11 15:00:00,3.0,101.16,0.0,0.07,104.51,0.73,15.29,19.07,0.0
1765468800,2025-12-11 16:00:00,3.0,98.94,0.0,0.06,103.38,0.63,14.38,18.05,0.0
1765472400,2025-12-11 17:00:00,3.0,97.55,0.0,0.06,101.99,0.54,13.77,17.33,0.0
1765476000,2025-12-11 18:00:00,3.0,96.72,0.0,0.05,100.77,0.47,13.29,16.78,0.0
1765479600,2025-12-11 19:00:00,2.0,95.81,0.0,0.05,99.8,0.42,12.91,16.34,0.0
1765483200,2025-12-11 20:00:00,2.0,95.1,0.0,0.04,99.24,0.38,12.61,15.98,0.0
1765486800,2025-12-11 21:00:00,2.0,94.73,0.0,0.04,98.87,0.35,12.35,15.66,0.0
1765490400,2025-12-11 22:00:00,2.0,94.17,0.0,0.04,98.47,0.32,12.08,15.33,0.0
1765494000,2025-12-11 23:00:00,2.0,93.76,0.0,0.04,98.02,0.29,11.84,15.11,0.0
1765497600,2025-12-12 00:00:00,2.0,93.5,0.0,0.04,97.65,0.26,11.7,15.11,0.0
1765501200,2025-12-12 01:00:00,2.0,93.13,0.0,0.04,97.77,0.23,11.63,15.32,0.0
1765504800,2025-12-12 02:00:00,2.0,93.0,0.0,0.03,98.24,0.21,11.64,15.66,0.0
1765508400,2025-12-12 03:00:00,2.0,92.86,0.0,0.04,98.73,0.19,11.76,16.16,0.0
1765512000,2025-12-12 04:00:00,2.0,92.51,0.0,0.05,99.07,0.18,11.84,16.53,0.0
1765515600,2025-12-12 05:00:00,2.0,92.33,0.0,0.04,99.02,0.17,11.95,16.89,0.0
1765519200,2025-12-12 06:00:00,2.0,92.29,0.0,0.03,98.32,0.16,12.1,17.23,0.0
1765522800,2025-12-12 07:00:00,2.0,91.88,0.0,0.03,96.95,0.15,12.21,17.46,0.0
1765526400,2025-12-12 08:00:00,2.0,91.32,0.0,0.02,95.43,0.14,12.31,17.69,0.0
1765530000,2025-12-12 09:00:00,2.0,90.8,0.0,0.02,93.84,0.13,12.42,17.96,0.0
1765533600,2025-12-12 10:00:00,2.0,90.81,0.0,0.03,93.1,0.12,12.54,18.22,0.0
1765537200,2025-12-12 11:00:00,2.0,90.44,0.0,0.03,92.7,0.11,12.5,18.23,0.0
1765540800,2025-12-12 12:00:00,2.0,90.11,0.0,0.03,92.58,0.11,12.35,18.04,0.0
1765544400,2025-12-12 13:00:00,2.0,90.0,0.0,0.04,93.0,0.1,12.13,17.72,0.0
1765548000,2025-12-12 14:00:00,2.0,89.85,0.0,0.04,93.36,0.1,11.91,17.45,0.0
1765551600,2025-12-12 15:00:00,2.0,89.61,0.0,0.04,93.63,0.1,11.69,17.13,0.0
1765555200,2025-12-12 16:00:00,2.0,89.2,0.0,0.04,93.82,0.09,11.41,16.71,0.0
1765558800,2025-12-12 17:00:00,2.0,89.01,0.0,0.04,94.13,0.09,11.16,16.3,0.0
1765562400,2025-12-12 18:00:00,2.0,88.85,0.0,0.04,94.53,0.09,10.96,15.96,0.0
1765566000,2025-12-12 19:00:00,2.0,88.47,0.0,0.04,94.79,0.09,10.81,15.65,0.0
1765569600,2025-12-12 20:00:00,2.0,88.31,0.0,0.04,94.94,0.09,10.69,15.37,0.0
1765573200,2025-12-12 21:00:00,2.0,88.16,0.0,0.03,95.24,0.09,10.55,15.04,0.0
1765576800,2025-12-12 22:00:00,2.0,87.95,0.0,0.03,95.57,0.09,10.36,14.65,0.0
1765580400,2025-12-12 23:00:00,2.0,87.89,0.0,0.03,95.96,0.09,10.18,14.27,0.0
1765584000,2025-12-13 00:00:00,2.0,87.74,0.0,0.03,96.13,0.09,10.07,14.04,0.0
1765587600,2025-12-13 01:00:00,2.0,87.95,0.0,0.03,96.3,0.09,10.06,13.99,0.0
1765591200,2025-12-13 02:00:00,2.0,88.14,0.0,0.03,96.6,0.1,10.1,13.99,0.0
1765594800,2025-12-13 03:00:00,2.0,88.44,0.0,0.04,96.75,0.1,10.17,13.99,0.0
1765598400,2025-12-13 04:00:00,2.0,88.38,0.0,0.05,96.53,0.1,10.17,13.9,0.0
1765602000,2025-12-13 05:00:00,2.0,88.36,0.0,0.04,96.33,0.1,10.07,13.71,0.0
1765605600,2025-12-13 06:00:00,2.0,88.29,0.0,0.03,95.93,0.1,9.98,13.56,0.0
1765609200,2025-12-13 07:00:00,2.0,88.11,0.0,0.03,95.17,0.1,9.83,13.31,0.0
1765612800,2025-12-13 08:00:00,2.0,87.65,0.0,0.02,94.09,0.09,9.6,12.97,0.0
1765616400,2025-12-13 09:00:00,2.0,87.19,0.0,0.02,92.91,0.09,9.4,12.71,0.0
1765620000,2025-12-13 10:00:00,2.0,87.37,0.0,0.03,92.46,0.09,9.24,12.51,0.0
1765623600,2025-12-13 11:00:00,2.0,87.41,0.0,0.03,91.77,0.09,9.08,12.29,0.0
1765627200,2025-12-13 12:00:00,2.0,87.29,0.0,0.04,91.34,0.08,8.95,12.1,0.0
1765630800,2025-12-13 13:00:00,2.0,87.43,0.0,0.05,91.23,0.08,8.85,11.96,0.0
1765634400,2025-12-13 14:00:00,2.0,87.69,0.0,0.05,91.19,0.08,8.79,11.87,0.0
1765638000,2025-12-13 15:00:00,2.0,87.75,0.0,0.05,90.99,0.08,8.73,11.78,0.0
1765641600,2025-12-13 16:00:00,2.0,87.68,0.0,0.05,90.75,0.08,8.66,11.68,0.0
1765645200,2025-12-13 17:00:00,2.0,87.71,0.0,0.04,90.73,0.08,8.61,11.61,0.0
1765648800,2025-12-13 18:00:00,2.0,87.97,0.0,0.04,90.82,0.07,8.55,11.53,0.0
1765652400,2025-12-13 19:00:00,2.0,87.99,0.0,0.04,90.76,0.07,8.49,11.46,0.0
1765656000,2025-12-13 20:00:00,2.0,88.17,0.0,0.04,90.86,0.07,8.46,11.46,0.0
1765659600,2025-12-13 21:00:00,2.0,88.38,0.0,0.04,91.04,0.08,8.46,11.53,0.0
1765663200,2025-12-13 22:00:00,2.0,88.66,0.0,0.04,91.25,0.08,8.47,11.66,0.0
1765666800,2025-12-13 23:00:00,2.0,88.99,0.0,0.04,91.62,0.08,8.51,11.88,0.0
1765670400,2025-12-14 00:00:00,2.0,89.33,0.0,0.04,91.91,0.08,8.63,12.23,0.0
1765674000,2025-12-14 01:00:00,2.0,90.39,0.0,0.04,92.23,0.1,8.86,12.81,0.0
1765677600,2025-12-14 02:00:00,2.0,92.36,0.0,0.06,92.58,0.14,9.21,13.62,0.0
1765681200,2025-12-14 03:00:00,2.0,95.38,0.0,0.1,93.0,0.23,9.68,14.66,0.0
1765684800,2025-12-14 04:00:00,2.0,100.91,0.01,0.21,93.07,0.46,10.27,15.9,0.0
1765688400,2025-12-14 05:00:00,2.0,109.08,0.04,0.36,93.83,0.93,11.18,17.56,0.0
1765692000,2025-12-14 06:00:00,2.0,118.63,0.07,0.51,95.44,1.61,12.69,19.92,0.0
1765695600,2025-12-14 07:00:00,2.0,127.11,0.08,0.55,98.59,2.39,14.87,23.11,0.0
1765699200,2025-12-14 08:00:00,3.0,137.07,0.07,0.57,102.87,3.34,18.2,28.1,0.0
1765702800,2025-12-14 09:00:00,3.0,147.66,0.06,0.63,108.4,4.43,22.3,34.4,0.0
1765706400,2025-12-14 10:00:00,3.0,155.77,0.06,0.7,114.37,5.35,25.82,40.06,0.0
1765710000,2025-12-14 11:00:00,3.0,162.18,0.05,0.82,119.61,6.0,28.3,44.45,0.0
1765713600,2025-12-14 12:00:00,3.0,167.44,0.04,1.01,123.52,6.54,29.93,47.82,0.0
1765717200,2025-12-14 13:00:00,3.0,172.74,0.01,1.21,126.77,7.06,30.98,50.66,0.0
1765720800,2025-12-14 14:00:00,3.0,176.88,0.0,1.12,128.66,7.46,31.57,52.98,0.0
1765724400,2025-12-14 15:00:00,3.0,178.45,0.0,1.0,129.35,7.66,31.63,54.37,0.0
1765728000,2025-12-14 16:00:00,3.0,183.64,0.0,1.03,130.17,8.27,32.64,57.62,0.0
1765731600,2025-12-14 17:00:00,3.0,201.61,0.0,1.34,131.09,9.65,35.96,65.78,0.0
1765735200,2025-12-14 18:00:00,3.0,232.02,0.0,1.77,130.48,11.13,41.29,78.56,0.0
1765738800,2025-12-14 19:00:00,3.0,273.26,0.0,2.13,129.03,12.31,49.61,97.55,0.04
1765742400,2025-12-14 20:00:00,4.0,330.3,0.0,2.44,126.5,12.78,62.02,124.46,0.12
1765746000,2025-12-14 21:00:00,5.0,393.8,0.0,2.57,123.16,12.62,78.76,158.89,0.17
1765749600,2025-12-14 22:00:00,5.0,445.36,0.0,2.46,119.67,11.91,95.64,191.27,0.17
1765753200,2025-12-14 23:00:00,5.0,479.69,0.0,2.27,115.9,11.03,108.99,215.52,0.13
1765756800,2025-12-15 00:00:00,5.0,497.59,0.0,2.06,112.35,10.13,118.23,231.4,0.08
1765760400,2025-12-15 01:00:00,5.0,503.05,0.0,1.9,109.13,9.28,123.94,240.76,0.04
1765764000,2025-12-15 02:00:00,5.0,503.34,0.0,1.79,107.35,8.6,128.0,247.22,0.0
1765767600,2025-12-15 03:00:00,5.0,500.86,0.0,1.85,106.71,8.13,131.1,251.4,0.0
1765771200,2025-12-15 04:00:00,5.0,490.86,0.07,2.19,107.8,7.71,132.2,250.59,0.0
1765774800,2025-12-15 05:00:00,5.0,488.07,0.18,2.2,112.27,7.39,135.33,251.88,0.0
1765778400,2025-12-15 06:00:00,5.0,494.51,0.21,1.97,120.56,7.26,142.14,258.51,0.0
1765782000,2025-12-15 07:00:00,5.0,503.73,0.17,1.6,130.67,7.26,150.43,267.33,0.0
1765785600,2025-12-15 08:00:00,5.0,518.33,0.13,1.34,140.28,7.4,160.39,279.37,0.0
1765789200,2025-12-15 09:00:00,5.0,529.31,0.11,1.24,149.61,7.63,168.33,288.06,0.0
1765792800,2025-12-15 10:00:00,5.0,530.4,0.1,1.29,157.96,8.01,171.65,290.36,0.0
1765796400,2025-12-15 11:00:00,5.0,514.74,0.08,1.45,163.28,8.4,168.02,282.29,0.0
1765800000,2025-12-15 12:00:00,5.0,495.55,0.05,1.76,165.38,8.86,161.65,270.43,0.0
1765803600,2025-12-15 13:00:00,5.0,451.71,0.01,1.91,161.93,8.87,146.67,245.41,0.0
1765807200,2025-12-15 14:00:00,5.0,418.91,0.0,1.71,157.42,8.91,133.83,223.2,0.0
1765810800,2025-12-15 15:00:00,5.0,416.32,0.0,1.68,155.15,9.54,129.75,215.23,0.0
1765814400,2025-12-15 16:00:00,5.0,433.68,0.0,1.81,153.58,10.42,131.85,218.13,0.0
1765818000,2025-12-15 17:00:00,5.0,467.77,0.0,1.96,152.05,11.27,139.2,230.88,0.0
1765821600,2025-12-15 18:00:00,5.0,504.7,0.0,2.03,149.7,11.87,148.61,247.98,0.0
1765825200,2025-12-15 19:00:00,5.0,545.71,0.0,2.19,144.49,11.99,158.28,264.49,0.0
1765828800,2025-12-15 20:00:00,5.0,596.88,0.0,2.37,137.38,11.85,170.79,283.38,0.0
1765832400,2025-12-15 21:00:00,5.0,636.2,0.0,2.34,130.62,11.51,181.44,298.53,0.0
1765836000,2025-12-15 22:00:00,5.0,661.53,0.0,2.2,125.38,11.07,188.91,307.76,0.0
1765839600,2025-12-15 23:00:00,5.0,677.35,0.0,2.03,121.77,10.6,193.91,312.34,0.0
1765843200,2025-12-16 00:00:00,5.0,683.66,0.0,1.85,120.05,9.96,196.02,311.37,0.0
1765846800,2025-12-16 01:00:00,5.0,690.42,0.0,1.71,119.64,9.34,198.31,310.43,0.0
1765850400,2025-12-16 02:00:00,5.0,704.1,0.0,1.59,120.64,8.83,202.9,313.3,0.0
1765854000,2025-12-16 03:00:00,5.0,719.72,0.0,1.62,122.62,8.35,209.02,320.03,0.0
1765857600,2025-12-16 04:00:00,5.0,735.43,0.04,1.95,124.78,7.76,215.6,329.35,0.0
1765861200,2025-12-16 05:00:00,5.0,764.61,0.11,2.12,129.07,7.25,227.06,347.28,0.0
1765864800,2025-12-16 06:00:00,5.0,796.7,0.15,2.07,136.64,6.96,240.91,369.65,0.0
1765868400,2025-12-16 07:00:00,5.0,815.57,0.14,1.78,145.83,6.93,252.37,389.79,0.0
1765872000,2025-12-16 08:00:00,5.0,824.5,0.11,1.47,154.51,7.18,260.59,406.36,0.0
1765875600,2025-12-16 09:00:00,5.0,810.97,0.09,1.29,160.65,7.68,262.0,414.47,0.0
1765879200,2025-12-16 10:00:00,5.0,781.97,0.08,1.31,165.17,8.37,257.08,413.69,0.0
1765882800,2025-12-16 11:00:00,5.0,739.71,0.06,1.5,165.84,8.9,245.23,400.85,0.0
1765886400,2025-12-16 12:00:00,5.0,699.22,0.03,1.84,163.72,9.26,231.94,383.42,0.0
1765890000,2025-12-16 13:00:00,5.0,662.1,0.0,2.06,160.22,9.57,219.37,364.74,0.0
1765893600,2025-12-16 14:00:00,5.0,627.8,0.0,1.86,155.36,9.66,207.28,345.2,0.0
1765897200,2025-12-16 15:00:00,5.0,601.1,0.0,1.81,150.19,9.67,196.25,326.48,0.0
1765900800,2025-12-16 16:00:00,5.0,523.16,0.0,1.87,145.58,9.62,168.36,276.27,0.0
1765904400,2025-12-16 17:00:00,5.0,478.08,0.0,2.01,139.49,9.43,149.9,242.7,0.0
1765908000,2025-12-16 18:00:00,5.0,471.87,0.0,2.16,133.96,9.5,145.18,234.42,0.0
1765911600,2025-12-16 19:00:00,5.0,485.07,0.0,2.21,128.21,9.49,148.12,239.9,0.0
1765915200,2025-12-16 20:00:00,5.0,514.65,0.0,2.18,122.81,9.19,156.87,254.87,0.0
1765918800,2025-12-16 21:00:00,5.0,536.21,0.0,2.07,118.47,8.73,163.63,265.46,0.0
1765922400,2025-12-16 22:00:00,5.0,547.88,0.0,1.9,115.59,8.27,167.11,269.91,0.0
1765926000,2025-12-16 23:00:00,5.0,551.28,0.0,1.71,114.99,7.89,168.49,271.13,0.0
1765929600,2025-12-17 00:00:00,5.0,547.53,0.0,1.49,115.51,7.53,168.86,271.58,0.0
1765933200,2025-12-17 01:00:00,5.0,544.37,0.0,1.3,117.09,7.21,169.47,273.42,0.0
1765936800,2025-12-17 02:00:00,5.0,546.82,0.0,1.18,118.97,7.0,171.57,278.53,0.0
1765940400,2025-12-17 03:00:00,5.0,557.16,0.0,1.2,121.03,6.86,175.76,286.97,0.0
1765944000,2025-12-17 04:00:00,5.0,571.47,0.03,1.47,122.82,6.74,181.1,296.93,0.0
1765947600,2025-12-17 05:00:00,5.0,594.3,0.08,1.56,125.71,6.69,188.73,309.25,0.0
1765951200,2025-12-17 06:00:00,5.0,612.37,0.11,1.45,130.81,6.77,196.26,319.61,0.0
1765954800,2025-12-17 07:00:00,5.0,617.22,0.1,1.21,136.27,6.97,200.31,322.9,0.0
1765958400,2025-12-17 08:00:00,5.0,611.26,0.08,0.99,141.5,7.26,201.25,320.25,0.0
1765962000,2025-12-17 09:00:00,5.0,595.76,0.07,0.87,145.38,7.68,199.09,312.0,0.0
1765965600,2025-12-17 10:00:00,5.0,575.84,0.06,0.87,148.77,8.17,194.64,300.81,0.0
1765969200,2025-12-17 11:00:00,5.0,556.04,0.04,0.94,149.72,8.51,189.39,288.71,0.0
1765972800,2025-12-17 12:00:00,5.0,530.55,0.02,1.06,149.6,8.97,182.01,273.53,0.0
1765976400,2025-12-17 13:00:00,5.0,505.14,0.0,1.09,149.6,9.6,173.83,257.34,0.0
1765980000,2025-12-17 14:00:00,5.0,482.37,0.0,0.91,149.38,10.1,166.3,242.68,0.0
1765983600,2025-12-17 15:00:00,5.0,459.71,0.0,0.78,149.21,10.52,158.85,228.14,0.0
1765987200,2025-12-17 16:00:00,5.0,435.12,0.0,0.7,148.78,10.91,150.48,211.73,0.0
1765990800,2025-12-17 17:00:00,5.0,411.1,0.0,0.65,148.8,11.2,142.09,195.41,0.0
1765994400,2025-12-17 18:00:00,5.0,390.64,0.0,0.61,148.92,11.34,134.97,181.93,0.0
1765998000,2025-12-17 19:00:00,5.0,376.0,0.0,0.58,148.57,11.3,129.8,171.71,0.0
1766001600,2025-12-17 20:00:00,5.0,370.87,0.0,0.58,148.11,11.13,127.48,166.42,0.0
1766005200,2025-12-17 21:00:00,5.0,376.11,0.0,0.67,147.03,10.87,127.49,165.61,0.0
1766008800,2025-12-17 22:00:00,5.0,390.92,0.0,0.79,145.41,10.56,129.86,169.2,0.0
1766012400,2025-12-17 23:00:00,5.0,414.35,0.0,0.93,143.64,10.3,134.5,177.3,0.0
1766016000,2025-12-18 00:00:00,5.0,448.04,0.0,1.06,141.51,10.1,141.96,191.49,0.0
1766019600,2025-12-18 01:00:00,5.0,472.96,0.0,1.05,141.22,10.48,149.32,208.22,0.0
1766023200,2025-12-18 02:00:00,5.0,521.02,0.0,1.16,138.37,10.59,161.5,232.67,0.0
1766026800,2025-12-18 03:00:00,5.0,576.93,0.0,1.37,134.24,10.64,176.73,262.5,0.0
1766030400,2025-12-18 04:00:00,5.0,629.61,0.03,1.86,129.59,10.62,192.1,292.88,0.0
1766034000,2025-12-18 05:00:00,5.0,665.84,0.11,2.21,127.81,10.54,205.09,318.14,0.0
1766037600,2025-12-18 06:00:00,5.0,680.55,0.18,2.31,130.96,10.43,214.0,334.81,0.0
1766041200,2025-12-18 07:00:00,5.0,674.5,0.2,2.12,138.95,10.25,218.25,342.0,0.0
1766044800,2025-12-18 08:00:00,5.0,654.18,0.16,1.84,148.53,9.96,218.88,341.65,0.0
1766048400,2025-12-18 09:00:00,5.0,619.11,0.13,1.66,157.68,9.67,214.47,331.97,0.0
1766052000,2025-12-18 10:00:00,5.0,588.68,0.11,1.67,165.28,9.26,208.71,319.16,0.0
1766055600,2025-12-18 11:00:00,5.0,572.4,0.09,1.83,169.56,8.81,204.47,309.44,0.0
1766059200,2025-12-18 12:00:00,5.0,553.29,0.05,2.08,171.39,8.64,198.07,296.19,0.0
1766062800,2025-12-18 13:00:00,5.0,536.1,0.02,2.28,172.32,8.65,191.5,283.16,0.0
1766066400,2025-12-18 14:00:00,5.0,522.01,0.0,1.92,171.28,8.71,185.98,272.65,0.0
1766070000,2025-12-18 15:00:00,5.0,508.04,0.0,1.51,169.94,8.95,181.6,264.84,0.0
1766073600,2025-12-18 16:00:00,5.0,495.77,0.0,1.3,169.32,9.42,178.94,259.74,0.0
1766077200,2025-12-18 17:00:00,5.0,498.99,0.0,1.22,168.3,9.69,179.35,259.5,0.0
1766080800,2025-12-18 18:00:00,5.0,509.58,0.0,1.24,167.18,10.11,180.92,261.62,0.0
1766084400,2025-12-18 19:00:00,5.0,528.87,0.0,1.37,165.83,10.79,182.31,263.97,0.0
1766088000,2025-12-18 20:00:00,5.0,567.31,0.0,1.83,163.03,11.82,183.47,267.13,0.02
1766091600,2025-12-18 21:00:00,5.0,628.41,0.0,2.57,158.18,13.3,184.22,271.51,0.03
1766095200,2025-12-18 22:00:00,5.0,686.17,0.0,3.19,152.41,15.05,184.26,276.42,0.02
1766098800,2025-12-18 23:00:00,5.0,738.24,0.0,3.55,145.5,16.35,184.45,282.17,0.0
1766102400,2025-12-19 00:00:00,5.0,778.8,0.0,3.63,137.72,16.97,185.74,289.51,0.0
1766106000,2025-12-19 01:00:00,5.0,802.46,0.0,3.52,129.33,16.58,188.57,297.8,0.0
1766109600,2025-12-19 02:00:00,5.0,811.74,0.0,3.28,121.08,15.12,193.22,306.1,0.0
1766113200,2025-12-19 03:00:00,5.0,798.88,0.0,3.05,114.19,13.22,197.85,311.36,0.0
1766116800,2025-12-19 04:00:00,5.0,765.13,0.05,3.19,109.22,10.99,200.82,311.55,0.0
1766120400,2025-12-19 05:00:00,5.0,719.75,0.16,2.98,108.64,8.97,201.48,307.19,0.0
1766124000,2025-12-19 06:00:00,5.0,668.12,0.21,2.5,113.78,7.47,198.99,298.76,0.0
1766127600,2025-12-19 07:00:00,5.0,615.46,0.18,1.9,121.05,6.45,193.84,287.94,0.0
1766131200,2025-12-19 08:00:00,5.0,576.43,0.14,1.48,126.99,5.75,189.29,278.74,0.0
1766134800,2025-12-19 09:00:00,5.0,545.09,0.12,1.31,131.59,5.38,184.89,270.73,0.0
1766138400,2025-12-19 10:00:00,5.0,521.47,0.1,1.33,135.89,5.31,181.21,265.27,0.0
1766142000,2025-12-19 11:00:00,5.0,500.79,0.07,1.45,138.45,5.25,177.11,260.86,0.0
1766145600,2025-12-19 12:00:00,5.0,480.27,0.03,1.65,139.29,5.26,172.2,256.78,0.0
1766149200,2025-12-19 13:00:00,5.0,466.7,0.0,1.75,138.8,5.28,169.01,254.25,0.0
1766152800,2025-12-19 14:00:00,5.0,458.05,0.0,1.42,136.78,5.17,167.59,253.07,0.0
1766156400,2025-12-19 15:00:00,5.0,446.09,0.0,1.1,134.97,4.98,165.75,252.35,0.0
1766160000,2025-12-19 16:00:00,5.0,433.94,0.0,0.92,133.48,4.76,163.91,252.28,0.0
1766163600,2025-12-19 17:00:00,5.0,422.54,0.0,0.8,132.0,4.59,161.73,251.15,0.0
1766167200,2025-12-19 18:00:00,5.0,411.86,0.0,0.73,130.92,4.45,159.22,248.48,0.0
1766170800,2025-12-19 19:00:00,5.0,402.82,0.0,0.69,129.69,4.33,156.36,244.45,0.0
1766174400,2025-12-19 20:00:00,5.0,397.3,0.0,0.69,128.51,4.29,153.37,239.09,0.0
1766178000,2025-12-19 21:00:00,5.0,395.23,0.0,0.72,127.47,4.35,150.26,233.01,0.0
1766181600,2025-12-19 22:00:00,5.0,396.03,0.0,0.78,126.9,4.49,146.78,226.63,0.0
1766185200,2025-12-19 23:00:00,5.0,394.26,0.0,0.8,126.15,4.57,143.36,220.53,0.01
1766188800,2025-12-20 00:00:00,5.0,391.9,0.0,0.79,125.64,4.63,140.2,215.15,0.01
1766192400,2025-12-20 01:00:00,5.0,389.21,0.0,0.78,126.05,4.79,137.49,210.52,0.01
1766196000,2025-12-20 02:00:00,5.0,397.22,0.0,0.8,125.28,4.89,136.86,208.41,0.01
1766199600,2025-12-20 03:00:00,5.0,413.18,0.0,0.9,123.9,4.95,137.87,208.6,0.01
1766203200,2025-12-20 04:00:00,5.0,435.36,0.03,1.12,122.44,5.03,139.97,210.13,0.0
1766206800,2025-12-20 05:00:00,5.0,457.79,0.08,1.2,122.37,5.05,143.09,212.97,0.01
1766210400,2025-12-20 06:00:00,5.0,477.15,0.1,1.13,124.9,5.02,146.81,216.4,0.01
1766214000,2025-12-20 07:00:00,5.0,485.9,0.09,0.94,128.88,4.94,148.75,216.46,0.0
1766217600,2025-12-20 08:00:00,5.0,491.03,0.07,0.76,132.01,4.78,151.3,217.81,0.0
1766221200,2025-12-20 09:00:00,5.0,494.38,0.06,0.67,134.38,4.61,153.88,219.87,0.0
1766224800,2025-12-20 10:00:00,5.0,483.93,0.05,0.64,136.69,4.48,153.7,218.7,0.0
1766228400,2025-12-20 11:00:00,5.0,472.23,0.03,0.67,138.14,4.35,152.17,215.23,0.0
1766232000,2025-12-20 12:00:00,5.0,461.14,0.02,0.73,138.11,4.2,150.29,211.32,0.0
1766235600,2025-12-20 13:00:00,5.0,456.5,0.0,0.73,138.3,4.09,149.12,208.45,0.0
1766239200,2025-12-20 14:00:00,5.0,457.49,0.0,0.62,138.58,4.01,148.26,205.86,0.0
1766242800,2025-12-20 15:00:00,5.0,454.45,0.0,0.53,138.41,3.88,146.3,201.51,0.0
1766246400,2025-12-20 16:00:00,5.0,449.11,0.0,0.48,137.67,3.71,143.87,196.44,0.0
1766250000,2025-12-20 17:00:00,5.0,447.66,0.0,0.45,136.98,3.56,142.45,192.87,0.0
1766253600,2025-12-20 18:00:00,5.0,440.51,0.0,0.42,136.02,3.35,140.31,188.2,0.0
1766257200,2025-12-20 19:00:00,5.0,421.87,0.0,0.38,134.38,3.03,136.16,180.42,0.0
1766260800,2025-12-20 20:00:00,5.0,401.38,0.0,0.34,132.77,2.67,132.42,173.55,0.0
1766264400,2025-12-20 21:00:00,5.0,383.74,0.0,0.3,131.06,2.33,129.92,168.82,0.0
1766268000,2025-12-20 22:00:00,5.0,366.57,0.0,0.25,129.15,1.97,127.19,163.81,0.0
1766271600,2025-12-20 23:00:00,5.0,351.54,0.0,0.21,127.23,1.63,124.0,158.38,0.0
1766275200,2025-12-21 00:00:00,5.0,341.86,0.0,0.17,125.22,1.36,120.81,153.26,0.0
1766278800,2025-12-21 01:00:00,5.0,330.99,0.0,0.14,123.61,1.11,114.86,144.26,0.0
1766282400,2025-12-21 02:00:00,5.0,318.28,0.0,0.12,121.47,0.87,103.87,128.59,0.0
1766286000,2025-12-21 03:00:00,5.0,304.32,0.0,0.11,118.21,0.66,89.74,109.58,0.0
1766289600,2025-12-21 04:00:00,4.0,285.92,0.0,0.12,114.25,0.5,73.57,88.7,0.0
1766293200,2025-12-21 05:00:00,4.0,267.97,0.0,0.11,110.08,0.38,58.86,70.35,0.0
1766296800,2025-12-21 06:00:00,3.0,250.26,0.01,0.11,105.73,0.29,46.54,55.41,0.0
1766300400,2025-12-21 07:00:00,3.0,229.86,0.01,0.1,101.01,0.22,35.11,41.89,0.0
1766304000,2025-12-21 08:00:00,3.0,208.14,0.01,0.1,96.55,0.17,25.5,30.95,0.0
1766307600,2025-12-21 09:00:00,2.0,187.41,0.01,0.11,93.19,0.15,18.03,22.89,0.0
1766311200,2025-12-21 10:00:00,2.0,167.63,0.02,0.14,91.65,0.15,12.14,17.03,0.0
1766314800,2025-12-21 11:00:00,2.0,150.45,0.02,0.18,91.44,0.15,8.02,13.44,0.0
1766318400,2025-12-21 12:00:00,2.0,138.68,0.01,0.23,92.54,0.17,5.78,12.15,0.0
1766322000,2025-12-21 13:00:00,2.0,131.62,0.0,0.29,94.15,0.2,4.85,12.32,0.0
1766325600,2025-12-21 14:00:00,2.0,128.04,0.0,0.29,95.85,0.22,4.62,13.13,0.0
1766329200,2025-12-21 15:00:00,2.0,126.16,0.0,0.28,97.38,0.25,4.65,14.04,0.0
1766332800,2025-12-21 16:00:00,2.0,125.03,0.0,0.27,98.58,0.27,4.73,14.75,0.0
1766336400,2025-12-21 17:00:00,3.0,124.32,0.0,0.27,100.15,0.3,4.84,15.5,0.0
1766340000,2025-12-21 18:00:00,3.0,123.55,0.0,0.27,101.91,0.34,4.97,16.28,0.0
1766343600,2025-12-21 19:00:00,3.0,123.04,0.0,0.27,103.84,0.39,5.11,17.06,0.0
1766347200,2025-12-21 20:00:00,3.0,122.88,0.0,0.28,105.53,0.43,5.25,17.78,0.0
1766350800,2025-12-21 21:00:00,3.0,122.71,0.0,0.28,106.94,0.45,5.32,18.23,0.0
1766354400,2025-12-21 22:00:00,3.0,122.75,0.0,0.27,107.76,0.46,5.28,18.33,0.0
1766358000,2025-12-21 23:00:00,3.0,123.39,0.0,0.27,108.31,0.46,5.15,18.1,0.0
1766361600,2025-12-22 00:00:00,3.0,124.54,0.0,0.27,108.32,0.43,5.01,17.81,0.0
1766365200,2025-12-22 01:00:00,3.0,126.32,0.0,0.26,107.86,0.4,4.89,17.57,0.0
1766368800,2025-12-22 02:00:00,3.0,128.71,0.0,0.26,107.16,0.35,4.85,17.52,0.0
1766372400,2025-12-22 03:00:00,3.0,131.11,0.0,0.29,106.3,0.31,4.89,17.78,0.0
1766376000,2025-12-22 04:00:00,3.0,132.38,0.02,0.32,105.24,0.29,4.95,18.06,0.0
1766379600,2025-12-22 05:00:00,3.0,133.91,0.03,0.32,104.88,0.32,5.09,18.45,0.01
1766383200,2025-12-22 06:00:00,3.0,136.27,0.04,0.33,105.24,0.5,5.36,19.1,0.03
1766386800,2025-12-22 07:00:00,3.0,138.98,0.05,0.35,106.0,0.84,5.82,19.99,0.06
1766390400,2025-12-22 08:00:00,3.0,142.14,0.05,0.36,107.73,1.33,6.63,21.35,0.08
1766394000,2025-12-22 09:00:00,3.0,146.62,0.05,0.39,110.63,2.05,7.94,23.3,0.08
1766397600,2025-12-22 10:00:00,3.0,150.23,0.05,0.4,113.74,2.66,9.4,25.51,0.07
1766401200,2025-12-22 11:00:00,3.0,153.11,0.04,0.43,116.36,3.07,10.68,27.56,0.06
1766404800,2025-12-22 12:00:00,3.0,155.45,0.03,0.52,117.94,3.38,11.6,29.02,0.05
1766408400,2025-12-22 13:00:00,3.0,157.62,0.01,0.61,119.18,3.62,12.25,30.11,0.04
1766412000,2025-12-22 14:00:00,3.0,159.26,0.0,0.55,119.4,3.63,12.73,31.2,0.03
1766415600,2025-12-22 15:00:00,3.0,159.28,0.0,0.47,118.81,3.4,12.95,31.92,0.03
1766419200,2025-12-22 16:00:00,3.0,158.16,0.0,0.42,117.91,3.11,12.95,32.05,0.02
1766422800,2025-12-22 17:00:00,3.0,157.44,0.0,0.39,117.06,2.92,13.08,32.48,0.01
1766426400,2025-12-22 18:00:00,3.0,157.02,0.0,0.4,116.05,2.83,13.32,33.39,0.01
1766430000,2025-12-22 19:00:00,3.0,161.28,0.0,0.55,114.59,3.03,13.85,34.96,0.04
1766433600,2025-12-22 20:00:00,3.0,179.5,0.0,1.01,112.97,3.77,15.65,38.88,0.12
1766437200,2025-12-22 21:00:00,3.0,225.76,0.0,1.77,110.31,5.64,21.21,49.65,0.22
1766440800,2025-12-22 22:00:00,3.0,291.53,0.0,2.38,107.4,8.82,34.43,72.81,0.19
1766444400,2025-12-22 23:00:00,4.0,376.92,0.0,2.82,104.23,10.65,54.28,105.51,0.11
1766448000,2025-12-23 00:00:00,5.0,461.75,0.0,2.91,101.89,11.55,79.49,143.95,0.01
1766451600,2025-12-23 01:00:00,5.0,525.07,0.0,2.65,101.69,11.64,104.85,179.6,0.0
1766455200,2025-12-23 02:00:00,5.0,562.24,0.0,2.27,103.45,11.06,124.64,204.53,0.0
1766458800,2025-12-23 03:00:00,5.0,580.22,0.0,2.07,106.44,10.26,137.28,218.7,0.0
1766462400,2025-12-23 04:00:00,5.0,584.6,0.05,2.35,110.16,9.52,142.67,223.4,0.0
1766466000,2025-12-23 05:00:00,5.0,584.33,0.16,2.52,115.77,9.27,143.24,223.21,0.0
1766469600,2025-12-23 06:00:00,5.0,575.9,0.23,2.52,123.97,9.54,139.73,218.45,0.0
1766473200,2025-12-23 07:00:00,5.0,522.92,0.22,2.17,131.0,9.59,123.66,194.28,0.0
1766476800,2025-12-23 08:00:00,5.0,476.31,0.17,1.67,136.91,9.5,110.9,174.21,0.0
1766480400,2025-12-23 09:00:00,5.0,438.57,0.12,1.33,140.39,9.32,101.2,158.16,0.0
1766484000,2025-12-23 10:00:00,5.0,395.97,0.1,1.14,141.02,8.76,89.46,139.26,0.0
1766487600,2025-12-23 11:00:00,5.0,364.74,0.07,1.16,139.67,8.3,79.79,124.16,0.0
1766491200,2025-12-23 12:00:00,4.0,351.2,0.04,1.39,138.99,8.39,74.54,116.37,0.0
1766494800,2025-12-23 13:00:00,4.0,346.65,0.0,1.67,138.32,8.85,71.52,112.37,0.0
1766498400,2025-12-23 14:00:00,4.0,346.32,0.0,1.72,136.76,9.53,69.47,110.07,0.0
1766502000,2025-12-23 15:00:00,4.0,349.67,0.0,1.79,134.78,10.34,68.36,109.52,0.0
1766505600,2025-12-23 16:00:00,4.0,358.82,0.0,1.95,132.8,11.17,68.4,110.99,0.0
1766509200,2025-12-23 17:00:00,4.0,370.33,0.0,2.07,130.54,11.82,69.2,114.09,0.0
1766512800,2025-12-23 18:00:00,4.0,382.2,0.0,2.13,127.97,12.21,69.93,117.31,0.03
1766516400,2025-12-23 19:00:00,4.0,390.82,0.0,2.12,125.17,12.35,70.28,119.9,0.05
1766520000,2025-12-23 20:00:00,4.0,396.18,0.0,2.09,122.14,12.37,69.91,121.34,0.07
1766523600,2025-12-23 21:00:00,4.0,393.45,0.0,2.01,118.95,12.18,68.2,120.07,0.08
1766527200,2025-12-23 22:00:00,4.0,380.42,0.0,1.88,116.07,11.75,64.64,115.11,0.07
1766530800,2025-12-23 23:00:00,4.0,361.73,0.0,1.74,113.84,11.17,60.07,108.09,0.06
1766534400,2025-12-24 00:00:00,4.0,340.52,0.0,1.61,112.07,10.53,55.13,100.41,0.06
1766538000,2025-12-24 01:00:00,4.0,318.89,0.0,1.51,110.74,9.96,50.04,92.69,0.06
1766541600,2025-12-24 02:00:00,3.0,298.2,0.0,1.43,109.65,9.5,45.01,85.42,0.07
1766545200,2025-12-24 03:00:00,3.0,279.8,0.0,1.51,109.15,9.06,40.62,79.29,0.08
1766548800,2025-12-24 04:00:00,3.0,266.55,0.06,1.82,109.18,8.72,37.68,75.71,0.09
1766552400,2025-12-24 05:00:00,3.0,263.48,0.16,1.8,111.38,8.54,37.42,76.73,0.12
1766556000,2025-12-24 06:00:00,3.0,267.78,0.19,1.61,115.76,8.38,39.65,81.39,0.13
1766559600,2025-12-24 07:00:00,3.0,274.79,0.16,1.29,121.18,8.16,43.47,87.61,0.1
1766563200,2025-12-24 08:00:00,3.0,282.58,0.12,1.01,126.34,7.95,47.95,94.16,0.06
1766566800,2025-12-24 09:00:00,4.0,291.73,0.09,0.84,130.66,7.7,52.55,100.41,0.02
1766570400,2025-12-24 10:00:00,4.0,297.51,0.07,0.77,133.67,7.46,55.98,104.13,0.0
1766574000,2025-12-24 11:00:00,4.0,298.19,0.06,0.79,135.42,7.28,57.57,104.76,0.0
1766577600,2025-12-24 12:00:00,4.0,297.63,0.03,0.9,135.89,7.23,57.94,103.79,0.0
1766581200,2025-12-24 13:00:00,4.0,296.88,0.0,1.0,136.15,7.39,57.41,101.64,0.0
1766584800,2025-12-24 14:00:00,4.0,294.75,0.0,0.92,136.31,7.73,56.2,98.78,0.0
1766588400,2025-12-24 15:00:00,4.0,291.79,0.0,0.84,136.22,8.01,54.63,95.38,0.0
1766592000,2025-12-24 16:00:00,4.0,289.05,0.0,0.78,135.96,8.17,53.29,92.49,0.0
1766595600,2025-12-24 17:00:00,4.0,286.7,0.0,0.73,135.24,8.23,52.35,90.26,0.0
1766599200,2025-12-24 18:00:00,4.0,284.65,0.0,0.71,134.56,8.33,51.5,88.5,0.0
1766602800,2025-12-24 19:00:00,4.0,282.97,0.0,0.69,133.69,8.41,50.86,87.1,0.0
1766606400,2025-12-24 20:00:00,3.0,279.94,0.0,0.67,132.26,8.48,49.99,85.26,0.0
1766610000,2025-12-24 21:00:00,3.0,277.14,0.0,0.68,131.19,8.67,48.51,82.84,0.0
1766613600,2025-12-24 22:00:00,3.0,269.42,0.0,0.63,130.33,8.58,46.19,79.03,0.0
1766617200,2025-12-24 23:00:00,3.0,261.54,0.0,0.59,129.23,8.34,43.63,74.83,0.0
1766620800,2025-12-25 00:00:00,3.0,255.63,0.0,0.58,128.14,8.05,41.33,71.13,0.0
1766624400,2025-12-25 01:00:00,3.0,253.77,0.0,0.64,126.76,7.88,39.68,68.55,0.01
1766628000,2025-12-25 02:00:00,3.0,259.74,0.0,0.8,125.01,8.12,39.15,68.05,0.05
1766631600,2025-12-25 03:00:00,3.0,271.21,0.0,1.06,123.91,8.71,39.66,69.59,0.11
1766635200,2025-12-25 04:00:00,3.0,291.59,0.03,1.57,122.54,9.61,41.79,74.23,0.18
1766638800,2025-12-25 05:00:00,3.0,310.01,0.11,1.75,122.92,10.03,44.68,79.67,0.21
1766642400,2025-12-25 06:00:00,3.0,321.14,0.14,1.6,125.31,9.87,47.65,84.29,0.19
1766646000,2025-12-25 07:00:00,3.0,319.84,0.12,1.2,128.85,9.31,49.79,86.46,0.1
1766649600,2025-12-25 08:00:00,4.0,317.67,0.09,0.86,131.97,8.75,51.87,88.34,0.01
1766653200,2025-12-25 09:00:00,4.0,317.94,0.07,0.71,134.11,8.3,54.19,90.89,0.0
1766656800,2025-12-25 10:00:00,4.0,314.79,0.05,0.65,135.73,7.87,55.27,91.32,0.0
1766660400,2025-12-25 11:00:00,4.0,307.1,0.04,0.66,135.91,7.33,54.67,89.08,0.0
1766664000,2025-12-25 12:00:00,4.0,298.81,0.02,0.71,135.02,6.77,53.38,86.14,0.0
1766667600,2025-12-25 13:00:00,4.0,292.1,0.0,0.7,133.85,6.29,52.02,83.44,0.0
1766671200,2025-12-25 14:00:00,4.0,284.19,0.0,0.59,132.69,5.8,50.3,80.24,0.0
1766674800,2025-12-25 15:00:00,3.0,273.82,0.0,0.5,131.0,5.28,47.91,76.0,0.0
1766678400,2025-12-25 16:00:00,3.0,263.18,0.0,0.44,129.1,4.8,45.57,71.85,0.0
1766682000,2025-12-25 17:00:00,3.0,252.03,0.0,0.4,127.27,4.32,43.12,67.56,0.0
1766685600,2025-12-25 18:00:00,3.0,238.01,0.0,0.36,124.82,3.77,39.93,62.28,0.0
1766689200,2025-12-25 19:00:00,3.0,222.78,0.0,0.31,122.19,3.22,36.6,56.91,0.0
1766692800,2025-12-25 20:00:00,3.0,209.69,0.0,0.28,119.66,2.78,33.82,52.47,0.0
1766696400,2025-12-25 21:00:00,3.0,199.0,0.0,0.25,117.58,2.42,31.52,48.9,0.0
1766700000,2025-12-25 22:00:00,3.0,188.49,0.0,0.22,115.03,2.08,29.21,45.46,0.0
1766703600,2025-12-25 23:00:00,3.0,178.44,0.0,0.19,112.53,1.76,26.93,42.32,0.0
1766707200,2025-12-26 00:00:00,3.0,170.18,0.0,0.17,110.26,1.5,24.98,39.79,0.0
1766710800,2025-12-26 01:00:00,3.0,162.99,0.0,0.15,108.29,1.27,23.25,37.7,0.0
1766714400,2025-12-26 02:00:00,3.0,156.64,0.0,0.13,106.43,1.07,21.68,35.88,0.0
1766718000,2025-12-26 03:00:00,3.0,150.96,0.0,0.13,104.9,0.89,20.29,34.26,0.0
1766721600,2025-12-26 04:00:00,3.0,146.61,0.0,0.14,103.42,0.77,19.28,32.93,0.0
1766725200,2025-12-26 05:00:00,3.0,144.6,0.01,0.15,102.5,0.72,18.81,32.09,0.0
1766728800,2025-12-26 06:00:00,3.0,145.65,0.02,0.18,101.89,0.78,18.68,31.8,0.0
1766732400,2025-12-26 07:00:00,3.0,145.98,0.02,0.18,101.65,0.88,18.73,31.67,0.0
1766736000,2025-12-26 08:00:00,3.0,146.39,0.02,0.16,101.64,0.99,18.98,31.71,0.0
1766739600,2025-12-26 09:00:00,3.0,149.52,0.02,0.16,102.33,1.2,19.65,32.2,0.0
1766743200,2025-12-26 10:00:00,3.0,151.85,0.02,0.17,103.4,1.38,20.35,32.73,0.0
1766746800,2025-12-26 11:00:00,3.0,151.88,0.02,0.19,103.41,1.42,20.59,32.75,0.0
1766750400,2025-12-26 12:00:00,3.0,151.34,0.01,0.22,103.29,1.42,20.63,32.57,0.0
1766754000,2025-12-26 13:00:00,3.0,151.25,0.0,0.24,103.34,1.42,20.7,32.47,0.0
1766757600,2025-12-26 14:00:00,3.0,150.93,0.0,0.22,103.24,1.39,20.74,32.34,0.0
1766761200,2025-12-26 15:00:00,3.0,149.54,0.0,0.19,102.9,1.31,20.64,32.1,0.0
1766764800,2025-12-26 16:00:00,3.0,148.19,0.0,0.18,102.68,1.26,20.57,31.84,0.0
1766768400,2025-12-26 17:00:00,3.0,146.82,0.0,0.17,102.47,1.2,20.41,31.42,0.0
1766772000,2025-12-26 18:00:00,3.0,144.55,0.0,0.16,101.91,1.13,20.1,30.83,0.0
1766775600,2025-12-26 19:00:00,3.0,142.4,0.0,0.15,101.5,1.08,19.86,30.31,0.0
1766779200,2025-12-26 20:00:00,3.0,141.79,0.0,0.15,101.64,1.13,20.0,30.25,0.0
1766782800,2025-12-26 21:00:00,3.0,144.16,0.0,0.18,102.34,1.32,20.5,30.77,0.0
1766786400,2025-12-26 22:00:00,3.0,149.26,0.0,0.24,103.26,1.79,21.34,31.96,0.0
1766790000,2025-12-26 23:00:00,3.0,160.12,0.0,0.39,104.6,2.83,23.01,34.77,0.0
1766793600,2025-12-27 00:00:00,3.0,179.88,0.0,0.64,106.61,4.66,26.2,40.56,0.0
1766797200,2025-12-27 01:00:00,3.0,207.73,0.0,0.88,109.11,7.03,31.26,50.3,0.0
1766800800,2025-12-27 02:00:00,3.0,234.31,0.0,1.01,111.58,9.01,37.01,61.65,0.0
1766804400,2025-12-27 03:00:00,3.0,255.9,0.0,1.12,113.6,10.22,42.39,72.25,0.0
1766808000,2025-12-27 04:00:00,3.0,275.59,0.03,1.45,115.26,10.95,47.88,82.86,0.0
1766811600,2025-12-27 05:00:00,4.0,293.41,0.09,1.53,118.28,11.26,53.64,93.48,0.0
1766815200,2025-12-27 06:00:00,4.0,306.21,0.12,1.39,122.23,11.15,58.96,102.59,0.0
1766818800,2025-12-27 07:00:00,4.0,311.42,0.11,1.11,126.69,10.75,62.93,108.43,0.0
1766822400,2025-12-27 08:00:00,4.0,313.45,0.09,0.88,130.59,10.28,66.14,112.75,0.0
1766826000,2025-12-27 09:00:00,4.0,314.17,0.07,0.76,133.57,9.79,68.75,116.15,0.0
1766829600,2025-12-27 10:00:00,4.0,311.93,0.06,0.73,136.19,9.42,70.31,117.87,0.0
1766833200,2025-12-27 11:00:00,4.0,308.76,0.04,0.76,137.85,9.17,70.93,118.3,0.0
1766836800,2025-12-27 12:00:00,4.0,306.07,0.02,0.83,138.74,8.97,71.27,118.52,0.0
1766840400,2025-12-27 13:00:00,4.0,304.81,0.0,0.86,139.22,8.84,71.71,119.13,0.0
1766844000,2025-12-27 14:00:00,4.0,303.17,0.0,0.75,139.65,8.76,71.92,119.39,0.0
1766847600,2025-12-27 15:00:00,4.0,301.3,0.0,0.68,139.67,8.72,72.06,119.48,0.0
1766851200,2025-12-27 16:00:00,4.0,299.28,0.0,0.63,139.67,8.63,72.02,119.41,0.0
1766854800,2025-12-27 17:00:00,4.0,295.91,0.0,0.61,139.51,8.55,71.82,119.03,0.0
1766858400,2025-12-27 18:00:00,4.0,292.19,0.0,0.59,139.34,8.56,71.43,118.38,0.0
1766862000,2025-12-27 19:00:00,4.0,288.69,0.0,0.59,139.17,8.65,70.93,117.53,0.0
1766865600,2025-12-27 20:00:00,4.0,286.47,0.0,0.63,138.57,8.9,70.29,116.56,0.0
1766869200,2025-12-27 21:00:00,4.0,288.67,0.0,0.78,137.62,9.6,69.7,116.03,0.0
1766872800,2025-12-27 22:00:00,4.0,295.06,0.0,0.97,136.83,10.64,69.34,116.47,0.01
1766876400,2025-12-27 23:00:00,4.0,306.58,0.0,1.18,135.48,11.85,69.46,119.03,0.01
1766880000,2025-12-28 00:00:00,4.0,321.21,0.0,1.36,133.62,13.09,70.35,124.78,0.01
1766883600,2025-12-28 01:00:00,4.0,335.32,0.0,1.47,131.96,14.07,72.02,134.09,0.0
1766887200,2025-12-28 02:00:00,4.0,346.57,0.0,1.48,129.71,14.61,74.05,144.96,0.01
1766890800,2025-12-28 03:00:00,5.0,354.12,0.0,1.53,127.67,14.73,76.12,155.51,0.02
1766894400,2025-12-28 04:00:00,5.0,361.74,0.03,1.92,125.4,14.48,78.8,168.2,0.04
1766898000,2025-12-28 05:00:00,5.0,368.59,0.11,2.02,124.01,13.87,82.2,181.96,0.1
1766901600,2025-12-28 06:00:00,5.0,370.67,0.16,1.84,126.21,13.0,85.55,191.92,0.12
1766905200,2025-12-28 07:00:00,5.0,365.97,0.14,1.47,130.14,11.96,88.1,196.13,0.12
1766908800,2025-12-28 08:00:00,5.0,361.06,0.11,1.16,133.9,10.98,90.45,198.33,0.1
1766912400,2025-12-28 09:00:00,5.0,356.04,0.09,1.0,137.09,10.11,92.38,198.85,0.1
1766916000,2025-12-28 10:00:00,5.0,350.77,0.08,0.98,140.11,9.55,93.51,197.59,0.09
1766919600,2025-12-28 11:00:00,5.0,343.8,0.06,1.03,141.62,9.14,93.44,194.3,0.07
1766923200,2025-12-28 12:00:00,5.0,336.83,0.03,1.14,142.01,8.76,92.68,189.75,0.04
1766926800,2025-12-28 13:00:00,5.0,328.8,0.01,1.2,141.48,8.44,91.57,184.63,0.0
1766930400,2025-12-28 14:00:00,5.0,320.76,0.0,1.01,140.84,8.12,90.23,178.97,0.0
1766934000,2025-12-28 15:00:00,5.0,312.36,0.0,0.8,140.2,7.7,88.86,173.04,0.0
1766937600,2025-12-28 16:00:00,5.0,305.11,0.0,0.68,139.5,7.21,87.6,167.12,0.0
1766941200,2025-12-28 17:00:00,5.0,301.52,0.0,0.62,139.23,7.06,86.95,163.14,0.0
1766944800,2025-12-28 18:00:00,5.0,299.0,0.0,0.59,139.17,7.06,86.61,159.95,0.0
1766948400,2025-12-28 19:00:00,5.0,297.32,0.0,0.56,139.37,7.1,86.4,157.5,0.0
1766952000,2025-12-28 20:00:00,5.0,296.72,0.0,0.55,139.53,7.24,86.27,155.64,0.0
1766955600,2025-12-28 21:00:00,5.0,298.98,0.0,0.59,139.58,7.67,86.32,154.76,0.0
1766959200,2025-12-28 22:00:00,5.0,297.79,0.0,0.64,139.37,8.3,85.37,150.8,0.0
1766962800,2025-12-28 23:00:00,5.0,299.32,0.0,0.72,138.65,9.0,84.54,147.68,0.01
1766966400,2025-12-29 00:00:00,5.0,306.94,0.0,0.85,138.08,10.14,84.51,147.5,0.0
1766970000,2025-12-29 01:00:00,5.0,320.14,0.0,1.02,136.79,11.6,85.02,149.14,0.01
1766973600,2025-12-29 02:00:00,5.0,336.32,0.0,1.18,135.45,13.08,86.0,152.65,0.02
1766977200,2025-12-29 03:00:00,5.0,351.93,0.0,1.37,133.95,14.25,87.53,158.25,0.01
1766980800,2025-12-29 04:00:00,5.0,366.91,0.02,1.8,132.23,14.85,89.49,165.3,0.0
1766984400,2025-12-29 05:00:00,5.0,376.37,0.08,1.82,132.13,14.62,91.63,171.57,0.0
1766988000,2025-12-29 06:00:00,5.0,380.22,0.11,1.56,133.76,13.7,93.86,175.96,0.0
1766991600,2025-12-29 07:00:00,5.0,378.94,0.1,1.21,136.14,12.39,95.82,177.9,0.0
1766995200,2025-12-29 08:00:00,5.0,379.59,0.08,0.95,138.13,11.11,98.35,180.11,0.0
1766998800,2025-12-29 09:00:00,5.0,378.79,0.07,0.8,139.08,9.99,100.47,181.27,0.0
1767002400,2025-12-29 10:00:00,5.0,374.11,0.05,0.74,140.21,9.09,101.49,180.08,0.0
1767006000,2025-12-29 11:00:00,5.0,365.05,0.04,0.74,140.22,8.34,100.68,175.49,0.0
1767009600,2025-12-29 12:00:00,5.0,354.1,0.02,0.76,139.47,7.7,98.91,169.44,0.0
1767013200,2025-12-29 13:00:00,5.0,345.57,0.0,0.74,139.07,7.2,97.33,164.12,0.0
1767016800,2025-12-29 14:00:00,5.0,335.38,0.0,0.61,138.58,6.81,95.31,158.42,0.0
1767020400,2025-12-29 15:00:00,5.0,324.47,0.0,0.52,138.45,6.51,92.92,151.96,0.0
1767024000,2025-12-29 16:00:00,5.0,309.84,0.0,0.45,138.5,6.36,89.37,143.15,0.0
1767027600,2025-12-29 17:00:00,5.0,299.7,0.0,0.4,138.03,6.04,86.64,136.37,0.0
1767031200,2025-12-29 18:00:00,5.0,291.7,0.0,0.37,137.41,5.65,84.31,131.42,0.0
1767034800,2025-12-29 19:00:00,5.0,283.32,0.0,0.34,136.67,5.19,81.69,126.38,0.0
1767038400,2025-12-29 20:00:00,5.0,274.66,0.0,0.31,135.4,4.7,79.29,121.73,0.0
1767042000,2025-12-29 21:00:00,5.0,267.91,0.0,0.28,134.44,4.26,77.47,118.11,0.0
1767045600,2025-12-29 22:00:00,5.0,263.02,0.0,0.26,133.56,3.83,75.92,114.67,0.0
1767049200,2025-12-29 23:00:00,4.0,258.3,0.0,0.24,132.52,3.4,74.08,110.6,0.0
1767052800,2025-12-30 00:00:00,4.0,254.01,0.0,0.22,131.72,2.97,72.04,106.07,0.0
1767056400,2025-12-30 01:00:00,4.0,250.7,0.0,0.2,131.15,2.65,70.24,102.09,0.0
1767060000,2025-12-30 02:00:00,4.0,249.09,0.0,0.19,130.3,2.42,68.86,98.97,0.0
1767063600,2025-12-30 03:00:00,4.0,247.79,0.0,0.2,129.5,2.23,67.72,96.45,0.0
1767067200,2025-12-30 04:00:00,4.0,246.48,0.0,0.24,129.22,2.13,66.38,93.79,0.0
1767070800,2025-12-30 05:00:00,4.0,243.87,0.01,0.23,128.72,1.93,64.39,89.83,0.0
1767074400,2025-12-30 06:00:00,4.0,238.16,0.01,0.19,128.06,1.66,61.55,84.47,0.0
1767078000,2025-12-30 07:00:00,4.0,229.91,0.01,0.14,126.7,1.33,57.31,77.0,0.0
1767081600,2025-12-30 08:00:00,4.0,221.41,0.01,0.11,124.75,1.04,52.45,69.06,0.0
1767085200,2025-12-30 09:00:00,3.0,214.12,0.01,0.09,122.35,0.85,47.58,61.58,0.0
1767088800,2025-12-30 10:00:00,3.0,207.45,0.01,0.09,120.33,0.7,42.82,54.58,0.0
1767092400,2025-12-30 11:00:00,3.0,199.68,0.0,0.09,117.87,0.59,38.47,48.42,0.0
1767096000,2025-12-30 12:00:00,3.0,190.92,0.0,0.09,114.96,0.51,35.07,43.87,0.0
1767099600,2025-12-30 13:00:00,3.0,181.76,0.0,0.1,112.28,0.46,32.6,40.75,0.0
1767103200,2025-12-30 14:00:00,3.0,171.38,0.0,0.09,109.05,0.41,30.64,38.54,0.0
1767106800,2025-12-30 15:00:00,3.0,159.66,0.0,0.08,105.48,0.36,28.69,36.62,0.0
1767110400,2025-12-30 16:00:00,3.0,148.86,0.0,0.07,101.89,0.32,26.53,34.66,0.0
1767114000,2025-12-30 17:00:00,2.0,141.01,0.0,0.07,98.8,0.28,24.46,32.87,0.0
1767117600,2025-12-30 18:00:00,2.0,136.57,0.0,0.07,96.07,0.26,22.19,30.79,0.0
1767121200,2025-12-30 19:00:00,2.0,136.07,0.0,0.06,94.08,0.25,19.67,27.68,0.0
1767124800,2025-12-30 20:00:00,2.0,139.71,0.0,0.06,92.45,0.23,17.01,23.73,0.0
1767128400,2025-12-30 21:00:00,2.0,146.58,0.0,0.06,91.17,0.22,14.5,19.74,0.0
1767132000,2025-12-30 22:00:00,2.0,154.06,0.0,0.05,89.53,0.22,12.54,16.33,0.0
1767135600,2025-12-30 23:00:00,2.0,160.84,0.0,0.06,88.64,0.23,11.88,15.0,0.0
1767139200,2025-12-31 00:00:00,2.0,163.58,0.0,0.08,88.88,0.26,11.82,15.02,0.0
1767142800,2025-12-31 01:00:00,2.0,157.21,0.0,0.12,91.3,0.31,11.21,15.44,0.0
1767146400,2025-12-31 02:00:00,2.0,145.18,0.0,0.18,95.18,0.39,10.01,16.36,0.0
1767150000,2025-12-31 03:00:00,2.0,132.87,0.0,0.24,98.96,0.49,9.13,18.65,0.0
1767153600,2025-12-31 04:00:00,3.0,123.25,0.01,0.31,102.64,0.6,8.83,22.94,0.0
1767157200,2025-12-31 05:00:00,3.0,116.64,0.03,0.31,104.97,0.72,9.36,29.21,0.0
1767160800,2025-12-31 06:00:00,3.0,112.98,0.03,0.28,105.73,0.82,10.19,35.09,0.0
1767164400,2025-12-31 07:00:00,3.0,111.02,0.03,0.23,104.68,0.87,10.44,37.85,0.0
1767168000,2025-12-31 08:00:00,3.0,110.06,0.03,0.19,102.88,0.85,9.9,36.46,0.0
1767171600,2025-12-31 09:00:00,3.0,109.37,0.02,0.17,101.57,0.81,9.12,33.37,0.0
1767175200,2025-12-31 10:00:00,3.0,109.83,0.02,0.17,101.46,0.79,8.7,31.27,0.0
1767178800,2025-12-31 11:00:00,3.0,110.68,0.02,0.19,102.34,0.81,8.8,30.97,0.0
1767182400,2025-12-31 12:00:00,3.0,111.74,0.02,0.22,103.74,0.85,9.11,31.55,0.0
1767186000,2025-12-31 13:00:00,3.0,112.24,0.0,0.25,104.91,0.86,9.34,32.01,0.0
1767189600,2025-12-31 14:00:00,3.0,112.6,0.0,0.24,105.73,0.84,9.4,31.99,0.0
1767193200,2025-12-31 15:00:00,3.0,112.42,0.0,0.23,105.9,0.77,9.14,30.91,0.0
1767196800,2025-12-31 16:00:00,3.0,112.03,0.0,0.21,104.87,0.66,8.67,29.15,0.0
1767200400,2025-12-31 17:00:00,3.0,112.78,0.0,0.21,103.7,0.55,8.32,28.08,0.0
1767204000,2025-12-31 18:00:00,3.0,114.95,0.0,0.21,102.71,0.47,8.47,29.41,0.0
1767207600,2025-12-31 19:00:00,3.0,118.14,0.0,0.22,102.51,0.44,9.21,33.94,0.0
1767211200,2025-12-31 20:00:00,3.0,121.5,0.0,0.25,102.9,0.45,10.42,41.76,0.0
1767214800,2025-12-31 21:00:00,3.0,124.38,0.0,0.28,103.59,0.47,11.93,52.24,0.0
1767218400,2025-12-31 22:00:00,3.0,126.95,0.0,0.31,104.77,0.46,13.5,63.68,0.0
1767222000,2025-12-31 23:00:00,3.0,128.59,0.0,0.31,105.79,0.42,14.8,73.2,0.0
1767225600,2026-01-01 00:00:00,3.0,129.81,0.0,0.32,106.42,0.42,15.55,78.68,0.0
1767315600,2026-01-02 01:00:00,4.0,319.57,0.0,1.03,113.09,7.72,59.33,113.28,0.08
1767319200,2026-01-02 02:00:00,4.0,319.8,0.0,1.0,112.05,7.35,59.51,114.03,0.05
1767322800,2026-01-02 03:00:00,4.0,318.11,0.0,1.06,111.57,7.2,59.14,113.62,0.03
1767326400,2026-01-02 04:00:00,4.0,311.75,0.03,1.36,111.42,7.13,57.79,111.48,0.01
1767330000,2026-01-02 05:00:00,4.0,304.45,0.1,1.44,113.32,7.14,56.28,108.63,0.0
1767333600,2026-01-02 06:00:00,4.0,296.77,0.14,1.36,117.27,7.17,55.29,106.05,0.0
1767337200,2026-01-02 07:00:00,4.0,289.29,0.13,1.15,122.17,7.17,54.76,103.86,0.0
1767340800,2026-01-02 08:00:00,4.0,284.19,0.11,0.93,127.16,7.15,54.97,102.79,0.0
1767344400,2026-01-02 09:00:00,4.0,280.79,0.09,0.8,131.52,7.15,55.37,102.16,0.0
1767348000,2026-01-02 10:00:00,4.0,279.71,0.07,0.77,135.89,7.24,55.82,101.75,0.0
1767351600,2026-01-02 11:00:00,4.0,278.78,0.06,0.83,138.41,7.37,55.86,101.14,0.0
1767355200,2026-01-02 12:00:00,4.0,277.62,0.03,0.97,140.01,7.51,55.32,99.88,0.0
1767358800,2026-01-02 13:00:00,4.0,278.0,0.01,1.12,140.73,7.72,54.53,98.44,0.0
1767362400,2026-01-02 14:00:00,4.0,278.61,0.0,1.06,141.35,8.0,53.8,97.19,0.01
1767366000,2026-01-02 15:00:00,4.0,280.54,0.0,1.0,141.67,8.34,53.37,96.46,0.03
1767369600,2026-01-02 16:00:00,4.0,283.07,0.0,1.0,141.67,8.67,52.98,95.86,0.05
1767373200,2026-01-02 17:00:00,4.0,286.9,0.0,1.03,141.41,9.05,52.79,95.65,0.08
1767376800,2026-01-02 18:00:00,4.0,292.65,0.0,1.07,141.15,9.47,53.11,96.51,0.12
1767380400,2026-01-02 19:00:00,4.0,300.18,0.0,1.12,140.58,9.92,53.77,98.0,0.16
1767384000,2026-01-02 20:00:00,4.0,310.57,0.0,1.21,139.78,10.38,54.75,100.31,0.25
1767387600,2026-01-02 21:00:00,4.0,323.72,0.0,1.31,138.63,10.88,56.18,103.81,0.36
1767391200,2026-01-02 22:00:00,4.0,336.93,0.0,1.35,137.62,11.37,58.03,107.87,0.47
1767394800,2026-01-02 23:00:00,4.0,348.19,0.0,1.36,136.12,11.74,59.62,111.22,0.55
1767398400,2026-01-03 00:00:00,4.0,356.69,0.0,1.35,134.36,12.05,60.82,113.74,0.6
1767402000,2026-01-03 01:00:00,4.0,361.5,0.0,1.31,132.91,12.31,61.53,115.15,0.62
1767405600,2026-01-03 02:00:00,4.0,361.79,0.0,1.21,131.36,12.41,61.84,115.6,0.58
1767409200,2026-01-03 03:00:00,4.0,357.98,0.0,1.17,130.32,12.33,61.61,114.86,0.51
1767412800,2026-01-03 04:00:00,4.0,350.64,0.02,1.34,129.07,11.99,60.3,112.34,0.42
1767416400,2026-01-03 05:00:00,4.0,342.91,0.07,1.25,129.36,11.56,59.15,109.76,0.32
1767420000,2026-01-03 06:00:00,4.0,335.3,0.09,1.03,131.72,10.99,58.95,107.89,0.2
1767423600,2026-01-03 07:00:00,4.0,327.82,0.08,0.78,134.2,10.35,59.47,106.67,0.08
1767427200,2026-01-03 08:00:00,4.0,322.23,0.06,0.61,135.86,9.69,60.35,105.96,0.01
1767430800,2026-01-03 09:00:00,4.0,317.73,0.05,0.54,136.69,9.11,61.2,105.46,0.0
1767434400,2026-01-03 10:00:00,4.0,314.56,0.04,0.52,137.49,8.54,62.09,105.18,0.0
1767438000,2026-01-03 11:00:00,4.0,309.22,0.04,0.55,137.17,7.87,62.05,103.52,0.0
1767441600,2026-01-03 12:00:00,4.0,302.51,0.02,0.59,135.89,7.16,61.09,100.66,0.0
1767445200,2026-01-03 13:00:00,4.0,294.8,0.0,0.59,134.28,6.46,59.48,97.13,0.0
1767448800,2026-01-03 14:00:00,4.0,285.19,0.0,0.5,132.08,5.69,56.96,92.3,0.0
1767452400,2026-01-03 15:00:00,4.0,271.57,0.0,0.42,129.58,4.86,53.45,86.17,0.0
1767456000,2026-01-03 16:00:00,3.0,258.13,0.0,0.36,127.36,4.13,49.58,79.79,0.0
1767459600,2026-01-03 17:00:00,3.0,244.83,0.0,0.32,125.29,3.53,45.61,73.68,0.0
1767463200,2026-01-03 18:00:00,3.0,231.23,0.0,0.29,123.14,2.99,41.47,67.6,0.0
1767466800,2026-01-03 19:00:00,3.0,217.7,0.0,0.26,121.21,2.52,37.34,61.64,0.0
1767470400,2026-01-03 20:00:00,3.0,206.49,0.0,0.23,119.72,2.16,33.87,56.63,0.0
1767474000,2026-01-03 21:00:00,3.0,198.17,0.0,0.22,118.68,1.91,31.33,52.92,0.0
1767477600,2026-01-03 22:00:00,3.0,190.68,0.0,0.21,117.7,1.71,29.11,49.72,0.0
1767481200,2026-01-03 23:00:00,3.0,184.98,0.0,0.2,116.97,1.61,27.28,47.17,0.0
1767484800,2026-01-04 00:00:00,3.0,181.76,0.0,0.21,116.34,1.68,26.01,45.44,0.0
1767488400,2026-01-04 01:00:00,3.0,181.25,0.0,0.24,115.75,1.95,25.21,44.46,0.0
1767492000,2026-01-04 02:00:00,3.0,182.24,0.0,0.3,115.28,2.32,24.72,44.05,0.0
1767495600,2026-01-04 03:00:00,3.0,184.23,0.0,0.4,114.76,2.72,24.42,44.08,0.0
1767499200,2026-01-04 04:00:00,3.0,190.61,0.02,0.61,114.1,3.37,24.95,45.27,0.01
1767502800,2026-01-04 05:00:00,3.0,200.84,0.06,0.72,114.68,4.23,26.57,48.15,0.03
1767506400,2026-01-04 06:00:00,3.0,211.22,0.08,0.69,116.45,5.01,28.86,51.94,0.04
1767510000,2026-01-04 07:00:00,3.0,219.65,0.06,0.55,119.23,5.59,31.51,55.95,0.03
1767513600,2026-01-04 08:00:00,3.0,230.47,0.05,0.44,121.98,6.19,35.2,61.48,0.01
1767517200,2026-01-04 09:00:00,3.0,242.67,0.05,0.41,124.91,6.75,39.47,67.96,0.0
1767520800,2026-01-04 10:00:00,3.0,250.23,0.04,0.43,127.6,6.97,42.72,72.7,0.0
1767524400,2026-01-04 11:00:00,3.0,252.42,0.04,0.48,129.02,6.84,44.28,74.75,0.0
1767528000,2026-01-04 12:00:00,3.0,251.91,0.03,0.56,129.49,6.6,44.75,75.14,0.0
1767531600,2026-01-04 13:00:00,3.0,250.61,0.0,0.62,129.37,6.33,44.52,74.59,0.0
1767535200,2026-01-04 14:00:00,3.0,246.3,0.0,0.54,128.75,5.99,43.63,72.87,0.0
1767538800,2026-01-04 15:00:00,3.0,239.03,0.0,0.47,127.55,5.58,41.99,69.91,0.0
1767542400,2026-01-04 16:00:00,3.0,230.68,0.0,0.42,126.25,5.15,40.09,66.71,0.0
1767546000,2026-01-04 17:00:00,3.0,223.17,0.0,0.39,124.93,4.75,38.36,63.93,0.0
1767549600,2026-01-04 18:00:00,3.0,215.12,0.0,0.37,123.65,4.37,36.45,61.06,0.0
1767553200,2026-01-04 19:00:00,3.0,207.27,0.0,0.34,122.21,3.99,34.57,58.38,0.0
1767556800,2026-01-04 20:00:00,3.0,199.88,0.0,0.33,120.78,3.68,32.89,56.27,0.0
1767560400,2026-01-04 21:00:00,3.0,194.23,0.0,0.32,120.0,3.49,31.59,54.93,0.0
1767564000,2026-01-04 22:00:00,3.0,189.74,0.0,0.31,118.89,3.43,30.51,54.25,0.0
1767567600,2026-01-04 23:00:00,3.0,188.36,0.0,0.34,117.89,3.68,29.83,54.5,0.0
1767571200,2026-01-05 00:00:00,3.0,193.08,0.0,0.44,117.1,4.46,30.16,56.78,0.01
1767574800,2026-01-05 01:00:00,3.0,206.32,0.0,0.61,116.92,5.89,31.9,62.16,0.03
1767578400,2026-01-05 02:00:00,3.0,227.43,0.0,0.81,117.33,7.79,35.22,70.81,0.09
1767582000,2026-01-05 03:00:00,3.0,252.25,0.0,1.05,118.14,9.86,39.56,81.74,0.14
1767585600,2026-01-05 04:00:00,3.0,279.49,0.03,1.55,118.92,11.96,45.02,95.08,0.23
1767589200,2026-01-05 05:00:00,4.0,301.29,0.1,1.76,121.43,13.51,50.52,108.41,0.31
1767592800,2026-01-05 06:00:00,4.0,314.09,0.14,1.61,126.04,14.23,55.5,119.82,0.34
1767596400,2026-01-05 07:00:00,4.0,318.23,0.13,1.25,131.63,14.3,59.62,127.73,0.3
1767600000,2026-01-05 08:00:00,4.0,318.11,0.1,0.96,136.72,14.14,62.92,132.84,0.22
1767603600,2026-01-05 09:00:00,4.0,317.57,0.08,0.84,141.02,14.05,65.68,136.17,0.14
1767607200,2026-01-05 10:00:00,4.0,315.84,0.07,0.82,145.56,14.11,67.58,137.51,0.06
1767610800,2026-01-05 11:00:00,4.0,313.41,0.06,0.88,148.68,14.15,68.43,136.92,0.01
1767614400,2026-01-05 12:00:00,4.0,310.92,0.03,1.0,150.98,14.25,68.41,135.17,0.0
1767618000,2026-01-05 13:00:00,4.0,308.13,0.0,1.11,152.46,14.44,67.73,132.81,0.0
1767621600,2026-01-05 14:00:00,4.0,305.14,0.0,1.01,152.96,14.52,66.57,130.3,0.0
1767625200,2026-01-05 15:00:00,4.0,300.29,0.0,0.94,152.68,14.41,64.84,127.24,0.0
1767628800,2026-01-05 16:00:00,4.0,297.15,0.0,0.96,152.01,14.51,63.2,125.05,0.01
1767632400,2026-01-05 17:00:00,4.0,304.75,0.0,1.19,151.45,15.42,63.18,126.86,0.11
1767636000,2026-01-05 18:00:00,4.0,324.28,0.0,1.57,149.86,16.51,64.86,133.85,0.36
1767639600,2026-01-05 19:00:00,4.0,347.28,0.0,1.93,145.78,16.91,67.65,144.88,0.7
1767643200,2026-01-05 20:00:00,4.0,363.5,0.0,2.16,139.46,16.29,70.91,158.86,0.99
1767646800,2026-01-05 21:00:00,4.0,368.39,0.0,2.28,131.34,15.06,74.12,174.5,1.17
1767650400,2026-01-05 22:00:00,5.0,362.25,0.0,2.24,123.35,13.55,76.51,188.49,1.25
1767654000,2026-01-05 23:00:00,5.0,351.38,0.0,2.1,117.13,12.1,78.09,199.14,1.23
1767657600,2026-01-06 00:00:00,5.0,337.38,0.0,1.92,112.76,10.66,78.47,203.92,1.15
1767661200,2026-01-06 01:00:00,5.0,319.35,0.0,1.7,110.29,9.21,76.68,199.66,1.01
1767664800,2026-01-06 02:00:00,4.0,297.98,0.0,1.48,109.8,7.86,72.54,186.2,0.84
1767668400,2026-01-06 03:00:00,4.0,279.47,0.0,1.4,110.22,6.88,67.62,169.51,0.69
1767672000,2026-01-06 04:00:00,4.0,268.48,0.04,1.69,111.24,6.43,64.04,156.68,0.59
1767675600,2026-01-06 05:00:00,4.0,276.43,0.14,1.8,113.51,6.67,65.72,157.47,0.56
1767679200,2026-01-06 06:00:00,4.0,291.16,0.19,1.72,118.24,7.14,69.65,163.03,0.55
1767682800,2026-01-06 07:00:00,4.0,299.9,0.17,1.44,124.55,7.56,72.7,165.73,0.51
1767686400,2026-01-06 08:00:00,4.0,302.46,0.13,1.14,130.92,7.79,73.83,163.75,0.46
1767690000,2026-01-06 09:00:00,4.0,297.84,0.1,0.95,135.73,7.73,72.39,156.57,0.42
1767693600,2026-01-06 10:00:00,4.0,274.35,0.08,0.85,136.61,7.21,64.59,138.15,0.35
1767697200,2026-01-06 11:00:00,4.0,252.0,0.06,0.87,135.07,6.77,57.26,122.91,0.31
1767700800,2026-01-06 12:00:00,4.0,242.13,0.04,1.04,134.16,6.58,53.36,115.13,0.31
1767704400,2026-01-06 13:00:00,4.0,234.45,0.01,1.27,132.67,6.55,49.74,108.13,0.34
1767708000,2026-01-06 14:00:00,4.0,225.53,0.0,1.32,129.63,6.57,45.57,100.41,0.37
1767711600,2026-01-06 15:00:00,3.0,219.32,0.0,1.36,126.8,6.71,42.19,94.29,0.42
1767715200,2026-01-06 16:00:00,3.0,215.57,0.0,1.41,124.11,6.72,39.47,89.66,0.48
1767718800,2026-01-06 17:00:00,3.0,214.93,0.0,1.49,121.19,6.63,37.56,86.99,0.58
1767722400,2026-01-06 18:00:00,3.0,218.78,0.0,1.57,118.53,6.69,36.92,87.28,0.72
1767726000,2026-01-06 19:00:00,3.0,222.18,0.0,1.54,116.42,6.72,37.0,88.85,0.84
1767729600,2026-01-06 20:00:00,3.0,224.59,0.0,1.47,114.88,6.6,37.21,90.18,0.91
1767733200,2026-01-06 21:00:00,3.0,224.55,0.0,1.35,113.92,6.28,37.18,90.49,0.92
1767736800,2026-01-06 22:00:00,3.0,224.4,0.0,1.31,112.86,6.08,37.38,91.26,0.91
1767740400,2026-01-06 23:00:00,3.0,226.48,0.0,1.34,111.96,6.08,38.46,94.43,0.91
1767744000,2026-01-07 00:00:00,3.0,227.01,0.0,1.31,111.55,5.96,39.44,97.56,0.89
1767747600,2026-01-07 01:00:00,4.0,226.88,0.0,1.28,111.46,5.77,40.48,100.93,0.85
1767751200,2026-01-07 02:00:00,4.0,227.62,0.0,1.26,111.8,5.59,41.73,105.08,0.81
1767754800,2026-01-07 03:00:00,4.0,228.9,0.0,1.37,112.45,5.46,43.1,109.07,0.76
1767758400,2026-01-07 04:00:00,4.0,238.91,0.05,1.85,112.55,5.52,46.72,118.19,0.76
1767762000,2026-01-07 05:00:00,4.0,257.18,0.16,2.0,114.37,5.75,52.26,130.53,0.78
1767765600,2026-01-07 06:00:00,4.0,270.64,0.22,1.89,118.77,5.97,56.24,136.48,0.75
1767769200,2026-01-07 07:00:00,4.0,276.92,0.2,1.58,124.75,6.17,58.79,137.3,0.68
1767772800,2026-01-07 08:00:00,4.0,279.27,0.15,1.23,131.01,6.35,60.64,135.81,0.6
1767776400,2026-01-07 09:00:00,4.0,279.13,0.11,1.0,135.91,6.32,61.22,132.03,0.56
1767780000,2026-01-07 10:00:00,4.0,239.83,0.07,0.72,134.22,4.96,48.9,102.71,0.41
1767783600,2026-01-07 11:00:00,3.0,213.05,0.05,0.63,131.29,4.1,40.56,84.41,0.33
1767787200,2026-01-07 12:00:00,3.0,205.64,0.03,0.72,130.48,4.01,37.69,77.98,0.33
1767790800,2026-01-07 13:00:00,3.0,203.02,0.01,0.89,130.09,4.21,35.72,73.79,0.36
1767794400,2026-01-07 14:00:00,3.0,201.15,0.0,0.95,128.67,4.49,33.81,70.04,0.4
1767798000,2026-01-07 15:00:00,3.0,201.37,0.0,0.99,127.24,4.78,32.54,67.92,0.45
1767801600,2026-01-07 16:00:00,3.0,204.13,0.0,1.05,126.0,5.06,32.16,67.72,0.51
1767805200,2026-01-07 17:00:00,3.0,208.69,0.0,1.1,124.48,5.26,32.55,69.23,0.59
1767808800,2026-01-07 18:00:00,3.0,214.15,0.0,1.13,122.55,5.41,33.35,71.7,0.66
1767812400,2026-01-07 19:00:00,3.0,219.0,0.0,1.15,120.47,5.47,34.26,74.29,0.73
1767816000,2026-01-07 20:00:00,3.0,224.91,0.0,1.19,118.78,5.55,35.64,77.85,0.78
1767819600,2026-01-07 21:00:00,3.0,228.73,0.0,1.16,117.33,5.49,36.54,80.21,0.8
1767823200,2026-01-07 22:00:00,3.0,226.75,0.0,1.07,116.09,5.19,36.12,79.49,0.77
1767826800,2026-01-07 23:00:00,3.0,222.63,0.0,0.97,115.73,4.81,35.04,77.33,0.71
1767830400,2026-01-08 00:00:00,3.0,218.87,0.0,0.89,115.58,4.44,34.15,75.72,0.65
1767834000,2026-01-08 01:00:00,3.0,220.3,0.0,0.85,115.71,4.24,34.82,77.72,0.64
1767837600,2026-01-08 02:00:00,3.0,231.13,0.0,0.88,116.26,4.33,38.44,86.05,0.69
1767841200,2026-01-08 03:00:00,3.0,242.25,0.0,1.0,116.87,4.54,41.78,93.19,0.76
1767844800,2026-01-08 04:00:00,3.0,249.24,0.02,1.35,116.76,4.67,43.3,95.58,0.81
1767848400,2026-01-08 05:00:00,3.0,251.3,0.08,1.38,117.49,4.67,42.59,92.5,0.84
1767852000,2026-01-08 06:00:00,3.0,246.66,0.12,1.27,119.19,4.57,40.11,84.91,0.83
1767855600,2026-01-08 07:00:00,3.0,237.07,0.13,1.06,121.04,4.4,36.87,75.77,0.8
1767859200,2026-01-08 08:00:00,3.0,230.38,0.11,0.87,123.27,4.33,34.6,69.21,0.8
1767862800,2026-01-08 09:00:00,3.0,226.02,0.09,0.77,125.47,4.31,32.93,64.41,0.81
1767866400,2026-01-08 10:00:00,3.0,223.75,0.08,0.75,127.56,4.37,31.63,60.94,0.84
1767870000,2026-01-08 11:00:00,3.0,222.84,0.07,0.83,128.68,4.5,30.53,58.44,0.88
1767873600,2026-01-08 12:00:00,3.0,225.54,0.05,1.05,129.23,4.78,30.12,57.75,0.93
1767877200,2026-01-08 13:00:00,3.0,233.19,0.01,1.39,129.48,5.24,30.42,58.76,1.02
1767880800,2026-01-08 14:00:00,3.0,242.75,0.0,1.52,128.4,5.81,31.31,61.09,1.11
1767884400,2026-01-08 15:00:00,3.0,254.9,0.0,1.61,126.7,6.4,32.66,64.41,1.21
1767888000,2026-01-08 16:00:00,3.0,268.68,0.0,1.72,124.81,6.88,34.49,68.68,1.32
1767891600,2026-01-08 17:00:00,3.0,284.57,0.0,1.79,122.71,7.21,36.86,74.08,1.45
1767895200,2026-01-08 18:00:00,3.0,298.19,0.0,1.78,120.5,7.31,38.96,78.76,1.56
1767898800,2026-01-08 19:00:00,3.0,304.18,0.0,1.71,118.46,7.23,40.03,81.15,1.62
1767902400,2026-01-08 20:00:00,3.0,306.32,0.0,1.65,116.68,7.21,40.23,81.56,1.67
1767906000,2026-01-08 21:00:00,3.0,302.79,0.0,1.59,115.33,7.23,39.48,79.84,1.68
1767909600,2026-01-08 22:00:00,3.0,296.07,0.0,1.52,114.29,7.27,38.12,76.75,1.66
1767913200,2026-01-08 23:00:00,3.0,289.56,0.0,1.45,113.95,7.36,36.88,73.79,1.62
1767916800,2026-01-09 00:00:00,3.0,282.55,0.0,1.37,114.35,7.41,35.69,70.8,1.57
1767920400,2026-01-09 01:00:00,3.0,275.52,0.0,1.31,114.83,7.45,34.65,68.14,1.5
1767924000,2026-01-09 02:00:00,3.0,271.07,0.0,1.26,115.86,7.53,34.27,67.11,1.44
1767927600,2026-01-09 03:00:00,3.0,266.6,0.0,1.34,116.89,7.51,34.08,66.82,1.37
1767931200,2026-01-09 04:00:00,3.0,261.64,0.04,1.72,117.81,7.37,34.04,67.18,1.3
1767934800,2026-01-09 05:00:00,3.0,257.35,0.13,1.64,119.81,7.29,34.47,68.38,1.23
1767938400,2026-01-09 06:00:00,3.0,252.38,0.16,1.44,123.29,7.23,35.33,69.7,1.16
1767942000,2026-01-09 07:00:00,3.0,245.97,0.15,1.17,127.02,7.12,35.82,69.74,1.08
1767945600,2026-01-09 08:00:00,3.0,242.87,0.12,0.98,130.68,7.2,36.89,70.54,1.03
1767949200,2026-01-09 09:00:00,3.0,242.39,0.1,0.88,134.23,7.46,38.55,72.88,1.0
1767952800,2026-01-09 10:00:00,3.0,235.98,0.08,0.76,135.54,7.21,39.22,74.95,0.87
1767956400,2026-01-09 11:00:00,3.0,230.44,0.07,0.79,135.29,6.92,38.9,75.37,0.79
1767960000,2026-01-09 12:00:00,3.0,229.98,0.05,0.98,135.45,7.04,38.58,75.6,0.79
1767963600,2026-01-09 13:00:00,3.0,231.5,0.01,1.27,135.22,7.3,37.96,75.36,0.82
1767967200,2026-01-09 14:00:00,3.0,231.39,0.0,1.34,133.86,7.44,36.58,73.44,0.86
1767970800,2026-01-09 15:00:00,3.0,230.91,0.0,1.35,132.04,7.55,35.06,71.18,0.91
1767974400,2026-01-09 16:00:00,3.0,228.99,0.0,1.41,130.05,7.5,33.11,68.29,0.95
1767978000,2026-01-09 17:00:00,3.0,227.07,0.0,1.5,127.42,7.38,31.13,65.75,1.02
1767981600,2026-01-09 18:00:00,3.0,226.36,0.0,1.57,125.1,7.29,29.9,65.22,1.11
1767985200,2026-01-09 19:00:00,3.0,222.84,0.0,1.52,122.77,7.13,29.07,65.47,1.17
1767988800,2026-01-09 20:00:00,3.0,218.08,0.0,1.45,120.6,6.91,28.24,65.09,1.18
1767992400,2026-01-09 21:00:00,3.0,210.66,0.0,1.34,118.9,6.57,26.88,62.84,1.13
1767996000,2026-01-09 22:00:00,3.0,200.98,0.0,1.21,117.31,6.19,25.13,59.26,1.03
1767999600,2026-01-09 23:00:00,3.0,193.03,0.0,1.11,116.85,5.96,23.74,56.32,0.92
1768003200,2026-01-10 00:00:00,3.0,187.72,0.0,1.02,116.85,5.9,23.06,55.02,0.82
1768006800,2026-01-10 01:00:00,3.0,186.19,0.0,0.98,117.37,6.06,23.44,56.39,0.76
1768010400,2026-01-10 02:00:00,3.0,189.8,0.0,0.99,118.62,6.37,24.94,60.56,0.76
1768014000,2026-01-10 03:00:00,3.0,193.83,0.0,1.12,119.9,6.56,26.48,64.57,0.78
1768017600,2026-01-10 04:00:00,3.0,198.58,0.05,1.51,120.55,6.65,28.17,68.67,0.83
1768021200,2026-01-10 05:00:00,3.0,205.98,0.13,1.52,122.15,6.68,30.34,73.06,0.91
1768024800,2026-01-10 06:00:00,3.0,211.45,0.16,1.37,125.1,6.55,32.14,74.92,0.95
1768028400,2026-01-10 07:00:00,3.0,213.46,0.15,1.12,128.68,6.38,33.39,74.47,0.95
1768032000,2026-01-10 08:00:00,3.0,213.0,0.12,0.92,132.3,6.26,34.02,72.5,0.92
1768035600,2026-01-10 09:00:00,3.0,212.3,0.1,0.8,135.5,6.23,34.35,70.32,0.89
1768039200,2026-01-10 10:00:00,3.0,207.17,0.08,0.71,137.59,6.03,33.28,66.62,0.83
1768042800,2026-01-10 11:00:00,3.0,204.28,0.06,0.72,138.35,5.92,32.84,65.4,0.8
1768046400,2026-01-10 12:00:00,3.0,205.49,0.04,0.83,139.07,6.04,33.16,66.0,0.82
1768050000,2026-01-10 13:00:00,3.0,209.43,0.01,1.03,139.77,6.36,33.78,67.45,0.89
1768053600,2026-01-10 14:00:00,4.0,215.35,0.0,1.06,140.1,6.9,34.85,70.05,0.99
1768057200,2026-01-10 15:00:00,4.0,222.24,0.0,1.07,140.06,7.6,36.11,73.28,1.09
1768060800,2026-01-10 16:00:00,3.0,229.66,0.0,1.14,139.56,8.32,37.45,76.9,1.2
1768064400,2026-01-10 17:00:00,3.0,238.33,0.0,1.23,138.58,8.97,38.94,81.14,1.32
1768068000,2026-01-10 18:00:00,3.0,246.39,0.0,1.29,137.14,9.46,40.61,86.1,1.44
1768071600,2026-01-10 19:00:00,3.0,249.91,0.0,1.28,135.04,9.58,41.57,89.68,1.52
1768075200,2026-01-10 20:00:00,3.0,246.77,0.0,1.22,132.26,9.28,40.89,89.37,1.53
1768078800,2026-01-10 21:00:00,3.0,237.24,0.0,1.15,129.27,8.7,38.48,84.57,1.47
1768082400,2026-01-10 22:00:00,3.0,223.02,0.0,1.06,126.77,7.89,34.66,76.12,1.35
1768086000,2026-01-10 23:00:00,3.0,210.21,0.0,1.0,124.85,7.12,30.89,67.75,1.25
1768089600,2026-01-11 00:00:00,3.0,199.43,0.0,0.96,123.6,6.46,27.58,60.44,1.15
1768093200,2026-01-11 01:00:00,3.0,194.81,0.0,0.99,122.54,6.09,26.18,57.7,1.11
1768096800,2026-01-11 02:00:00,3.0,197.57,0.0,1.07,122.29,6.04,27.16,60.75,1.14
1768100400,2026-01-11 03:00:00,3.0,200.89,0.0,1.25,122.56,5.87,28.72,65.47,1.14
1768104000,2026-01-11 04:00:00,3.0,201.43,0.06,1.61,123.31,5.51,29.8,68.93,1.11
1768107600,2026-01-11 05:00:00,3.0,201.74,0.14,1.54,125.93,5.22,30.26,70.03,1.09
1768111200,2026-01-11 06:00:00,3.0,200.83,0.17,1.38,129.68,5.14,30.16,68.7,1.08
1768114800,2026-01-11 07:00:00,3.0,198.36,0.16,1.18,133.86,5.23,29.66,65.87,1.08
1768118400,2026-01-11 08:00:00,3.0,195.25,0.13,0.98,137.41,5.4,29.31,63.16,1.1
1768122000,2026-01-11 09:00:00,3.0,193.85,0.11,0.84,139.85,5.64,29.65,62.37,1.14
1768125600,2026-01-11 10:00:00,4.0,191.42,0.09,0.75,140.92,5.64,29.62,61.3,1.14
1768129200,2026-01-11 11:00:00,4.0,192.01,0.07,0.8,141.15,5.76,30.07,61.61,1.19
1768132800,2026-01-11 12:00:00,4.0,195.92,0.06,1.03,141.43,6.11,30.94,63.26,1.29
1768136400,2026-01-11 13:00:00,4.0,202.13,0.02,1.44,141.04,6.53,31.83,65.4,1.44
1768140000,2026-01-11 14:00:00,3.0,208.66,0.0,1.57,139.46,6.89,32.72,67.77,1.61
1768143600,2026-01-11 15:00:00,3.0,215.66,0.0,1.56,136.91,7.16,33.98,70.94,1.75
1768147200,2026-01-11 16:00:00,3.0,223.96,0.0,1.55,135.12,7.43,36.05,75.44,1.9
1768150800,2026-01-11 17:00:00,3.0,234.77,0.0,1.59,132.91,7.83,39.26,81.93,2.05
1768154400,2026-01-11 18:00:00,3.0,241.91,0.0,1.6,130.85,8.04,41.41,85.5,2.15
1768158000,2026-01-11 19:00:00,3.0,245.31,0.0,1.59,128.31,8.13,42.42,86.5,2.18
1768161600,2026-01-11 20:00:00,3.0,250.99,0.0,1.6,126.13,8.37,44.07,88.77,2.23
1768165200,2026-01-11 21:00:00,3.0,256.45,0.0,1.58,124.98,8.46,45.56,90.67,2.26
1768168800,2026-01-11 22:00:00,3.0,260.94,0.0,1.54,123.85,8.44,46.78,92.15,2.26
1768172400,2026-01-11 23:00:00,3.0,266.78,0.0,1.54,123.47,8.54,48.43,94.9,2.27
1768176000,2026-01-12 00:00:00,4.0,271.64,0.0,1.54,123.09,8.66,50.03,97.7,2.26
1768179600,2026-01-12 01:00:00,4.0,272.92,0.0,1.53,122.84,8.67,50.54,98.48,2.2
1768183200,2026-01-12 02:00:00,4.0,273.03,0.0,1.52,123.18,8.72,50.36,97.59,2.13
1768186800,2026-01-12 03:00:00,3.0,270.1,0.0,1.66,123.84,8.67,49.13,94.33,2.04
1768190400,2026-01-12 04:00:00,3.0,265.23,0.07,2.13,124.39,8.5,47.56,90.66,1.92
1768194000,2026-01-12 05:00:00,3.0,264.34,0.18,2.02,126.46,8.38,47.71,90.36,1.82
1768197600,2026-01-12 06:00:00,3.0,262.96,0.2,1.71,130.46,8.2,48.45,90.69,1.71
1768201200,2026-01-12 07:00:00,3.0,259.69,0.17,1.3,135.4,7.95,49.1,90.49,1.59
1768204800,2026-01-12 08:00:00,3.0,254.76,0.12,0.99,139.91,7.82,49.32,89.48,1.48
1768208400,2026-01-12 09:00:00,4.0,250.88,0.1,0.83,143.41,7.96,49.56,88.77,1.38
1768212000,2026-01-12 10:00:00,4.0,249.03,0.08,0.8,146.54,8.39,49.88,88.71,1.27
1768215600,2026-01-12 11:00:00,4.0,247.32,0.07,0.85,148.25,8.97,50.25,89.36,1.16
1768219200,2026-01-12 12:00:00,4.0,247.48,0.05,1.0,148.77,9.6,50.75,90.92,1.06
1768222800,2026-01-12 13:00:00,4.0,250.8,0.01,1.22,148.33,10.29,51.64,93.72,0.99
1768226400,2026-01-12 14:00:00,4.0,255.22,0.0,1.19,146.22,10.71,52.5,96.74,0.92
1768230000,2026-01-12 15:00:00,4.0,259.52,0.0,1.07,143.74,10.79,53.22,99.19,0.85
1768233600,2026-01-12 16:00:00,4.0,263.05,0.0,1.04,140.67,10.56,52.97,99.34,0.77
1768237200,2026-01-12 17:00:00,4.0,269.78,0.0,1.11,138.09,10.5,52.77,98.75,0.78
1768240800,2026-01-12 18:00:00,4.0,282.96,0.0,1.24,136.81,10.8,53.7,99.7,0.89
1768244400,2026-01-12 19:00:00,4.0,298.41,0.0,1.35,135.75,11.17,55.39,102.01,1.04
1768248000,2026-01-12 20:00:00,4.0,314.4,0.0,1.46,134.98,11.71,57.78,105.91,1.18
1768251600,2026-01-12 21:00:00,4.0,329.0,0.0,1.55,133.94,12.52,60.43,110.45,1.25
1768255200,2026-01-12 22:00:00,4.0,337.38,0.0,1.6,132.42,13.33,61.94,113.35,1.28
1768258800,2026-01-12 23:00:00,4.0,342.51,0.0,1.64,130.34,14.12,62.98,115.49,1.24
1768262400,2026-01-13 00:00:00,4.0,344.62,0.0,1.68,128.01,15.02,63.84,117.38,1.19
1768266000,2026-01-13 01:00:00,4.0,343.13,0.0,1.74,125.36,15.89,63.92,118.39,1.18
1768269600,2026-01-13 02:00:00,4.0,337.97,0.0,1.81,122.76,16.55,63.58,118.92,1.2
1768273200,2026-01-13 03:00:00,4.0,327.35,0.0,2.02,120.88,16.64,62.36,118.2,1.18
1768276800,2026-01-13 04:00:00,4.0,311.02,0.07,2.7,119.92,15.95,60.21,116.01,1.12
1768280400,2026-01-13 05:00:00,4.0,295.89,0.21,2.62,122.24,14.69,58.85,115.1,1.0
1768284000,2026-01-13 06:00:00,4.0,283.79,0.24,2.21,127.5,13.16,58.95,116.1,0.84
1768287600,2026-01-13 07:00:00,4.0,273.36,0.2,1.67,134.1,11.76,60.05,117.98,0.67
1768291200,2026-01-13 08:00:00,4.0,265.35,0.15,1.26,140.45,10.8,61.63,119.78,0.54
1768294800,2026-01-13 09:00:00,4.0,260.28,0.11,1.04,145.76,10.21,63.13,120.96,0.47
1768298400,2026-01-13 10:00:00,4.0,258.26,0.09,0.97,150.29,10.02,64.41,121.76,0.41
1768302000,2026-01-13 11:00:00,4.0,257.12,0.08,1.02,153.32,10.06,65.08,121.88,0.38
1768305600,2026-01-13 12:00:00,4.0,256.7,0.05,1.19,154.33,10.19,65.05,121.36,0.37
1768309200,2026-01-13 13:00:00,4.0,256.01,0.01,1.4,152.45,10.05,63.06,117.94,0.37
1768312800,2026-01-13 14:00:00,4.0,255.28,0.0,1.35,148.82,9.84,60.64,113.97,0.37
1768316400,2026-01-13 15:00:00,4.0,258.65,0.0,1.3,146.01,10.03,60.14,113.31,0.41
1768320000,2026-01-13 16:00:00,4.0,264.44,0.0,1.31,143.69,10.3,60.36,113.82,0.47
1768323600,2026-01-13 17:00:00,4.0,273.15,0.0,1.36,141.23,10.67,61.55,115.98,0.56
1768327200,2026-01-13 18:00:00,4.0,283.65,0.0,1.43,139.13,11.13,63.55,119.5,0.67
1768330800,2026-01-13 19:00:00,4.0,293.64,0.0,1.47,137.13,11.6,65.61,122.9,0.76
1768334400,2026-01-13 20:00:00,4.0,304.33,0.0,1.5,135.37,12.17,68.24,126.89,0.85
1768338000,2026-01-13 21:00:00,4.0,314.18,0.0,1.49,133.46,12.78,70.89,130.62,0.93
1768341600,2026-01-13 22:00:00,4.0,323.28,0.0,1.47,130.92,13.02,72.8,132.42,1.0
1768345200,2026-01-13 23:00:00,4.0,329.87,0.0,1.43,128.2,13.07,73.83,132.55,1.04
1768348800,2026-01-14 00:00:00,4.0,330.94,0.0,1.33,126.15,12.85,73.38,130.36,1.05
1768352400,2026-01-14 01:00:00,4.0,328.68,0.0,1.23,123.71,12.41,71.69,126.59,1.04
1768356000,2026-01-14 02:00:00,4.0,323.35,0.0,1.13,121.34,11.84,69.22,122.15,1.04
1768359600,2026-01-14 03:00:00,4.0,316.21,0.0,1.11,119.28,11.27,66.4,117.61,1.01
1768363200,2026-01-14 04:00:00,4.0,309.63,0.03,1.29,117.31,10.77,64.35,114.44,0.98
1768366800,2026-01-14 05:00:00,4.0,303.39,0.09,1.21,116.94,10.28,63.19,112.69,0.9
1768370400,2026-01-14 06:00:00,4.0,296.85,0.1,0.97,118.5,9.59,62.5,111.44,0.75
1768374000,2026-01-14 07:00:00,4.0,286.45,0.08,0.68,120.86,8.74,61.09,108.89,0.56
1768377600,2026-01-14 08:00:00,4.0,274.02,0.06,0.48,121.38,7.6,58.73,104.7,0.35
1768381200,2026-01-14 09:00:00,4.0,259.82,0.04,0.37,120.35,6.35,55.12,98.87,0.19
1768384800,2026-01-14 10:00:00,3.0,238.99,0.03,0.3,117.45,4.76,47.88,88.53,0.06
1768388400,2026-01-14 11:00:00,3.0,214.24,0.02,0.26,112.79,3.24,39.11,76.74,0.02
1768392000,2026-01-14 12:00:00,3.0,193.74,0.02,0.24,107.97,2.14,31.74,67.39,0.0
1768395600,2026-01-14 13:00:00,3.0,177.31,0.0,0.22,104.17,1.36,25.93,60.58,0.0
1768399200,2026-01-14 14:00:00,3.0,163.91,0.0,0.18,100.76,0.81,21.39,55.44,0.0
1768402800,2026-01-14 15:00:00,3.0,153.68,0.0,0.15,98.29,0.47,18.13,51.89,0.0
1768406400,2026-01-14 16:00:00,2.0,147.23,0.0,0.13,96.84,0.29,16.14,49.59,0.0
1768410000,2026-01-14 17:00:00,2.0,143.25,0.0,0.12,96.14,0.19,15.02,47.86,0.0
1768413600,2026-01-14 18:00:00,2.0,140.74,0.0,0.11,95.93,0.13,14.29,46.06,0.0
1768417200,2026-01-14 19:00:00,2.0,139.25,0.0,0.11,95.86,0.11,13.79,44.03,0.0
1768420800,2026-01-14 20:00:00,2.0,138.49,0.0,0.1,96.02,0.1,13.43,41.88,0.0
1768424400,2026-01-14 21:00:00,2.0,137.87,0.0,0.1,96.09,0.1,13.15,39.74,0.0
1768428000,2026-01-14 22:00:00,2.0,137.08,0.0,0.1,96.36,0.1,12.91,37.65,0.0
1768431600,2026-01-14 23:00:00,2.0,136.26,0.0,0.09,96.66,0.11,12.71,35.65,0.0
1768435200,2026-01-15 00:00:00,2.0,135.44,0.0,0.09,97.03,0.11,12.59,34.09,0.0
1768438800,2026-01-15 01:00:00,2.0,134.71,0.0,0.09,97.51,0.12,12.56,32.83,0.0
1768442400,2026-01-15 02:00:00,2.0,133.99,0.0,0.09,98.04,0.13,12.6,31.96,0.0
1768446000,2026-01-15 03:00:00,2.0,133.39,0.0,0.1,98.38,0.13,12.67,31.35,0.0
1768449600,2026-01-15 04:00:00,2.0,133.02,0.0,0.11,98.34,0.13,12.71,30.92,0.0
1768453200,2026-01-15 05:00:00,2.0,132.74,0.01,0.09,98.41,0.13,12.76,30.63,0.0
1768456800,2026-01-15 06:00:00,2.0,132.55,0.01,0.07,98.13,0.13,12.83,30.36,0.0
1768460400,2026-01-15 07:00:00,2.0,132.15,0.01,0.06,97.31,0.13,12.86,29.98,0.0
1768464000,2026-01-15 08:00:00,2.0,131.55,0.01,0.05,96.53,0.13,12.88,29.58,0.0
1768467600,2026-01-15 09:00:00,2.0,131.01,0.01,0.05,95.7,0.13,12.91,29.23,0.0
1768471200,2026-01-15 10:00:00,2.0,130.62,0.01,0.05,95.6,0.14,12.99,28.87,0.0
1768474800,2026-01-15 11:00:00,2.0,130.08,0.01,0.06,95.69,0.14,13.06,28.42,0.0
1768478400,2026-01-15 12:00:00,2.0,129.6,0.01,0.08,96.08,0.15,13.2,28.27,0.0
1768482000,2026-01-15 13:00:00,2.0,129.71,0.0,0.1,96.81,0.16,13.46,28.5,0.0
1768485600,2026-01-15 14:00:00,2.0,129.76,0.0,0.11,97.56,0.17,13.87,29.18,0.0
1768489200,2026-01-15 15:00:00,2.0,129.95,0.0,0.12,98.31,0.18,14.37,30.12,0.0
1768492800,2026-01-15 16:00:00,2.0,130.18,0.0,0.12,99.04,0.19,14.89,31.15,0.0
1768496400,2026-01-15 17:00:00,2.0,130.64,0.0,0.12,99.74,0.2,15.4,32.1,0.0
1768500000,2026-01-15 18:00:00,3.0,131.19,0.0,0.12,100.51,0.21,15.88,32.89,0.0
1768503600,2026-01-15 19:00:00,3.0,131.57,0.0,0.12,101.04,0.22,16.29,33.47,0.0
1768507200,2026-01-15 20:00:00,3.0,132.18,0.0,0.12,101.74,0.23,16.7,34.01,0.0
1768510800,2026-01-15 21:00:00,3.0,132.9,0.0,0.12,102.46,0.24,17.11,34.64,0.0
1768514400,2026-01-15 22:00:00,3.0,133.49,0.0,0.12,103.12,0.25,17.51,35.22,0.0
1768518000,2026-01-15 23:00:00,3.0,133.95,0.0,0.12,103.93,0.27,17.84,35.66,0.0
1768521600,2026-01-16 00:00:00,3.0,134.47,0.0,0.12,104.71,0.28,18.14,36.19,0.0
1768525200,2026-01-16 01:00:00,3.0,134.85,0.0,0.12,105.26,0.29,18.37,36.65,0.0
1768528800,2026-01-16 02:00:00,3.0,135.31,0.0,0.12,105.55,0.29,18.47,36.81,0.0
1768532400,2026-01-16 03:00:00,3.0,135.41,0.0,0.13,105.58,0.28,18.4,36.62,0.0
1768536000,2026-01-16 04:00:00,3.0,135.0,0.0,0.15,105.28,0.28,18.19,36.11,0.0
1768539600,2026-01-16 05:00:00,3.0,134.47,0.01,0.14,104.75,0.27,17.92,35.49,0.0
1768543200,2026-01-16 06:00:00,3.0,133.87,0.01,0.12,104.19,0.26,17.64,34.91,0.0
1768546800,2026-01-16 07:00:00,3.0,132.9,0.01,0.1,103.24,0.25,17.44,34.61,0.0
1768550400,2026-01-16 08:00:00,3.0,131.94,0.01,0.09,101.95,0.24,17.45,35.01,0.0
1768554000,2026-01-16 09:00:00,3.0,131.23,0.01,0.09,100.94,0.24,17.8,36.44,0.0
1768557600,2026-01-16 10:00:00,3.0,131.39,0.01,0.1,100.88,0.26,18.76,39.66,0.0
1768561200,2026-01-16 11:00:00,3.0,131.62,0.01,0.12,101.27,0.28,20.29,44.62,0.0
1768564800,2026-01-16 12:00:00,3.0,132.12,0.01,0.15,102.34,0.31,22.29,50.92,0.0
1768568400,2026-01-16 13:00:00,3.0,133.04,0.0,0.2,104.0,0.34,24.52,57.62,0.0
1768572000,2026-01-16 14:00:00,3.0,134.08,0.0,0.21,105.22,0.36,26.37,63.26,0.0
1768575600,2026-01-16 15:00:00,3.0,135.25,0.0,0.2,105.96,0.37,27.69,67.4,0.0
1768579200,2026-01-16 16:00:00,3.0,135.92,0.0,0.2,106.26,0.36,28.37,69.8,0.0
1768582800,2026-01-16 17:00:00,3.0,136.7,0.0,0.19,106.11,0.36,28.66,71.27,0.0
1768586400,2026-01-16 18:00:00,3.0,137.43,0.0,0.18,105.79,0.34,28.71,72.39,0.0
1768590000,2026-01-16 19:00:00,3.0,137.85,0.0,0.18,105.16,0.33,28.71,73.53,0.0
1768593600,2026-01-16 20:00:00,3.0,138.39,0.0,0.18,104.5,0.33,28.89,75.35,0.0
1768597200,2026-01-16 21:00:00,3.0,138.99,0.0,0.17,103.59,0.33,29.28,78.11,0.0
1768600800,2026-01-16 22:00:00,3.0,140.17,0.0,0.18,102.69,0.34,29.76,81.74,0.0
1768604400,2026-01-16 23:00:00,3.0,141.41,0.0,0.18,102.09,0.35,30.26,85.94,0.0
1768608000,2026-01-17 00:00:00,3.0,142.7,0.0,0.19,101.95,0.38,31.11,91.41,0.0
1768611600,2026-01-17 01:00:00,3.0,143.93,0.0,0.2,102.98,0.42,32.77,99.38,0.0
1768615200,2026-01-17 02:00:00,4.0,144.57,0.0,0.21,104.79,0.48,35.46,109.86,0.0
1768618800,2026-01-17 03:00:00,4.0,144.5,0.0,0.23,107.21,0.56,38.77,121.82,0.0
1768622400,2026-01-17 04:00:00,4.0,143.26,0.01,0.28,109.34,0.63,41.48,131.09,0.0
1768626000,2026-01-17 05:00:00,4.0,141.19,0.02,0.27,111.44,0.68,42.72,134.91,0.0
1768629600,2026-01-17 06:00:00,4.0,138.7,0.02,0.23,113.29,0.7,41.93,132.07,0.0
1768633200,2026-01-17 07:00:00,4.0,135.15,0.02,0.18,114.18,0.68,38.77,121.77,0.0
1768636800,2026-01-17 08:00:00,4.0,131.19,0.02,0.16,114.54,0.65,33.66,105.07,0.0
1768640400,2026-01-17 09:00:00,3.0,127.27,0.02,0.14,114.52,0.6,27.44,85.02,0.0
1768644000,2026-01-17 10:00:00,3.0,124.21,0.01,0.14,114.6,0.55,21.0,64.58,0.0
1768647600,2026-01-17 11:00:00,3.0,121.98,0.01,0.16,114.69,0.52,15.75,48.17,0.0
1768651200,2026-01-17 12:00:00,3.0,121.21,0.01,0.18,114.84,0.52,12.52,38.19,0.0
1768654800,2026-01-17 13:00:00,3.0,121.83,0.0,0.22,115.12,0.53,11.11,33.82,0.0
1768658400,2026-01-17 14:00:00,3.0,122.9,0.0,0.22,115.28,0.55,10.84,33.01,0.0
1768662000,2026-01-17 15:00:00,3.0,123.97,0.0,0.21,115.06,0.59,11.09,33.78,0.0
1768665600,2026-01-17 16:00:00,3.0,124.09,0.0,0.2,114.7,0.61,11.22,34.29,0.0
1768669200,2026-01-17 17:00:00,3.0,123.74,0.0,0.2,114.48,0.63,11.07,34.08,0.0
1768672800,2026-01-17 18:00:00,3.0,122.57,0.0,0.19,114.04,0.64,10.6,33.03,0.0
1768676400,2026-01-17 19:00:00,3.0,121.18,0.0,0.18,113.34,0.65,9.97,31.48,0.0
1768680000,2026-01-17 20:00:00,3.0,120.05,0.0,0.17,112.65,0.65,9.42,30.05,0.0
1768683600,2026-01-17 21:00:00,3.0,119.25,0.0,0.17,112.04,0.64,9.0,28.94,0.0
1768687200,2026-01-17 22:00:00,3.0,118.66,0.0,0.16,111.49,0.62,8.67,28.1,0.0
1768690800,2026-01-17 23:00:00,3.0,118.37,0.0,0.16,111.24,0.59,8.48,27.76,0.0
1768694400,2026-01-18 00:00:00,3.0,118.27,0.0,0.15,111.31,0.56,8.51,28.33,0.0
1768698000,2026-01-18 01:00:00,3.0,118.43,0.0,0.15,111.6,0.53,8.81,29.93,0.0
1768701600,2026-01-18 02:00:00,3.0,118.78,0.0,0.14,111.9,0.5,9.34,32.45,0.0
1768705200,2026-01-18 03:00:00,3.0,119.42,0.0,0.16,112.03,0.48,10.05,35.7,0.0
1768708800,2026-01-18 04:00:00,3.0,119.77,0.01,0.2,111.78,0.45,10.83,39.03,0.0
1768712400,2026-01-18 05:00:00,3.0,120.11,0.02,0.19,111.54,0.41,11.62,42.04,0.0
1768716000,2026-01-18 06:00:00,3.0,120.21,0.02,0.16,111.12,0.38,12.34,44.63,0.0
1768719600,2026-01-18 07:00:00,3.0,120.14,0.02,0.14,110.46,0.35,12.95,46.85,0.0
1768723200,2026-01-18 08:00:00,3.0,119.94,0.02,0.12,109.36,0.33,13.5,48.82,0.0
1768726800,2026-01-18 09:00:00,3.0,119.6,0.01,0.12,108.2,0.31,13.98,50.43,0.0
1768730400,2026-01-18 10:00:00,3.0,119.81,0.01,0.12,107.51,0.3,14.58,52.56,0.0
1768734000,2026-01-18 11:00:00,3.0,119.98,0.01,0.13,106.83,0.29,15.34,55.31,0.0
1768737600,2026-01-18 12:00:00,3.0,120.38,0.01,0.15,106.34,0.28,16.2,58.41,0.0
1768741200,2026-01-18 13:00:00,3.0,121.11,0.0,0.18,106.15,0.28,17.2,61.96,0.0
1768744800,2026-01-18 14:00:00,3.0,121.96,0.0,0.18,106.04,0.28,18.25,65.63,0.0
1768748400,2026-01-18 15:00:00,3.0,122.87,0.0,0.17,105.92,0.28,19.26,68.9,0.0
1768752000,2026-01-18 16:00:00,3.0,123.44,0.0,0.17,105.71,0.28,20.01,71.28,0.0
1768755600,2026-01-18 17:00:00,3.0,124.16,0.0,0.17,105.71,0.28,20.7,73.21,0.0
1768759200,2026-01-18 18:00:00,3.0,125.0,0.0,0.17,105.79,0.28,21.31,74.91,0.0
1768762800,2026-01-18 19:00:00,3.0,125.65,0.0,0.16,105.71,0.28,21.74,75.87,0.0
1768766400,2026-01-18 20:00:00,3.0,126.18,0.0,0.16,105.98,0.28,22.02,76.36,0.0
1768770000,2026-01-18 21:00:00,3.0,126.62,0.0,0.16,106.18,0.28,22.21,76.56,0.0
1768773600,2026-01-18 22:00:00,3.0,126.98,0.0,0.16,106.37,0.29,22.26,76.3,0.0
1768777200,2026-01-18 23:00:00,3.0,127.17,0.0,0.16,106.6,0.29,22.17,75.53,0.0
1768780800,2026-01-19 00:00:00,3.0,127.33,0.0,0.16,106.79,0.3,21.91,74.26,0.0
1768784400,2026-01-19 01:00:00,3.0,127.62,0.0,0.17,106.88,0.3,21.58,72.71,0.0
1768788000,2026-01-19 02:00:00,3.0,127.74,0.0,0.17,107.19,0.31,21.23,71.18,0.0
1768791600,2026-01-19 03:00:00,3.0,127.72,0.0,0.19,107.65,0.31,20.83,69.59,0.0
1768795200,2026-01-19 04:00:00,3.0,127.02,0.01,0.21,107.6,0.31,20.43,68.05,0.0
1768798800,2026-01-19 05:00:00,3.0,126.89,0.02,0.19,107.99,0.31,20.21,67.01,0.0
1768802400,2026-01-19 06:00:00,3.0,126.72,0.02,0.16,108.2,0.3,20.03,66.0,0.0
1768806000,2026-01-19 07:00:00,3.0,125.62,0.02,0.12,107.93,0.29,19.78,64.71,0.0
1768809600,2026-01-19 08:00:00,3.0,124.54,0.01,0.1,107.44,0.28,19.51,63.27,0.0
1768813200,2026-01-19 09:00:00,3.0,123.72,0.01,0.1,106.74,0.27,19.29,61.98,0.0
1768816800,2026-01-19 10:00:00,3.0,123.38,0.01,0.1,106.55,0.27,19.03,60.55,0.0
1768820400,2026-01-19 11:00:00,3.0,122.76,0.01,0.11,106.32,0.27,18.54,58.32,0.0
1768824000,2026-01-19 12:00:00,3.0,122.31,0.01,0.12,106.17,0.27,18.06,56.31,0.0
1768827600,2026-01-19 13:00:00,3.0,122.27,0.0,0.15,106.36,0.27,17.67,54.82,0.0
1768831200,2026-01-19 14:00:00,3.0,122.19,0.0,0.15,106.47,0.27,17.34,53.62,0.0
1768834800,2026-01-19 15:00:00,3.0,122.32,0.0,0.15,106.59,0.27,17.05,52.67,0.0
1768838400,2026-01-19 16:00:00,3.0,122.3,0.0,0.14,106.54,0.27,16.79,51.87,0.0
1768842000,2026-01-19 17:00:00,3.0,122.47,0.0,0.14,106.64,0.27,16.56,51.23,0.0
1768845600,2026-01-19 18:00:00,3.0,122.77,0.0,0.14,106.89,0.27,16.33,50.61,0.0
1768849200,2026-01-19 19:00:00,3.0,122.87,0.0,0.14,106.98,0.28,16.06,50.03,0.0
1768852800,2026-01-19 20:00:00,3.0,123.16,0.0,0.13,107.18,0.28,15.85,49.57,0.0
1768856400,2026-01-19 21:00:00,3.0,123.4,0.0,0.13,107.48,0.29,15.69,49.27,0.0
1768860000,2026-01-19 22:00:00,3.0,123.85,0.0,0.13,107.79,0.29,15.56,49.11,0.0
1768863600,2026-01-19 23:00:00,3.0,124.13,0.0,0.13,107.93,0.3,15.51,49.15,0.0
1768867200,2026-01-20 00:00:00,3.0,124.5,0.0,0.12,108.07,0.3,15.49,49.24,0.0
1768870800,2026-01-20 01:00:00,3.0,124.87,0.0,0.12,108.24,0.31,15.53,49.48,0.0
1768874400,2026-01-20 02:00:00,3.0,125.48,0.0,0.12,108.66,0.31,15.63,49.8,0.0
1768878000,2026-01-20 03:00:00,3.0,126.1,0.0,0.13,109.09,0.31,15.77,50.29,0.0
1768881600,2026-01-20 04:00:00,3.0,125.97,0.01,0.14,108.64,0.31,15.8,50.21,0.0
1768885200,2026-01-20 05:00:00,3.0,126.18,0.01,0.13,108.59,0.31,15.87,50.12,0.0
1768888800,2026-01-20 06:00:00,3.0,126.42,0.01,0.1,108.46,0.31,15.99,50.08,0.0
1768892400,2026-01-20 07:00:00,3.0,126.1,0.01,0.08,107.7,0.3,16.08,49.95,0.0
1768896000,2026-01-20 08:00:00,3.0,125.64,0.01,0.07,106.69,0.29,16.14,49.74,0.0
1768899600,2026-01-20 09:00:00,3.0,125.1,0.01,0.07,105.56,0.28,16.17,49.41,0.0
1768903200,2026-01-20 10:00:00,3.0,124.83,0.01,0.07,104.92,0.28,16.21,49.18,0.0
1768906800,2026-01-20 11:00:00,3.0,124.32,0.01,0.07,104.28,0.26,16.14,48.63,0.0
1768910400,2026-01-20 12:00:00,3.0,123.75,0.01,0.09,103.81,0.25,16.05,47.87,0.0
1768914000,2026-01-20 13:00:00,3.0,123.59,0.0,0.1,103.63,0.25,15.96,47.06,0.0
1768917600,2026-01-20 14:00:00,3.0,123.49,0.0,0.11,103.23,0.24,15.9,46.41,0.0
1768921200,2026-01-20 15:00:00,3.0,123.35,0.0,0.1,102.83,0.23,15.83,46.0,0.0
1768924800,2026-01-20 16:00:00,3.0,123.07,0.0,0.1,102.54,0.23,15.75,45.54,0.0
1768928400,2026-01-20 17:00:00,3.0,122.84,0.0,0.1,102.4,0.22,15.67,45.2,0.0
1768932000,2026-01-20 18:00:00,3.0,122.62,0.0,0.1,102.36,0.22,15.59,44.95,0.0
1768935600,2026-01-20 19:00:00,3.0,122.28,0.0,0.09,102.76,0.22,15.47,44.68,0.0
1768939200,2026-01-20 20:00:00,3.0,121.96,0.0,0.09,102.97,0.21,15.37,44.24,0.0
1768942800,2026-01-20 21:00:00,3.0,121.79,0.0,0.09,103.03,0.21,15.28,43.88,0.0
1768946400,2026-01-20 22:00:00,3.0,121.49,0.0,0.09,103.08,0.22,15.17,43.43,0.0
1768950000,2026-01-20 23:00:00,3.0,121.17,0.0,0.09,103.17,0.22,15.03,42.92,0.0
1768953600,2026-01-21 00:00:00,3.0,120.87,0.0,0.08,103.07,0.22,14.89,42.27,0.0
1768957200,2026-01-21 01:00:00,3.0,120.7,0.0,0.08,103.1,0.23,14.77,41.7,0.0
1768960800,2026-01-21 02:00:00,3.0,120.7,0.0,0.08,103.25,0.24,14.74,41.32,0.0
1768964400,2026-01-21 03:00:00,3.0,120.97,0.0,0.09,103.28,0.25,14.69,40.95,0.0
1768968000,2026-01-21 04:00:00,3.0,120.71,0.0,0.11,103.03,0.25,14.62,40.44,0.0
1768971600,2026-01-21 05:00:00,3.0,121.03,0.01,0.1,102.99,0.27,14.58,39.96,0.0
1768975200,2026-01-21 06:00:00,3.0,121.65,0.01,0.09,102.81,0.32,14.6,39.58,0.0
1768978800,2026-01-21 07:00:00,3.0,121.57,0.01,0.08,102.16,0.36,14.59,39.09,0.0
1768982400,2026-01-21 08:00:00,3.0,121.28,0.01,0.07,101.3,0.38,14.63,38.72,0.0
1768986000,2026-01-21 09:00:00,3.0,121.21,0.01,0.07,100.4,0.41,14.77,38.56,0.0
1768989600,2026-01-21 10:00:00,2.0,120.99,0.01,0.06,99.78,0.39,14.84,38.32,0.0
1768993200,2026-01-21 11:00:00,2.0,119.99,0.01,0.07,98.97,0.35,14.7,37.73,0.0
1768996800,2026-01-21 12:00:00,2.0,119.01,0.01,0.08,98.49,0.32,14.5,36.98,0.0
1769000400,2026-01-21 13:00:00,2.0,118.23,0.0,0.09,98.34,0.29,14.3,36.27,0.0
1769004000,2026-01-21 14:00:00,2.0,117.32,0.0,0.09,98.27,0.27,13.96,35.25,0.0
1769007600,2026-01-21 15:00:00,2.0,116.22,0.0,0.09,98.08,0.25,13.46,33.9,0.0
1769011200,2026-01-21 16:00:00,2.0,115.22,0.0,0.09,97.86,0.24,12.99,32.68,0.0
1769014800,2026-01-21 17:00:00,2.0,114.51,0.0,0.08,97.66,0.23,12.62,31.78,0.0
1769018400,2026-01-21 18:00:00,2.0,114.21,0.0,0.08,97.48,0.23,12.31,31.08,0.0
1769022000,2026-01-21 19:00:00,2.0,113.93,0.0,0.08,97.45,0.23,12.07,30.52,0.0
1769025600,2026-01-21 20:00:00,2.0,113.79,0.0,0.08,97.51,0.24,11.9,30.17,0.0
1769029200,2026-01-21 21:00:00,2.0,113.77,0.0,0.08,97.47,0.25,11.82,30.07,0.0
1769032800,2026-01-21 22:00:00,2.0,113.86,0.0,0.08,97.51,0.26,11.82,30.26,0.0
1769036400,2026-01-21 23:00:00,2.0,113.89,0.0,0.08,97.36,0.27,11.91,30.72,0.0
1769040000,2026-01-22 00:00:00,2.0,113.62,0.0,0.09,97.16,0.27,12.04,31.2,0.0
1769043600,2026-01-22 01:00:00,2.0,113.78,0.0,0.09,97.24,0.28,12.19,31.72,0.0
1769047200,2026-01-22 02:00:00,2.0,113.79,0.0,0.09,97.45,0.29,12.42,32.65,0.0
1769050800,2026-01-22 03:00:00,2.0,113.83,0.0,0.1,97.57,0.31,12.76,33.9,0.0
1769054400,2026-01-22 04:00:00,2.0,113.48,0.0,0.11,97.4,0.34,13.22,35.54,0.0
1769058000,2026-01-22 05:00:00,2.0,113.34,0.01,0.1,97.56,0.37,13.92,38.09,0.0
1769061600,2026-01-22 06:00:00,2.0,113.32,0.01,0.08,97.44,0.4,14.64,40.62,0.0
1769065200,2026-01-22 07:00:00,2.0,113.63,0.01,0.07,97.43,0.46,15.42,42.2,0.0
1769068800,2026-01-22 08:00:00,2.0,114.17,0.01,0.07,97.19,0.5,16.07,42.05,0.0
1769072400,2026-01-22 09:00:00,2.0,115.33,0.01,0.08,96.42,0.51,16.39,40.1,0.0
1769076000,2026-01-22 10:00:00,2.0,118.62,0.01,0.1,96.4,0.57,15.59,33.27,0.0
1769079600,2026-01-22 11:00:00,2.0,124.46,0.01,0.14,97.86,0.57,13.91,25.14,0.0
1769083200,2026-01-22 12:00:00,3.0,132.75,0.01,0.23,101.84,0.56,11.42,18.53,0.0
1769086800,2026-01-22 13:00:00,3.0,141.33,0.0,0.35,106.48,0.48,8.13,14.55,0.0
1769090400,2026-01-22 14:00:00,3.0,147.36,0.0,0.41,110.49,0.47,6.51,15.91,0.0
1769094000,2026-01-22 15:00:00,3.0,149.02,0.0,0.42,112.48,0.51,6.95,22.05,0.0
1769097600,2026-01-22 16:00:00,3.0,147.4,0.0,0.41,113.14,0.51,7.72,28.34,0.0
1769101200,2026-01-22 17:00:00,3.0,146.61,0.0,0.39,113.8,0.46,7.6,30.66,0.0
1769104800,2026-01-22 18:00:00,3.0,146.95,0.0,0.37,114.31,0.41,6.69,28.81,0.01
1769108400,2026-01-22 19:00:00,3.0,147.31,0.0,0.35,114.78,0.39,5.5,24.8,0.02
1769112000,2026-01-22 20:00:00,3.0,149.07,0.0,0.33,116.03,0.38,4.54,21.21,0.03
1769115600,2026-01-22 21:00:00,3.0,151.39,0.0,0.31,116.58,0.38,3.97,19.13,0.03
1769119200,2026-01-22 22:00:00,3.0,152.97,0.0,0.3,115.15,0.37,3.69,18.35,0.04
1769122800,2026-01-22 23:00:00,3.0,154.97,0.0,0.29,113.49,0.35,3.77,19.24,0.04
1769126400,2026-01-23 00:00:00,3.0,156.18,0.0,0.29,111.42,0.33,3.95,20.5,0.04
1769130000,2026-01-23 01:00:00,3.0,154.72,0.0,0.27,108.84,0.32,4.07,21.36,0.04
1769133600,2026-01-23 02:00:00,3.0,153.28,0.0,0.27,106.84,0.32,4.16,22.13,0.04
1769137200,2026-01-23 03:00:00,3.0,151.59,0.0,0.3,105.4,0.34,4.19,22.44,0.05
1769140800,2026-01-23 04:00:00,3.0,149.57,0.02,0.34,104.78,0.38,4.2,22.47,0.05
1769144400,2026-01-23 05:00:00,3.0,147.4,0.04,0.35,104.79,0.45,4.35,22.8,0.06
1769148000,2026-01-23 06:00:00,3.0,144.4,0.05,0.33,105.48,0.5,4.55,22.86,0.07
1769151600,2026-01-23 07:00:00,3.0,140.36,0.05,0.28,106.14,0.5,4.68,22.23,0.07
1769155200,2026-01-23 08:00:00,3.0,136.77,0.04,0.23,106.68,0.45,4.66,20.96,0.06
1769158800,2026-01-23 09:00:00,3.0,133.33,0.03,0.2,106.97,0.37,4.52,19.43,0.05
1769162400,2026-01-23 10:00:00,3.0,130.54,0.03,0.18,107.16,0.28,4.31,18.08,0.04
1769166000,2026-01-23 11:00:00,3.0,127.86,0.02,0.18,106.75,0.2,4.17,17.42,0.03
1769169600,2026-01-23 12:00:00,3.0,125.95,0.02,0.2,106.13,0.14,4.19,17.77,0.03
1769173200,2026-01-23 13:00:00,3.0,125.23,0.01,0.24,105.91,0.11,4.39,19.26,0.03
1769176800,2026-01-23 14:00:00,3.0,124.97,0.0,0.25,105.5,0.09,4.74,21.51,0.03
1769180400,2026-01-23 15:00:00,3.0,125.26,0.0,0.24,105.33,0.09,5.17,24.18,0.03
1769184000,2026-01-23 16:00:00,3.0,125.58,0.0,0.24,105.38,0.09,5.52,26.42,0.04
1769187600,2026-01-23 17:00:00,3.0,125.49,0.0,0.24,105.37,0.09,5.72,27.89,0.04
1769191200,2026-01-23 18:00:00,3.0,125.06,0.0,0.24,105.5,0.1,5.76,28.55,0.04
1769194800,2026-01-23 19:00:00,3.0,124.72,0.0,0.24,105.94,0.09,5.67,28.44,0.04
1769198400,2026-01-23 20:00:00,3.0,124.11,0.0,0.24,105.94,0.09,5.51,27.82,0.04
1769202000,2026-01-23 21:00:00,3.0,123.87,0.0,0.24,105.84,0.09,5.39,27.31,0.05
1769205600,2026-01-23 22:00:00,3.0,124.14,0.0,0.24,105.89,0.1,5.35,27.18,0.06
1769209200,2026-01-23 23:00:00,3.0,126.04,0.0,0.28,105.55,0.16,5.38,27.32,0.09
1769212800,2026-01-24 00:00:00,3.0,130.85,0.0,0.43,104.76,0.48,5.48,27.53,0.17
1769216400,2026-01-24 01:00:00,3.0,138.2,0.0,0.7,104.0,1.26,5.66,27.78,0.28
1769220000,2026-01-24 02:00:00,3.0,146.76,0.0,1.0,103.09,2.49,6.02,28.54,0.39
1769223600,2026-01-24 03:00:00,3.0,155.81,0.01,1.48,102.38,3.98,6.57,29.94,0.5
1769227200,2026-01-24 04:00:00,3.0,162.76,0.12,1.98,102.09,5.42,7.34,31.65,0.58
1769230800,2026-01-24 05:00:00,3.0,172.0,0.24,2.01,104.71,6.56,8.9,34.48,0.64
1769234400,2026-01-24 06:00:00,3.0,186.45,0.24,1.84,111.65,7.25,11.98,39.21,0.71
1769238000,2026-01-24 07:00:00,3.0,200.99,0.18,1.43,120.65,7.22,15.98,44.91,0.81
1769241600,2026-01-24 08:00:00,3.0,212.37,0.13,1.02,128.37,6.56,19.68,51.07,0.94
1769245200,2026-01-24 09:00:00,3.0,217.22,0.09,0.78,131.9,5.53,22.06,56.61,1.11
1769248800,2026-01-24 10:00:00,3.0,213.27,0.07,0.7,131.75,4.44,22.22,58.47,1.22
1769252400,2026-01-24 11:00:00,3.0,202.2,0.06,0.72,129.09,3.62,20.82,56.92,1.24
1769256000,2026-01-24 12:00:00,3.0,189.58,0.03,0.82,125.81,3.2,19.05,54.61,1.19
1769259600,2026-01-24 13:00:00,3.0,179.01,0.01,0.99,123.11,3.18,17.62,53.37,1.13
1769263200,2026-01-24 14:00:00,3.0,170.71,0.0,1.06,120.42,3.43,16.75,53.72,1.07
1769266800,2026-01-24 15:00:00,3.0,167.63,0.0,1.11,118.21,3.82,16.65,56.21,1.04
1769270400,2026-01-24 16:00:00,3.0,170.41,0.0,1.2,116.3,4.22,17.33,60.74,1.08
1769274000,2026-01-24 17:00:00,3.0,179.73,0.0,1.32,114.36,4.54,18.82,67.59,1.21
1769277600,2026-01-24 18:00:00,3.0,193.07,0.0,1.41,112.67,4.67,20.89,75.68,1.41
1769281200,2026-01-24 19:00:00,3.0,206.63,0.0,1.43,111.33,4.6,23.02,83.18,1.58
1769284800,2026-01-24 20:00:00,3.0,221.21,0.0,1.43,111.12,4.54,25.4,90.79,1.74
1769288400,2026-01-24 21:00:00,3.0,235.22,0.0,1.36,112.31,4.36,27.19,95.2,1.81
1769292000,2026-01-24 22:00:00,3.0,247.82,0.0,1.26,113.73,4.1,28.06,95.36,1.83
1769295600,2026-01-24 23:00:00,3.0,259.14,0.0,1.17,115.6,3.87,28.45,93.6,1.87
1769299200,2026-01-25 00:00:00,3.0,265.22,0.0,1.09,117.22,3.63,28.07,89.49,1.9
1769302800,2026-01-25 01:00:00,3.0,265.62,0.0,1.03,118.49,3.44,27.11,84.29,1.93
1769306400,2026-01-25 02:00:00,3.0,263.4,0.0,0.99,119.58,3.34,26.16,79.9,1.96
1769310000,2026-01-25 03:00:00,3.0,261.05,0.0,1.08,120.36,3.3,25.46,76.69,2.01
1769313600,2026-01-25 04:00:00,3.0,259.88,0.05,1.35,120.6,3.33,25.25,74.91,2.09
1769317200,2026-01-25 05:00:00,3.0,262.89,0.12,1.36,122.4,3.44,25.91,74.4,2.19
1769320800,2026-01-25 06:00:00,3.0,266.64,0.16,1.26,125.92,3.6,27.39,74.6,2.26
1769324400,2026-01-25 07:00:00,3.0,268.51,0.14,1.08,130.15,3.76,29.06,74.4,2.27
1769328000,2026-01-25 08:00:00,3.0,268.24,0.11,0.9,134.17,3.86,30.48,73.81,2.22
1769331600,2026-01-25 09:00:00,3.0,267.66,0.09,0.79,137.39,3.97,31.58,73.25,2.16
1769335200,2026-01-25 10:00:00,4.0,268.0,0.08,0.77,140.4,4.06,32.26,72.5,2.11
1769338800,2026-01-25 11:00:00,4.0,267.66,0.06,0.85,141.51,4.13,32.31,71.2,2.05
1769342400,2026-01-25 12:00:00,4.0,267.74,0.03,1.03,141.47,4.22,32.01,69.85,2.02
1769346000,2026-01-25 13:00:00,4.0,269.69,0.01,1.25,141.34,4.34,31.37,68.24,2.0
1769349600,2026-01-25 14:00:00,4.0,270.77,0.0,1.28,140.06,4.42,30.21,65.7,1.96
1769353200,2026-01-25 15:00:00,3.0,272.7,0.0,1.25,138.12,4.55,29.14,63.79,1.95
1769356800,2026-01-25 16:00:00,3.0,277.27,0.0,1.31,136.49,4.76,28.64,63.54,2.0
1769360400,2026-01-25 17:00:00,3.0,285.33,0.0,1.42,133.78,5.08,29.01,65.63,2.12
1769364000,2026-01-25 18:00:00,3.0,294.84,0.0,1.54,130.35,5.38,30.09,69.93,2.29
1769367600,2026-01-25 19:00:00,3.0,302.3,0.0,1.58,127.28,5.43,31.22,74.37,2.41
1769371200,2026-01-25 20:00:00,3.0,306.29,0.0,1.53,125.67,5.3,32.22,78.05,2.44
1769374800,2026-01-25 21:00:00,3.0,307.62,0.0,1.44,125.51,5.09,33.06,80.82,2.39
1769378400,2026-01-25 22:00:00,3.0,307.18,0.0,1.35,125.83,4.97,33.94,83.33,2.3
1769382000,2026-01-25 23:00:00,3.0,310.05,0.0,1.29,126.75,5.06,35.59,87.68,2.24
1769385600,2026-01-26 00:00:00,3.0,313.04,0.0,1.23,127.77,5.15,37.64,93.36,2.21
1769389200,2026-01-26 01:00:00,3.0,316.7,0.0,1.19,128.5,5.23,39.88,99.88,2.19
1769392800,2026-01-26 02:00:00,4.0,322.11,0.0,1.16,128.58,5.32,42.24,107.19,2.2
1769396400,2026-01-26 03:00:00,4.0,328.01,0.0,1.26,128.66,5.39,44.68,114.78,2.22
1769400000,2026-01-26 04:00:00,4.0,334.78,0.04,1.7,128.07,5.43,47.39,122.54,2.25
1769403600,2026-01-26 05:00:00,4.0,343.4,0.12,1.92,128.94,5.63,50.41,129.2,2.25
1769407200,2026-01-26 06:00:00,4.0,350.09,0.17,1.99,132.21,5.93,53.33,132.77,2.21
1769410800,2026-01-26 07:00:00,4.0,349.69,0.19,1.72,137.05,6.07,55.33,132.03,2.06
1769414400,2026-01-26 08:00:00,4.0,345.37,0.15,1.33,142.66,6.0,57.05,131.16,1.89
1769418000,2026-01-26 09:00:00,4.0,340.94,0.11,1.03,146.84,5.85,58.78,131.81,1.76
1769421600,2026-01-26 10:00:00,4.0,337.13,0.08,0.88,150.35,5.59,60.11,132.44,1.64
1769425200,2026-01-26 11:00:00,4.0,330.91,0.07,0.87,152.18,5.35,60.28,130.79,1.51
1769428800,2026-01-26 12:00:00,4.0,326.14,0.04,0.95,152.62,5.2,59.76,128.2,1.41
1769432400,2026-01-26 13:00:00,4.0,322.39,0.01,1.07,152.97,5.16,59.0,125.54,1.35
1769436000,2026-01-26 14:00:00,4.0,319.51,0.0,1.02,152.31,5.23,57.9,122.45,1.32
1769439600,2026-01-26 15:00:00,4.0,317.96,0.0,0.94,151.64,5.37,56.89,119.66,1.3
1769443200,2026-01-26 16:00:00,4.0,317.7,0.0,0.98,150.86,5.69,55.68,116.46,1.3
1769446800,2026-01-26 17:00:00,4.0,320.3,0.0,1.22,149.28,6.37,54.04,112.53,1.37
1769450400,2026-01-26 18:00:00,4.0,326.65,0.0,1.52,146.26,7.29,52.1,108.28,1.51
1769454000,2026-01-26 19:00:00,4.0,333.48,0.0,1.69,143.13,8.17,50.13,104.53,1.68
1769457600,2026-01-26 20:00:00,4.0,341.14,0.0,1.76,139.21,8.93,48.42,102.01,1.86
1769461200,2026-01-26 21:00:00,3.0,345.32,0.0,1.72,135.04,9.14,46.38,99.45,2.01
1769464800,2026-01-26 22:00:00,3.0,342.38,0.0,1.58,130.87,8.67,43.63,95.65,2.08
1769468400,2026-01-26 23:00:00,3.0,334.26,0.0,1.47,127.85,7.97,40.46,90.52,2.09
1769472000,2026-01-27 00:00:00,3.0,321.77,0.0,1.36,125.49,7.26,37.11,84.48,2.04
1769475600,2026-01-27 01:00:00,3.0,306.81,0.0,1.29,124.06,6.7,33.64,78.11,1.94
1769479200,2026-01-27 02:00:00,3.0,292.77,0.0,1.25,123.19,6.39,30.6,72.25,1.82
1769482800,2026-01-27 03:00:00,3.0,280.79,0.0,1.36,122.52,6.26,28.17,67.53,1.72
1769486400,2026-01-27 04:00:00,3.0,272.23,0.05,1.62,124.0,6.15,27.18,64.45,1.56
1769490000,2026-01-27 05:00:00,3.0,266.01,0.13,1.55,126.37,6.08,26.68,61.94,1.43
1769493600,2026-01-27 06:00:00,3.0,259.73,0.17,1.42,129.48,6.12,26.2,59.3,1.33
1769497200,2026-01-27 07:00:00,3.0,253.76,0.16,1.2,133.35,6.2,26.23,57.11,1.22
1769500800,2026-01-27 08:00:00,3.0,248.91,0.13,0.99,137.49,6.37,26.54,55.31,1.11
1769504400,2026-01-27 09:00:00,4.0,244.49,0.1,0.83,141.67,6.53,26.74,53.25,0.99
1769508000,2026-01-27 10:00:00,4.0,240.72,0.08,0.71,144.88,6.49,26.58,51.02,0.89
1769511600,2026-01-27 11:00:00,4.0,235.73,0.06,0.66,145.82,6.1,25.84,48.44,0.78
1769515200,2026-01-27 12:00:00,4.0,229.95,0.04,0.67,144.48,5.39,24.52,45.54,0.68
1769518800,2026-01-27 13:00:00,4.0,223.85,0.01,0.67,141.18,4.5,22.83,42.47,0.57
1769522400,2026-01-27 14:00:00,3.0,218.07,0.0,0.56,137.26,3.65,21.11,39.61,0.44
1769526000,2026-01-27 15:00:00,3.0,214.1,0.0,0.44,133.8,2.95,19.56,36.96,0.33
1769529600,2026-01-27 16:00:00,3.0,210.57,0.0,0.38,130.42,2.31,17.47,33.18,0.22
1769533200,2026-01-27 17:00:00,3.0,206.83,0.0,0.34,127.32,1.8,15.26,29.21,0.15
1769536800,2026-01-27 18:00:00,3.0,204.05,0.0,0.33,124.96,1.46,13.61,26.35,0.1
1769540400,2026-01-27 19:00:00,3.0,201.18,0.0,0.32,122.98,1.19,12.17,23.97,0.07
1769544000,2026-01-27 20:00:00,3.0,197.73,0.0,0.31,120.84,0.96,10.74,21.72,0.05
1769547600,2026-01-27 21:00:00,3.0,193.62,0.0,0.3,118.69,0.77,9.5,19.88,0.03
1769551200,2026-01-27 22:00:00,3.0,190.03,0.0,0.3,116.88,0.61,8.44,18.47,0.02
1769554800,2026-01-27 23:00:00,3.0,186.23,0.0,0.3,114.93,0.5,7.6,17.46,0.02
1769558400,2026-01-28 00:00:00,3.0,185.2,0.0,0.37,112.93,0.57,7.05,16.97,0.05
1769648400,2026-01-29 01:00:00,3.0,296.52,0.0,1.84,125.48,11.15,30.67,70.41,0.94
1769652000,2026-01-29 02:00:00,3.0,292.97,0.0,1.77,122.43,10.5,31.44,74.65,0.9
1769655600,2026-01-29 03:00:00,3.0,284.71,0.0,1.81,119.79,9.64,31.35,76.21,0.84
1769659200,2026-01-29 04:00:00,3.0,272.74,0.04,2.23,117.56,8.56,30.42,75.47,0.78
1769662800,2026-01-29 05:00:00,3.0,260.76,0.14,2.13,117.04,7.44,29.15,73.81,0.72
1769666400,2026-01-29 06:00:00,3.0,248.63,0.19,1.71,119.94,6.45,28.25,73.08,0.65
1769670000,2026-01-29 07:00:00,3.0,237.96,0.16,1.2,125.53,5.7,28.59,75.08,0.57
1769673600,2026-01-29 08:00:00,3.0,234.03,0.11,0.86,130.95,5.23,30.57,80.0,0.51
1769677200,2026-01-29 09:00:00,3.0,237.78,0.08,0.7,136.1,4.96,33.93,86.23,0.47
1769680800,2026-01-29 10:00:00,4.0,246.09,0.07,0.65,140.71,4.85,37.57,91.2,0.45
1769684400,2026-01-29 11:00:00,4.0,254.59,0.06,0.69,143.59,4.82,40.53,94.35,0.46
1769688000,2026-01-29 12:00:00,4.0,263.07,0.04,0.8,145.38,4.84,42.89,96.78,0.49
1769691600,2026-01-29 13:00:00,4.0,273.22,0.01,0.99,146.56,5.02,44.93,98.92,0.56
1769695200,2026-01-29 14:00:00,4.0,281.93,0.0,1.1,146.41,5.45,46.24,100.38,0.66
1769698800,2026-01-29 15:00:00,4.0,291.29,0.0,1.21,145.71,6.11,47.21,101.75,0.78
1769702400,2026-01-29 16:00:00,4.0,303.73,0.0,1.45,144.8,6.95,48.37,103.93,0.94
1769706000,2026-01-29 17:00:00,4.0,318.52,0.0,1.73,143.34,7.89,49.62,106.52,1.13
1769709600,2026-01-29 18:00:00,4.0,332.95,0.0,1.95,141.15,8.63,50.61,108.93,1.32
1769713200,2026-01-29 19:00:00,4.0,342.58,0.0,2.04,138.43,8.95,51.19,110.4,1.45
1769716800,2026-01-29 20:00:00,4.0,348.67,0.0,2.06,134.8,8.8,51.32,110.46,1.55
1769720400,2026-01-29 21:00:00,4.0,350.55,0.0,2.02,130.76,8.37,50.97,109.97,1.61
1769724000,2026-01-29 22:00:00,4.0,346.62,0.0,2.03,126.28,7.86,50.38,110.77,1.64
1769727600,2026-01-29 23:00:00,4.0,340.34,0.0,2.09,122.14,7.46,50.09,113.89,1.67
1769731200,2026-01-30 00:00:00,4.0,328.4,0.0,2.0,119.53,6.91,49.79,116.81,1.6
1769734800,2026-01-30 01:00:00,4.0,316.05,0.0,1.85,118.54,6.36,49.79,120.29,1.48
1769738400,2026-01-30 02:00:00,4.0,307.05,0.0,1.73,118.18,5.91,50.48,125.44,1.37
1769742000,2026-01-30 03:00:00,4.0,302.62,0.0,1.78,118.63,5.58,51.57,130.71,1.28
1769745600,2026-01-30 04:00:00,4.0,301.59,0.06,2.21,119.53,5.36,53.0,135.46,1.24
1769749200,2026-01-30 05:00:00,4.0,306.5,0.19,2.29,122.56,5.32,54.87,139.06,1.22
1769752800,2026-01-30 06:00:00,4.0,315.78,0.27,2.27,127.77,5.49,57.33,142.03,1.22
1769756400,2026-01-30 07:00:00,4.0,324.06,0.26,2.06,134.84,5.83,60.0,143.59,1.19
1769760000,2026-01-30 08:00:00,4.0,330.36,0.2,1.67,142.93,6.26,62.77,143.92,1.11
1769763600,2026-01-30 09:00:00,4.0,331.58,0.14,1.27,150.58,6.62,64.51,140.81,0.97
1769767200,2026-01-30 10:00:00,4.0,320.82,0.09,0.95,154.84,6.47,62.7,129.42,0.71
1769770800,2026-01-30 11:00:00,4.0,313.64,0.07,0.88,156.53,6.29,60.72,121.21,0.59
1769774400,2026-01-30 12:00:00,4.0,310.55,0.05,0.97,157.28,6.36,59.33,116.62,0.56
1769778000,2026-01-30 13:00:00,4.0,309.29,0.01,1.1,157.6,6.48,58.0,113.23,0.57
1769781600,2026-01-30 14:00:00,4.0,304.97,0.0,1.0,155.94,6.39,56.06,109.24,0.59
1769785200,2026-01-30 15:00:00,4.0,297.83,0.0,0.82,153.7,6.05,53.63,104.68,0.59
1769788800,2026-01-30 16:00:00,4.0,288.41,0.0,0.71,150.86,5.61,50.85,99.63,0.59
1769792400,2026-01-30 17:00:00,4.0,277.98,0.0,0.64,147.71,5.14,47.88,94.62,0.59
1769796000,2026-01-30 18:00:00,4.0,266.21,0.0,0.59,144.19,4.68,44.8,89.96,0.59
1769799600,2026-01-30 19:00:00,4.0,254.13,0.0,0.54,140.53,4.27,41.87,85.77,0.58
1769803200,2026-01-30 20:00:00,3.0,246.18,0.0,0.53,138.02,4.18,39.82,82.87,0.58
1769806800,2026-01-30 21:00:00,3.0,243.7,0.0,0.61,135.91,4.55,38.75,81.76,0.61
1769810400,2026-01-30 22:00:00,3.0,247.69,0.0,0.8,134.04,5.44,38.67,82.92,0.69
1769814000,2026-01-30 23:00:00,3.0,258.69,0.0,1.02,132.3,6.5,39.62,86.8,0.82
1769817600,2026-01-31 00:00:00,3.0,275.69,0.0,1.24,130.25,7.55,41.77,93.66,0.99
1769821200,2026-01-31 01:00:00,4.0,295.7,0.0,1.41,128.09,8.41,44.88,102.81,1.16
1769824800,2026-01-31 02:00:00,4.0,313.47,0.0,1.51,126.41,9.06,48.18,112.02,1.3
1769828400,2026-01-31 03:00:00,4.0,325.79,0.0,1.72,125.13,9.56,51.16,119.95,1.39
1769832000,2026-01-31 04:00:00,4.0,335.68,0.06,2.26,124.46,9.98,54.12,127.2,1.46
1769835600,2026-01-31 05:00:00,4.0,340.77,0.18,2.27,126.6,10.27,57.19,133.67,1.47
1769839200,2026-01-31 06:00:00,4.0,340.27,0.21,1.96,132.06,10.27,60.18,138.56,1.39
1769842800,2026-01-31 07:00:00,4.0,338.58,0.18,1.52,138.29,10.07,63.37,142.68,1.31
1769846400,2026-01-31 08:00:00,4.0,341.03,0.13,1.18,144.4,9.99,67.36,148.04,1.25
1769850000,2026-01-31 09:00:00,4.0,341.18,0.1,0.95,149.62,10.02,70.44,151.42,1.17
1769853600,2026-01-31 10:00:00,4.0,338.0,0.08,0.84,154.03,10.09,71.74,152.08,1.08
1769857200,2026-01-31 11:00:00,4.0,331.38,0.07,0.83,156.49,10.03,71.31,149.93,0.98
1769860800,2026-01-31 12:00:00,4.0,324.64,0.05,0.9,157.24,9.7,69.79,145.85,0.91
1769864400,2026-01-31 13:00:00,4.0,317.12,0.01,0.98,155.97,9.0,67.18,139.75,0.86
1769868000,2026-01-31 14:00:00,4.0,306.5,0.0,0.85,152.86,7.85,63.33,131.13,0.78
1769871600,2026-01-31 15:00:00,4.0,294.26,0.0,0.67,148.32,6.44,58.87,121.27,0.68
1769875200,2026-01-31 16:00:00,4.0,280.89,0.0,0.56,143.44,5.1,54.3,111.22,0.57
1769878800,2026-01-31 17:00:00,4.0,268.07,0.0,0.49,138.94,4.0,49.92,101.38,0.45
1769882400,2026-01-31 18:00:00,3.0,253.87,0.0,0.43,134.48,3.07,45.25,91.05,0.33
1769886000,2026-01-31 19:00:00,3.0,237.43,0.0,0.37,129.64,2.29,39.86,79.68,0.22
1769889600,2026-01-31 20:00:00,3.0,221.04,0.0,0.33,125.38,1.74,34.71,69.48,0.13
1769893200,2026-01-31 21:00:00,3.0,208.14,0.0,0.29,122.29,1.37,30.7,62.02,0.07
1769896800,2026-01-31 22:00:00,3.0,192.51,0.0,0.26,119.75,1.06,26.14,54.58,0.03
1769900400,2026-01-31 23:00:00,3.0,178.24,0.0,0.24,117.62,0.82,22.24,48.93,0.01
1769904000,2026-02-01 00:00:00,3.0,169.13,0.0,0.22,115.67,0.67,19.62,45.65,0.0
1769907600,2026-02-01 01:00:00,3.0,164.19,0.0,0.23,113.66,0.7,17.96,44.32,0.0
1769911200,2026-02-01 02:00:00,3.0,163.12,0.0,0.26,111.32,0.8,17.11,44.44,0.0
1769914800,2026-02-01 03:00:00,3.0,163.38,0.0,0.34,108.95,0.93,16.58,45.11,0.02
1769918400,2026-02-01 04:00:00,3.0,167.36,0.03,0.54,106.66,1.27,16.58,46.37,0.06
1769922000,2026-02-01 05:00:00,3.0,172.86,0.07,0.66,106.03,1.79,16.97,48.0,0.1
1769925600,2026-02-01 06:00:00,3.0,177.89,0.08,0.63,107.66,2.28,17.79,50.14,0.12
1769929200,2026-02-01 07:00:00,3.0,187.28,0.07,0.54,110.3,2.67,19.65,53.38,0.16
1769932800,2026-02-01 08:00:00,3.0,205.37,0.06,0.48,114.54,3.16,23.43,59.01,0.25
1769936400,2026-02-01 09:00:00,3.0,225.87,0.06,0.46,120.09,3.79,28.36,66.16,0.34
1769940000,2026-02-01 10:00:00,3.0,237.46,0.05,0.46,124.7,4.09,31.81,70.8,0.37
1769943600,2026-02-01 11:00:00,3.0,233.71,0.04,0.46,125.35,3.83,32.09,70.55,0.29
1769947200,2026-02-01 12:00:00,3.0,219.09,0.03,0.48,123.29,3.25,29.4,66.37,0.17
1769950800,2026-02-01 13:00:00,3.0,193.33,0.01,0.46,118.03,2.46,23.9,58.82,0.07
1769954400,2026-02-01 14:00:00,3.0,176.27,0.0,0.39,113.29,1.77,19.91,52.96,0.03
1769958000,2026-02-01 15:00:00,3.0,162.82,0.0,0.3,109.18,1.22,16.64,47.72,0.01
1769961600,2026-02-01 16:00:00,3.0,151.97,0.0,0.24,105.84,0.83,14.1,43.23,0.01
1769965200,2026-02-01 17:00:00,3.0,144.06,0.0,0.21,103.1,0.57,12.18,39.45,0.0
1769968800,2026-02-01 18:00:00,3.0,138.5,0.0,0.18,100.79,0.39,10.7,36.07,0.0
1769972400,2026-02-01 19:00:00,2.0,135.32,0.0,0.16,98.87,0.28,9.67,33.37,0.0
1769976000,2026-02-01 20:00:00,2.0,134.02,0.0,0.15,97.73,0.24,9.05,31.4,0.0
1769979600,2026-02-01 21:00:00,2.0,134.13,0.0,0.15,97.13,0.25,8.75,30.13,0.0
1769983200,2026-02-01 22:00:00,2.0,137.2,0.0,0.17,98.6,0.54,9.17,30.38,0.02
1769986800,2026-02-01 23:00:00,2.0,143.4,0.0,0.26,99.72,0.88,10.02,31.62,0.08
1769990400,2026-02-02 00:00:00,3.0,157.58,0.0,0.53,100.02,1.63,11.75,35.36,0.27
1769994000,2026-02-02 01:00:00,3.0,199.73,0.0,1.07,103.07,3.95,18.84,51.86,0.85
1769997600,2026-02-02 02:00:00,3.0,257.9,0.0,1.65,106.87,6.49,30.68,79.42,1.61
1770001200,2026-02-02 03:00:00,4.0,311.7,0.0,2.17,109.45,8.35,44.48,112.09,2.22
1770004800,2026-02-02 04:00:00,4.0,374.19,0.08,3.23,110.61,9.63,61.15,152.76,2.94
1770008400,2026-02-02 05:00:00,5.0,438.24,0.29,3.82,114.36,10.48,79.65,197.83,3.72
1770012000,2026-02-02 06:00:00,5.0,477.94,0.39,3.75,124.57,10.95,95.63,234.63,4.27
1770015600,2026-02-02 07:00:00,5.0,500.2,0.37,3.3,137.27,10.95,107.89,259.12,4.52
1770019200,2026-02-02 08:00:00,5.0,522.74,0.29,2.77,151.33,10.8,119.02,276.65,4.66
1770022800,2026-02-02 09:00:00,5.0,538.38,0.21,2.24,165.06,10.8,127.39,285.91,4.63
1770026400,2026-02-02 10:00:00,5.0,549.8,0.15,1.94,177.7,10.91,132.84,288.53,4.53
1770030000,2026-02-02 11:00:00,5.0,561.08,0.12,1.9,186.78,10.92,136.39,287.67,4.36
1770033600,2026-02-02 12:00:00,5.0,564.53,0.08,2.09,192.28,10.98,136.53,282.21,4.24
1770037200,2026-02-02 13:00:00,5.0,566.02,0.02,2.37,194.49,11.09,135.72,275.98,4.1
1770040800,2026-02-02 14:00:00,5.0,563.86,0.0,2.07,193.53,11.0,133.95,268.66,3.91
1770044400,2026-02-02 15:00:00,5.0,555.36,0.0,1.54,190.77,10.72,131.07,259.82,3.63
1770048000,2026-02-02 16:00:00,5.0,541.22,0.0,1.27,187.22,10.27,127.81,250.28,3.28
1770051600,2026-02-02 17:00:00,5.0,523.46,0.0,1.1,183.15,9.7,123.57,239.51,2.96
1770055200,2026-02-02 18:00:00,5.0,500.31,0.0,1.04,177.53,9.05,117.6,226.42,2.69
1770058800,2026-02-02 19:00:00,5.0,479.73,0.0,1.19,169.68,8.58,110.18,211.82,2.58
1770062400,2026-02-02 20:00:00,5.0,473.7,0.0,1.57,159.61,8.14,102.93,198.84,2.69
1770066000,2026-02-02 21:00:00,5.0,471.02,0.0,2.07,147.29,8.17,94.41,184.44,2.93
1770069600,2026-02-02 22:00:00,5.0,443.55,0.0,2.38,135.2,9.83,81.17,163.55,3.37
1770073200,2026-02-02 23:00:00,4.0,439.16,0.0,2.59,125.8,9.91,74.93,153.7,3.77
1770076800,2026-02-03 00:00:00,4.0,442.9,0.0,2.7,118.3,9.55,72.68,149.97,4.1
1770080400,2026-02-03 01:00:00,4.0,447.03,0.0,2.71,112.5,9.24,72.88,150.46,4.38
1770084000,2026-02-03 02:00:00,5.0,452.99,0.0,2.62,108.93,9.0,75.29,155.53,4.75
1770087600,2026-02-03 03:00:00,5.0,458.96,0.0,2.63,107.14,8.79,79.08,163.98,5.13
1770091200,2026-02-03 04:00:00,5.0,464.13,0.08,3.07,106.89,8.38,83.06,174.16,5.55
1770094800,2026-02-03 05:00:00,5.0,470.42,0.23,3.03,111.23,7.79,87.78,185.83,5.85
1770098400,2026-02-03 06:00:00,5.0,472.61,0.28,2.63,120.83,7.28,92.33,195.5,5.92
1770102000,2026-02-03 07:00:00,5.0,468.47,0.22,2.03,132.3,6.94,96.19,201.14,5.77
1770105600,2026-02-03 08:00:00,5.0,461.85,0.16,1.53,143.27,6.79,99.72,203.89,5.52
1770109200,2026-02-03 09:00:00,5.0,453.81,0.12,1.23,152.0,6.86,101.95,203.41,5.26
1770112800,2026-02-03 10:00:00,5.0,449.44,0.1,1.14,159.23,6.92,103.35,201.14,5.02
1770116400,2026-02-03 11:00:00,5.0,446.92,0.08,1.19,164.3,6.99,104.26,198.28,4.77
1770120000,2026-02-03 12:00:00,5.0,442.61,0.06,1.34,167.77,7.22,103.55,193.51,4.67
1770123600,2026-02-03 13:00:00,5.0,441.47,0.02,1.55,170.17,7.51,103.12,189.14,4.53
1770127200,2026-02-03 14:00:00,5.0,442.29,0.0,1.41,170.01,7.69,102.96,185.71,4.31
1770130800,2026-02-03 15:00:00,5.0,440.36,0.0,1.13,169.24,7.79,102.22,181.59,4.06
1770134400,2026-02-03 16:00:00,5.0,440.82,0.0,1.01,169.08,7.86,101.92,178.05,3.85
1770138000,2026-02-03 17:00:00,5.0,446.06,0.0,0.96,169.68,7.95,102.52,176.16,3.69
1770141600,2026-02-03 18:00:00,5.0,452.49,0.0,0.95,171.05,8.26,103.03,174.36,3.53
1770145200,2026-02-03 19:00:00,5.0,459.08,0.0,0.99,172.59,8.89,103.05,172.5,3.42
1770148800,2026-02-03 20:00:00,5.0,488.65,0.0,1.34,172.61,9.78,104.9,173.9,3.38
1770152400,2026-02-03 21:00:00,5.0,543.22,0.0,1.98,168.83,10.72,107.25,176.55,3.38
1770156000,2026-02-03 22:00:00,5.0,586.95,0.0,2.56,159.74,11.2,105.87,174.31,3.53
1770159600,2026-02-03 23:00:00,5.0,611.96,0.0,3.01,146.11,10.74,99.99,166.76,3.98
1770163200,2026-02-04 00:00:00,5.0,610.18,0.0,3.28,130.94,9.9,91.18,155.79,4.55
1770166800,2026-02-04 01:00:00,5.0,582.18,0.0,3.4,116.91,9.12,80.69,143.45,5.28
1770170400,2026-02-04 02:00:00,4.0,546.2,0.0,3.36,106.21,8.11,73.0,135.28,5.82
1770174000,2026-02-04 03:00:00,4.0,509.17,0.0,3.4,99.11,7.2,0.0,0.0,6.15
1770177600,2026-02-04 04:00:00,4.0,467.49,0.14,3.64,96.83,6.27,64.33,129.82,6.3
1770181200,2026-02-04 05:00:00,4.0,433.65,0.32,3.25,101.04,5.47,63.91,134.48,6.3
1770184800,2026-02-04 06:00:00,4.0,406.95,0.33,2.63,110.58,5.17,65.72,143.22,6.18
1770188400,2026-02-04 07:00:00,4.0,381.83,0.24,1.93,122.11,5.54,68.12,151.0,5.9
1770192000,2026-02-04 08:00:00,4.0,369.93,0.17,1.44,131.91,5.92,71.52,156.66,5.82
1770195600,2026-02-04 09:00:00,4.0,358.19,0.12,1.16,140.19,6.32,74.05,158.65,5.66
1770199200,2026-02-04 10:00:00,5.0,351.16,0.11,1.11,147.57,6.56,0.0,0.0,5.52
1770202800,2026-02-04 11:00:00,5.0,349.89,0.1,1.25,152.72,6.53,76.65,156.33,5.28
1770206400,2026-02-04 12:00:00,5.0,350.65,0.08,1.62,156.11,6.6,76.85,153.64,5.1
1770210000,2026-02-04 13:00:00,5.0,356.79,0.03,2.33,157.72,6.85,76.69,150.95,5.0
1770213600,2026-02-04 14:00:00,5.0,364.73,0.0,2.72,155.96,7.09,75.6,146.22,4.83
1770217200,2026-02-04 15:00:00,4.0,372.79,0.0,2.72,152.25,7.27,73.59,139.76,4.64
1770220800,2026-02-04 16:00:00,4.0,377.12,0.0,2.85,146.8,7.44,70.11,130.94,4.5
1770224400,2026-02-04 17:00:00,4.0,382.52,0.0,3.07,140.15,7.31,65.96,121.22,4.38
1770228000,2026-02-04 18:00:00,4.0,385.17,0.0,3.24,132.73,7.13,61.43,112.01,4.35
1770231600,2026-02-04 19:00:00,4.0,380.15,0.0,3.27,125.38,6.99,56.95,104.58,4.49
1770235200,2026-02-04 20:00:00,4.0,371.51,0.0,3.24,118.29,6.92,53.11,100.23,4.88
1770238800,2026-02-04 21:00:00,4.0,360.72,0.0,3.17,112.55,7.08,50.79,101.1,5.48
1770242400,2026-02-04 22:00:00,4.0,346.44,0.0,2.96,109.74,7.48,50.7,109.02,6.15
1770246000,2026-02-04 23:00:00,4.0,336.43,0.0,2.71,108.01,7.29,52.47,119.38,6.5
1770249600,2026-02-05 00:00:00,4.0,327.12,0.0,2.42,107.17,6.73,54.65,128.74,6.72
1770253200,2026-02-05 01:00:00,4.0,318.11,0.0,2.16,107.18,6.18,56.35,135.14,6.93
1770256800,2026-02-05 02:00:00,4.0,312.38,0.0,1.97,107.8,5.84,57.4,137.98,7.11
1770260400,2026-02-05 03:00:00,4.0,308.79,0.0,2.06,108.47,5.79,57.81,138.06,7.28
1770264000,2026-02-05 04:00:00,4.0,306.33,0.08,2.53,109.3,5.88,57.48,135.61,7.43
1770267600,2026-02-05 05:00:00,4.0,308.48,0.22,2.58,112.27,6.05,57.64,133.92,7.65
1770271200,2026-02-05 06:00:00,4.0,313.28,0.28,2.38,118.21,6.21,59.14,134.35,7.76
1770274800,2026-02-05 07:00:00,4.0,317.89,0.24,1.95,125.66,6.22,61.77,136.09,7.72
1770278400,2026-02-05 08:00:00,4.0,322.52,0.17,1.49,133.64,6.12,65.27,138.66,7.58
1770282000,2026-02-05 09:00:00,4.0,326.07,0.13,1.19,140.82,6.06,68.32,140.34,7.44
1770285600,2026-02-05 10:00:00,4.0,331.44,0.1,1.1,147.39,6.02,70.93,141.51,7.24
1770289200,2026-02-05 11:00:00,4.0,337.21,0.09,1.2,152.43,5.96,72.57,141.68,7.03
1770292800,2026-02-05 12:00:00,4.0,343.8,0.06,1.44,156.12,6.05,73.7,141.53,6.83
1770296400,2026-02-05 13:00:00,5.0,354.1,0.02,1.8,158.58,6.27,75.04,141.97,6.61
1770300000,2026-02-05 14:00:00,5.0,366.19,0.0,1.82,159.09,6.44,76.47,142.76,6.32
1770303600,2026-02-05 15:00:00,5.0,377.55,0.0,1.56,158.94,6.67,77.83,143.4,6.1
1770307200,2026-02-05 16:00:00,5.0,391.25,0.0,1.49,158.71,6.95,79.01,143.47,5.94
1770310800,2026-02-05 17:00:00,5.0,412.89,0.0,1.73,157.64,7.31,80.33,143.14,5.77
1770314400,2026-02-05 18:00:00,5.0,441.47,0.0,2.12,155.29,7.7,81.64,142.04,5.57
1770318000,2026-02-05 19:00:00,5.0,474.58,0.0,2.48,151.55,8.03,82.72,140.65,5.31
1770321600,2026-02-05 20:00:00,5.0,516.16,0.0,2.88,146.06,8.36,83.39,139.63,5.14
1770325200,2026-02-05 21:00:00,5.0,561.33,0.0,3.31,138.88,8.66,83.52,139.91,5.16
1770328800,2026-02-05 22:00:00,5.0,574.7,0.0,3.3,133.73,9.23,83.35,141.69,5.33
1770332400,2026-02-05 23:00:00,5.0,588.69,0.0,3.29,128.1,9.06,84.16,145.24,5.46
1770336000,2026-02-06 00:00:00,5.0,601.49,0.0,3.24,122.87,8.76,85.21,149.66,5.63
1770339600,2026-02-06 01:00:00,5.0,607.05,0.0,3.17,118.8,9.08,86.18,153.75,5.85
1770343200,2026-02-06 02:00:00,5.0,605.95,0.0,3.06,115.83,9.43,87.4,157.44,6.04
1770346800,2026-02-06 03:00:00,5.0,602.21,0.0,3.07,113.88,9.54,88.42,159.96,6.2
1770350400,2026-02-06 04:00:00,5.0,592.7,0.09,3.52,113.61,9.59,88.29,159.77,6.49
1770354000,2026-02-06 05:00:00,5.0,585.83,0.25,3.5,118.56,9.47,88.85,160.01,6.72
1770357600,2026-02-06 06:00:00,5.0,582.68,0.29,3.02,130.11,9.22,90.86,161.72,6.76
1770361200,2026-02-06 07:00:00,5.0,581.84,0.22,2.34,144.04,8.84,94.08,164.4,6.62
1770364800,2026-02-06 08:00:00,5.0,588.83,0.17,1.86,157.85,8.44,99.0,169.07,6.46
1770368400,2026-02-06 09:00:00,5.0,594.97,0.13,1.61,171.36,8.46,104.25,174.21,6.28
1770372000,2026-02-06 10:00:00,5.0,595.96,0.11,1.53,185.01,9.05,108.99,178.55,6.09
1770375600,2026-02-06 11:00:00,5.0,592.3,0.1,1.6,196.59,9.82,112.36,180.98,5.81
1770379200,2026-02-06 12:00:00,5.0,582.07,0.08,1.82,205.18,10.69,113.54,180.59,5.45
1770382800,2026-02-06 13:00:00,5.0,564.26,0.02,2.07,209.65,11.66,112.19,177.09,5.12
1770386400,2026-02-06 14:00:00,5.0,534.32,0.0,1.74,208.86,12.29,107.3,168.76,4.87
1770390000,2026-02-06 15:00:00,5.0,496.72,0.0,1.28,203.71,12.14,100.93,157.65,4.52
1770393600,2026-02-06 16:00:00,5.0,459.31,0.0,1.05,196.44,11.26,94.22,145.34,4.13
1770397200,2026-02-06 17:00:00,5.0,428.29,0.0,0.89,188.07,9.84,89.09,134.7,3.64
1770400800,2026-02-06 18:00:00,5.0,399.63,0.0,0.75,178.87,8.23,84.22,124.45,3.17
1770404400,2026-02-06 19:00:00,5.0,372.6,0.0,0.62,169.44,6.7,79.06,114.22,2.77
1770408000,2026-02-06 20:00:00,4.0,347.53,0.0,0.52,161.12,5.39,74.04,104.85,2.42
1770411600,2026-02-06 21:00:00,4.0,324.02,0.0,0.43,153.43,4.28,69.11,96.4,2.12
1770415200,2026-02-06 22:00:00,4.0,301.04,0.0,0.35,146.68,3.36,64.11,88.59,1.87
1770418800,2026-02-06 23:00:00,4.0,277.97,0.0,0.28,140.15,2.57,58.97,81.41,1.67
1770422400,2026-02-07 00:00:00,4.0,257.06,0.0,0.23,134.49,2.0,54.44,75.85,1.52
1770426000,2026-02-07 01:00:00,3.0,236.65,0.0,0.18,129.67,1.57,49.76,70.1,1.44
1770429600,2026-02-07 02:00:00,3.0,226.63,0.0,0.15,126.4,1.31,47.57,68.1,1.34
1770433200,2026-02-07 03:00:00,3.0,222.58,0.0,0.16,124.01,1.14,46.84,68.06,1.24
1770436800,2026-02-07 04:00:00,3.0,219.96,0.01,0.17,121.72,1.01,46.49,68.21,1.14
1770440400,2026-02-07 05:00:00,3.0,219.79,0.01,0.15,120.32,0.92,46.66,68.8,1.08
1770444000,2026-02-07 06:00:00,3.0,219.8,0.01,0.11,118.91,0.85,47.01,69.56,1.03
1770447600,2026-02-07 07:00:00,3.0,218.69,0.01,0.08,117.22,0.79,47.21,70.08,0.99
1770451200,2026-02-07 08:00:00,3.0,217.0,0.01,0.07,115.36,0.73,47.31,70.43,0.94
1770454800,2026-02-07 09:00:00,3.0,215.49,0.01,0.07,113.59,0.68,47.51,70.8,0.88
1770458400,2026-02-07 10:00:00,3.0,215.42,0.01,0.08,112.49,0.64,47.99,71.67,0.84
1770462000,2026-02-07 11:00:00,3.0,215.17,0.01,0.08,110.86,0.6,48.3,72.57,0.79
1770465600,2026-02-07 12:00:00,3.0,214.68,0.01,0.1,109.69,0.56,48.46,73.39,0.73
1770469200,2026-02-07 13:00:00,3.0,214.89,0.0,0.13,109.06,0.51,48.65,74.33,0.68
1770472800,2026-02-07 14:00:00,3.0,214.62,0.0,0.14,108.13,0.46,48.65,75.06,0.62
1770476400,2026-02-07 15:00:00,3.0,214.16,0.0,0.13,107.41,0.41,48.49,75.73,0.58
1770480000,2026-02-07 16:00:00,3.0,212.39,0.0,0.12,106.96,0.37,47.99,75.84,0.54
1770483600,2026-02-07 17:00:00,3.0,211.02,0.0,0.12,106.45,0.33,47.6,75.96,0.5
1770487200,2026-02-07 18:00:00,3.0,209.35,0.0,0.11,106.18,0.3,47.17,76.16,0.47
1770490800,2026-02-07 19:00:00,3.0,207.88,0.0,0.1,105.78,0.28,46.77,76.44,0.43
1770494400,2026-02-07 20:00:00,3.0,207.52,0.0,0.1,105.27,0.26,46.83,77.44,0.39
1770498000,2026-02-07 21:00:00,3.0,208.17,0.0,0.09,104.49,0.25,47.26,79.11,0.36
1770501600,2026-02-07 22:00:00,3.0,209.24,0.0,0.09,103.8,0.24,47.95,81.57,0.32
1770505200,2026-02-07 23:00:00,3.0,210.38,0.0,0.09,103.42,0.23,48.58,84.22,0.27
1770508800,2026-02-08 00:00:00,3.0,211.1,0.0,0.09,102.9,0.22,49.17,86.98,0.23
1770512400,2026-02-08 01:00:00,3.0,211.74,0.0,0.09,102.57,0.2,49.77,90.0,0.19
1770516000,2026-02-08 02:00:00,4.0,212.67,0.0,0.08,102.29,0.19,50.29,92.88,0.16
1770519600,2026-02-08 03:00:00,4.0,213.0,0.0,0.09,101.82,0.18,50.79,95.7,0.13
1770523200,2026-02-08 04:00:00,4.0,213.01,0.0,0.1,100.83,0.17,50.93,97.2,0.12
1770526800,2026-02-08 05:00:00,4.0,213.48,0.01,0.09,99.98,0.17,51.11,98.18,0.11
1770530400,2026-02-08 06:00:00,4.0,214.13,0.01,0.08,99.38,0.18,51.22,98.94,0.12
1770534000,2026-02-08 07:00:00,4.0,214.08,0.01,0.07,98.54,0.19,51.2,99.23,0.12
1770537600,2026-02-08 08:00:00,4.0,213.87,0.01,0.07,97.49,0.2,51.2,99.4,0.12
1770541200,2026-02-08 09:00:00,4.0,214.15,0.01,0.07,96.45,0.22,51.38,99.47,0.13
1770544800,2026-02-08 10:00:00,4.0,214.23,0.01,0.07,95.58,0.22,51.65,99.73,0.12
1770548400,2026-02-08 11:00:00,4.0,211.56,0.01,0.07,94.02,0.19,51.41,99.38,0.09
1770552000,2026-02-08 12:00:00,4.0,208.12,0.01,0.08,93.13,0.16,50.86,98.44,0.07
1770555600,2026-02-08 13:00:00,3.0,203.72,0.0,0.09,93.55,0.14,49.79,96.06,0.05
1770559200,2026-02-08 14:00:00,3.0,198.66,0.0,0.1,94.02,0.13,48.22,92.91,0.03
1770562800,2026-02-08 15:00:00,3.0,194.02,0.0,0.1,94.52,0.12,46.88,91.32,0.02
1770566400,2026-02-08 16:00:00,3.0,189.84,0.0,0.09,95.19,0.11,45.66,90.58,0.01
1770570000,2026-02-08 17:00:00,3.0,186.23,0.0,0.09,95.85,0.1,44.53,90.13,0.0
1770573600,2026-02-08 18:00:00,3.0,182.51,0.0,0.09,96.46,0.11,43.35,90.22,0.0
1770577200,2026-02-08 19:00:00,3.0,178.15,0.0,0.09,97.23,0.11,41.83,89.51,0.0
1770580800,2026-02-08 20:00:00,3.0,175.12,0.0,0.09,97.7,0.1,40.69,89.33,0.0
1770584400,2026-02-08 21:00:00,3.0,173.36,0.0,0.08,97.78,0.1,40.22,90.19,0.0
1770588000,2026-02-08 22:00:00,3.0,173.31,0.0,0.08,97.83,0.1,40.3,91.5,0.0
1770591600,2026-02-08 23:00:00,3.0,174.15,0.0,0.08,97.75,0.1,40.68,92.72,0.0
1770595200,2026-02-09 00:00:00,3.0,175.52,0.0,0.08,97.59,0.1,41.26,93.4,0.0
1770598800,2026-02-09 01:00:00,3.0,177.34,0.0,0.08,97.48,0.1,41.83,93.65,0.0
1770602400,2026-02-09 02:00:00,3.0,179.37,0.0,0.08,97.23,0.1,42.36,93.11,0.0
1770606000,2026-02-09 03:00:00,3.0,181.23,0.0,0.08,97.09,0.1,42.75,91.69,0.0
1770609600,2026-02-09 04:00:00,3.0,181.72,0.0,0.08,96.98,0.1,42.55,88.71,0.0
1770613200,2026-02-09 05:00:00,3.0,181.22,0.01,0.07,97.05,0.1,41.77,84.78,0.0
1770616800,2026-02-09 06:00:00,3.0,179.58,0.01,0.05,96.99,0.1,40.68,80.8,0.0
1770620400,2026-02-09 07:00:00,3.0,176.99,0.01,0.04,96.36,0.11,39.29,76.93,0.0
1770624000,2026-02-09 08:00:00,3.0,173.33,0.01,0.04,95.49,0.11,37.89,73.85,0.0
1770627600,2026-02-09 09:00:00,3.0,169.98,0.01,0.05,94.72,0.12,36.7,71.79,0.0
1770631200,2026-02-09 10:00:00,3.0,167.11,0.01,0.05,94.22,0.12,35.86,70.73,0.0
1770634800,2026-02-09 11:00:00,3.0,164.54,0.01,0.06,93.61,0.13,35.25,70.05,0.0
1770638400,2026-02-09 12:00:00,3.0,163.09,0.01,0.07,93.39,0.14,35.11,70.07,0.0
1770642000,2026-02-09 13:00:00,3.0,163.34,0.0,0.09,93.57,0.15,35.56,70.87,0.0
1770645600,2026-02-09 14:00:00,3.0,165.09,0.0,0.1,93.67,0.16,36.56,71.91,0.0
1770649200,2026-02-09 15:00:00,3.0,168.16,0.0,0.1,94.03,0.18,38.05,73.47,0.0
1770652800,2026-02-09 16:00:00,3.0,171.73,0.0,0.1,94.62,0.2,39.72,75.28,0.0
1770656400,2026-02-09 17:00:00,3.0,176.22,0.0,0.1,95.63,0.21,41.75,77.92,0.0
1770660000,2026-02-09 18:00:00,3.0,181.73,0.0,0.1,96.86,0.23,44.09,81.22,0.0
1770663600,2026-02-09 19:00:00,3.0,187.26,0.0,0.1,98.18,0.25,46.49,84.95,0.0
1770667200,2026-02-09 20:00:00,3.0,193.1,0.0,0.1,99.45,0.27,48.91,88.78,0.0
1770670800,2026-02-09 21:00:00,4.0,198.34,0.0,0.09,100.26,0.29,51.16,92.39,0.0
1770674400,2026-02-09 22:00:00,4.0,202.93,0.0,0.09,101.13,0.31,53.01,95.48,0.0
1770678000,2026-02-09 23:00:00,4.0,206.23,0.0,0.09,101.39,0.32,54.28,97.43,0.0
1770681600,2026-02-10 00:00:00,4.0,208.1,0.0,0.09,101.24,0.33,54.88,98.25,0.0
1770685200,2026-02-10 01:00:00,4.0,208.45,0.0,0.1,100.8,0.34,54.9,98.16,0.0
1770688800,2026-02-10 02:00:00,4.0,208.06,0.0,0.1,100.0,0.35,54.36,97.16,0.0
1770692400,2026-02-10 03:00:00,4.0,206.95,0.0,0.11,98.94,0.35,53.29,95.32,0.0
1770696000,2026-02-10 04:00:00,4.0,205.16,0.0,0.12,97.56,0.36,51.79,92.82,0.0
1770699600,2026-02-10 05:00:00,3.0,202.25,0.01,0.1,96.24,0.35,49.89,89.91,0.0
1770703200,2026-02-10 06:00:00,3.0,198.45,0.01,0.08,94.79,0.35,47.65,86.56,0.0
1770706800,2026-02-10 07:00:00,3.0,189.47,0.01,0.08,93.6,0.37,44.2,81.91,0.0
1770710400,2026-02-10 08:00:00,3.0,181.76,0.01,0.08,92.56,0.4,41.22,77.47,0.0
1770714000,2026-02-10 09:00:00,3.0,177.46,0.01,0.08,91.29,0.4,39.46,74.46,0.0
1770717600,2026-02-10 10:00:00,3.0,173.39,0.01,0.08,91.2,0.41,37.59,71.59,0.0
1770721200,2026-02-10 11:00:00,3.0,167.88,0.01,0.1,91.8,0.43,35.33,68.28,0.0
1770724800,2026-02-10 12:00:00,3.0,164.1,0.01,0.12,92.35,0.43,33.8,65.81,0.0
1770728400,2026-02-10 13:00:00,3.0,162.01,0.0,0.15,92.71,0.43,32.89,64.36,0.0
1770732000,2026-02-10 14:00:00,3.0,160.66,0.0,0.17,92.71,0.42,32.63,64.09,0.0
1770735600,2026-02-10 15:00:00,3.0,159.72,0.0,0.16,92.6,0.41,32.45,64.02,0.0
1770739200,2026-02-10 16:00:00,3.0,158.63,0.0,0.15,92.36,0.4,32.24,63.87,0.0
1770742800,2026-02-10 17:00:00,3.0,158.42,0.0,0.15,92.15,0.39,32.3,64.16,0.0
1770746400,2026-02-10 18:00:00,3.0,158.5,0.0,0.14,91.87,0.38,32.43,64.64,0.0
1770750000,2026-02-10 19:00:00,3.0,158.39,0.0,0.14,91.19,0.37,32.65,65.32,0.0
1770753600,2026-02-10 20:00:00,3.0,158.9,0.0,0.13,90.8,0.36,33.08,66.31,0.0
1770757200,2026-02-10 21:00:00,3.0,158.99,0.0,0.13,90.43,0.35,33.42,67.23,0.0
1770760800,2026-02-10 22:00:00,3.0,157.96,0.0,0.12,90.3,0.34,33.45,67.67,0.0
1770764400,2026-02-10 23:00:00,3.0,156.1,0.0,0.12,90.82,0.34,33.03,67.48,0.0
1770768000,2026-02-11 00:00:00,3.0,154.77,0.0,0.14,91.57,0.38,32.27,66.63,0.0
1770771600,2026-02-11 01:00:00,3.0,159.91,0.0,0.32,92.25,0.67,31.67,66.16,0.06
1770775200,2026-02-11 02:00:00,3.0,183.99,0.0,0.89,92.16,1.9,32.96,70.22,0.35
1770778800,2026-02-11 03:00:00,3.0,239.57,0.0,2.08,92.23,4.54,39.2,86.73,1.01
1770782400,2026-02-11 04:00:00,4.0,328.17,0.16,3.88,93.28,6.96,51.49,117.19,2.23
1770786000,2026-02-11 05:00:00,4.0,425.73,0.45,4.76,101.89,8.19,67.26,154.55,3.99
1770789600,2026-02-11 06:00:00,5.0,494.18,0.46,4.18,122.47,8.64,84.25,190.7,5.87
1770793200,2026-02-11 07:00:00,5.0,521.49,0.3,2.92,145.65,8.44,96.57,212.16,7.34
1770796800,2026-02-11 08:00:00,5.0,529.59,0.19,1.99,164.36,8.24,104.36,220.96,8.3
1770800400,2026-02-11 09:00:00,5.0,523.75,0.13,1.55,177.0,8.23,109.13,222.5,8.72
1770804000,2026-02-11 10:00:00,5.0,518.91,0.11,1.47,186.39,8.27,112.01,220.26,8.79
1770807600,2026-02-11 11:00:00,5.0,516.5,0.1,1.63,191.75,8.2,112.67,214.44,8.65
1770811200,2026-02-11 12:00:00,5.0,514.8,0.08,2.01,194.5,8.27,111.58,207.01,8.56
1770814800,2026-02-11 13:00:00,5.0,517.26,0.03,2.62,194.8,8.45,110.12,199.47,8.44
1770818400,2026-02-11 14:00:00,5.0,521.01,0.0,2.81,190.9,8.58,107.21,189.48,8.14
1770822000,2026-02-11 15:00:00,5.0,523.09,0.0,2.61,184.64,8.66,104.04,179.38,7.65
1770825600,2026-02-11 16:00:00,5.0,524.99,0.0,2.68,175.75,8.66,100.05,168.96,7.21
1770829200,2026-02-11 17:00:00,5.0,527.43,0.0,2.92,164.37,8.55,95.12,158.22,6.95
1770832800,2026-02-11 18:00:00,5.0,528.45,0.0,3.16,151.36,8.62,90.31,149.47,6.97
1770836400,2026-02-11 19:00:00,5.0,529.68,0.0,3.38,139.6,8.89,87.1,145.17,7.34
1770840000,2026-02-11 20:00:00,5.0,545.56,0.0,3.47,131.07,8.53,87.01,145.59,7.6
1770843600,2026-02-11 21:00:00,5.0,558.12,0.0,3.35,125.76,8.16,88.39,148.64,7.77
1770847200,2026-02-11 22:00:00,5.0,563.04,0.0,3.1,122.95,7.87,89.3,151.51,7.95
1770850800,2026-02-11 23:00:00,5.0,559.7,0.0,2.82,122.03,7.66,89.78,153.39,8.02
1770854400,2026-02-12 00:00:00,5.0,545.59,0.0,2.52,122.6,7.52,89.31,153.63,7.98
1770858000,2026-02-12 01:00:00,5.0,516.88,0.0,2.22,125.01,7.75,87.09,153.37,7.92
1770861600,2026-02-12 02:00:00,5.0,496.0,0.0,2.03,126.98,7.82,85.19,153.77,7.95
1770865200,2026-02-12 03:00:00,5.0,481.41,0.0,2.27,128.12,7.77,83.88,154.8,7.99
1770868800,2026-02-12 04:00:00,5.0,466.01,0.08,2.83,129.42,7.75,82.35,155.43,7.94
1770872400,2026-02-12 05:00:00,5.0,457.12,0.23,3.1,133.3,7.81,82.18,157.18,7.86
1770876000,2026-02-12 06:00:00,5.0,456.16,0.31,3.09,141.51,8.03,84.21,160.71,7.68
1770879600,2026-02-12 07:00:00,5.0,462.8,0.29,2.79,152.98,8.28,88.19,165.28,7.39
1770883200,2026-02-12 08:00:00,5.0,477.87,0.23,2.3,166.7,8.5,93.98,171.32,7.16
1770886800,2026-02-12 09:00:00,5.0,491.94,0.16,1.82,180.64,8.86,99.95,176.99,6.87
1770890400,2026-02-12 10:00:00,5.0,504.8,0.12,1.57,192.91,9.08,104.98,180.92,6.52
1770894000,2026-02-12 11:00:00,5.0,513.1,0.1,1.58,200.75,8.95,107.77,181.49,6.16
1770897600,2026-02-12 12:00:00,5.0,507.77,0.07,1.73,204.01,8.76,106.88,177.48,5.83
1770901200,2026-02-12 13:00:00,5.0,491.85,0.02,1.91,202.67,8.42,102.63,169.57,5.57
1770904800,2026-02-12 14:00:00,5.0,465.42,0.0,1.67,196.35,7.63,96.72,159.03,5.09
1770908400,2026-02-12 15:00:00,5.0,431.12,0.0,1.15,187.12,6.55,90.84,147.85,4.32
1770912000,2026-02-12 16:00:00,5.0,397.42,0.0,0.88,176.3,5.37,84.99,136.72,3.63
1770915600,2026-02-12 17:00:00,5.0,367.4,0.0,0.71,165.54,4.25,79.48,126.38,3.12
1770919200,2026-02-12 18:00:00,4.0,342.99,0.0,0.59,155.38,3.24,74.48,117.41,2.74
1770922800,2026-02-12 19:00:00,4.0,324.59,0.0,0.5,146.73,2.44,70.4,110.49,2.48
1770926400,2026-02-12 20:00:00,4.0,314.73,0.0,0.42,139.64,1.86,67.73,106.38,2.3
1770930000,2026-02-12 21:00:00,4.0,309.52,0.0,0.37,134.49,1.46,66.11,104.53,2.17
1770933600,2026-02-12 22:00:00,4.0,308.55,0.0,0.32,130.85,1.19,65.32,104.73,2.16
1770937200,2026-02-12 23:00:00,4.0,308.23,0.0,0.29,127.86,1.0,64.7,105.56,2.09
1770940800,2026-02-13 00:00:00,4.0,304.76,0.0,0.26,125.37,0.84,63.4,105.19,1.98
1770944400,2026-02-13 01:00:00,4.0,294.34,0.0,0.23,124.3,0.71,60.41,101.66,2.03
1770948000,2026-02-13 02:00:00,4.0,282.87,0.0,0.22,123.0,0.61,57.29,97.73,2.04
1770951600,2026-02-13 03:00:00,4.0,272.1,0.0,0.23,120.99,0.52,54.63,94.06,1.92
1770955200,2026-02-13 04:00:00,4.0,262.33,0.01,0.26,118.45,0.46,52.27,90.1,1.77
1770958800,2026-02-13 05:00:00,4.0,254.23,0.02,0.23,116.29,0.4,50.24,86.31,1.63
1770962400,2026-02-13 06:00:00,3.0,245.22,0.02,0.18,114.51,0.36,48.17,82.6,1.5
1770966000,2026-02-13 07:00:00,3.0,234.54,0.02,0.14,112.39,0.32,45.89,78.76,1.37
1770969600,2026-02-13 08:00:00,3.0,223.05,0.02,0.12,109.76,0.29,43.52,75.04,1.21
1770973200,2026-02-13 09:00:00,3.0,211.34,0.01,0.11,107.31,0.26,41.07,71.49,1.05
1770976800,2026-02-13 10:00:00,3.0,199.33,0.01,0.11,105.72,0.25,38.33,67.79,0.9
1770980400,2026-02-13 11:00:00,3.0,188.16,0.01,0.11,103.32,0.23,35.62,64.02,0.72
1770984000,2026-02-13 12:00:00,3.0,178.91,0.01,0.13,101.46,0.23,33.27,60.78,0.57
1770987600,2026-02-13 13:00:00,3.0,172.1,0.01,0.16,100.19,0.23,31.36,58.27,0.44
1770991200,2026-02-13 14:00:00,3.0,166.74,0.0,0.18,98.68,0.24,29.88,56.51,0.33
1770994800,2026-02-13 15:00:00,3.0,162.52,0.0,0.17,97.59,0.25,28.69,55.04,0.26
1770998400,2026-02-13 16:00:00,3.0,159.07,0.0,0.16,96.94,0.25,27.72,53.69,0.22
1771002000,2026-02-13 17:00:00,3.0,156.58,0.0,0.15,96.6,0.26,26.97,52.5,0.2
1771005600,2026-02-13 18:00:00,3.0,154.38,0.0,0.14,96.37,0.26,26.34,51.43,0.18
1771009200,2026-02-13 19:00:00,3.0,152.02,0.0,0.13,95.54,0.26,25.79,50.41,0.17
1771012800,2026-02-13 20:00:00,3.0,150.1,0.0,0.12,94.72,0.26,25.36,49.62,0.15
1771016400,2026-02-13 21:00:00,2.0,148.24,0.0,0.11,94.02,0.26,24.95,48.76,0.13
1771020000,2026-02-13 22:00:00,2.0,146.34,0.0,0.11,93.84,0.26,24.5,47.68,0.13
1771023600,2026-02-13 23:00:00,2.0,144.75,0.0,0.1,93.78,0.26,23.98,46.46,0.12
1771027200,2026-02-14 00:00:00,2.0,142.53,0.0,0.09,93.7,0.26,23.47,45.48,0.11
1771030800,2026-02-14 01:00:00,2.0,136.39,0.0,0.09,93.21,0.24,22.76,46.49,0.06
1771034400,2026-02-14 02:00:00,2.0,134.23,0.0,0.09,92.87,0.23,22.72,47.22,0.05
1771038000,2026-02-14 03:00:00,2.0,132.66,0.0,0.1,92.32,0.21,22.71,47.92,0.03
1771041600,2026-02-14 04:00:00,2.0,131.1,0.01,0.11,90.99,0.19,22.57,48.07,0.01
1771045200,2026-02-14 05:00:00,2.0,130.61,0.01,0.1,89.55,0.17,22.53,48.21,0.01
1771048800,2026-02-14 06:00:00,2.0,129.71,0.01,0.07,88.78,0.16,22.41,48.08,0.0
1771052400,2026-02-14 07:00:00,2.0,128.49,0.01,0.05,88.13,0.14,22.15,47.52,0.0
1771056000,2026-02-14 08:00:00,2.0,127.01,0.01,0.05,86.63,0.13,21.89,47.11,0.0
1771059600,2026-02-14 09:00:00,2.0,125.74,0.01,0.04,84.93,0.12,21.66,46.71,0.0
1771063200,2026-02-14 10:00:00,2.0,125.08,0.01,0.04,84.0,0.11,21.47,46.53,0.0
1771066800,2026-02-14 11:00:00,2.0,124.12,0.01,0.05,83.51,0.1,21.2,46.32,0.0
1771070400,2026-02-14 12:00:00,2.0,123.43,0.01,0.06,83.8,0.09,20.95,46.3,0.0
1771074000,2026-02-14 13:00:00,2.0,123.33,0.0,0.07,85.68,0.09,20.67,46.53,0.0
1771077600,2026-02-14 14:00:00,2.0,123.12,0.0,0.08,86.65,0.09,20.59,47.35,0.0
1771081200,2026-02-14 15:00:00,2.0,123.45,0.0,0.08,87.33,0.08,20.63,48.59,0.0
1771084800,2026-02-14 16:00:00,2.0,123.42,0.0,0.08,87.7,0.08,20.72,49.9,0.0
1771088400,2026-02-14 17:00:00,3.0,123.79,0.0,0.08,88.14,0.08,20.91,51.3,0.0
1771092000,2026-02-14 18:00:00,3.0,124.34,0.0,0.08,88.48,0.08,21.13,52.57,0.0
1771095600,2026-02-14 19:00:00,3.0,124.97,0.0,0.07,88.48,0.08,21.31,53.49,0.0
1771099200,2026-02-14 20:00:00,3.0,125.67,0.0,0.07,88.56,0.09,21.51,54.3,0.0
1771102800,2026-02-14 21:00:00,3.0,126.61,0.0,0.07,88.54,0.09,21.77,55.22,0.0
1771106400,2026-02-14 22:00:00,3.0,127.68,0.0,0.07,88.34,0.1,22.12,56.47,0.0
1771110000,2026-02-14 23:00:00,3.0,128.63,0.0,0.07,88.28,0.1,22.57,57.96,0.0
1771113600,2026-02-15 00:00:00,3.0,129.72,0.0,0.06,88.17,0.11,23.06,59.33,0.0
1771117200,2026-02-15 01:00:00,3.0,130.92,0.0,0.06,88.45,0.11,23.59,60.56,0.0
1771120800,2026-02-15 02:00:00,3.0,131.72,0.0,0.06,89.07,0.11,23.94,60.91,0.0
1771124400,2026-02-15 03:00:00,3.0,132.16,0.0,0.07,89.69,0.1,24.1,60.53,0.0
1771128000,2026-02-15 04:00:00,3.0,131.79,0.0,0.07,89.95,0.1,24.04,59.5,0.0
1771131600,2026-02-15 05:00:00,3.0,131.45,0.01,0.05,90.06,0.09,23.96,58.32,0.0
1771135200,2026-02-15 06:00:00,3.0,130.98,0.01,0.04,89.94,0.09,23.81,56.83,0.0
1771138800,2026-02-15 07:00:00,3.0,130.14,0.01,0.03,89.23,0.08,23.53,54.94,0.0
1771142400,2026-02-15 08:00:00,3.0,129.02,0.01,0.03,88.09,0.08,23.22,53.14,0.0
1771146000,2026-02-15 09:00:00,3.0,128.14,0.01,0.03,86.92,0.08,22.92,51.61,0.0
1771149600,2026-02-15 10:00:00,2.0,127.64,0.01,0.03,86.52,0.07,22.64,49.87,0.0
1771153200,2026-02-15 11:00:00,2.0,127.52,0.01,0.04,86.0,0.07,22.41,47.99,0.0
1771156800,2026-02-15 12:00:00,2.0,127.68,0.0,0.04,85.46,0.07,22.27,46.52,0.0
1771160400,2026-02-15 13:00:00,2.0,128.28,0.0,0.06,85.72,0.07,22.21,45.31,0.0
1771164000,2026-02-15 14:00:00,2.0,128.63,0.0,0.07,86.01,0.07,22.04,43.97,0.0
1771167600,2026-02-15 15:00:00,2.0,129.04,0.0,0.07,86.51,0.08,21.81,42.54,0.0
1771171200,2026-02-15 16:00:00,2.0,128.97,0.0,0.07,86.84,0.08,21.47,41.01,0.0
1771174800,2026-02-15 17:00:00,2.0,129.1,0.0,0.07,87.36,0.09,21.15,39.65,0.0
1771178400,2026-02-15 18:00:00,2.0,129.32,0.0,0.06,87.95,0.1,20.85,38.5,0.0
1771182000,2026-02-15 19:00:00,2.0,129.19,0.0,0.06,88.6,0.1,20.49,37.33,0.0
1771185600,2026-02-15 20:00:00,2.0,129.36,0.0,0.06,89.21,0.1,20.21,36.32,0.0
1771189200,2026-02-15 21:00:00,2.0,129.62,0.0,0.06,89.69,0.1,20.09,35.63,0.0
1771192800,2026-02-15 22:00:00,2.0,130.42,0.0,0.05,90.23,0.1,20.13,35.26,0.0
1771196400,2026-02-15 23:00:00,2.0,131.32,0.0,0.05,90.74,0.1,20.25,35.01,0.0
1771200000,2026-02-16 00:00:00,2.0,132.16,0.0,0.05,91.25,0.1,20.36,34.84,0.0
1771203600,2026-02-16 01:00:00,2.0,132.61,0.0,0.05,91.97,0.1,20.41,34.65,0.0
1771207200,2026-02-16 02:00:00,2.0,133.13,0.0,0.05,92.71,0.1,20.36,34.2,0.0
1771210800,2026-02-16 03:00:00,2.0,133.08,0.0,0.05,93.39,0.1,20.16,33.41,0.0
1771214400,2026-02-16 04:00:00,2.0,131.92,0.0,0.06,93.98,0.1,19.6,32.16,0.0
1771218000,2026-02-16 05:00:00,2.0,130.91,0.0,0.04,94.01,0.1,18.96,30.74,0.0
1771221600,2026-02-16 06:00:00,2.0,129.69,0.0,0.03,93.61,0.1,18.22,29.04,0.0
1771225200,2026-02-16 07:00:00,2.0,128.2,0.0,0.03,92.72,0.1,17.38,27.13,0.0
1771228800,2026-02-16 08:00:00,2.0,126.83,0.0,0.03,91.74,0.1,16.66,25.54,0.0
1771232400,2026-02-16 09:00:00,2.0,125.87,0.0,0.03,90.79,0.1,16.12,24.44,0.0
1771236000,2026-02-16 10:00:00,2.0,125.56,0.0,0.03,90.38,0.11,15.81,23.85,0.01
1771239600,2026-02-16 11:00:00,2.0,125.14,0.0,0.03,90.24,0.11,15.6,23.5,0.01
1771243200,2026-02-16 12:00:00,2.0,125.23,0.0,0.04,90.28,0.11,15.6,23.46,0.01
1771246800,2026-02-16 13:00:00,2.0,126.25,0.0,0.05,90.77,0.12,15.84,23.84,0.02
1771250400,2026-02-16 14:00:00,2.0,127.86,0.0,0.07,91.03,0.12,16.33,24.6,0.03
1771254000,2026-02-16 15:00:00,2.0,129.81,0.0,0.07,91.28,0.13,16.91,25.56,0.03
1771257600,2026-02-16 16:00:00,2.0,131.24,0.0,0.07,91.41,0.13,17.42,26.42,0.04
1771261200,2026-02-16 17:00:00,2.0,132.49,0.0,0.07,91.58,0.13,17.93,27.32,0.05
1771264800,2026-02-16 18:00:00,2.0,133.82,0.0,0.07,91.65,0.13,18.51,28.36,0.05
1771268400,2026-02-16 19:00:00,2.0,135.26,0.0,0.07,91.55,0.13,19.12,29.47,0.06
1771272000,2026-02-16 20:00:00,2.0,137.03,0.0,0.07,91.39,0.13,19.82,30.77,0.07
1771275600,2026-02-16 21:00:00,2.0,138.93,0.0,0.06,91.02,0.13,20.64,32.34,0.07
1771279200,2026-02-16 22:00:00,2.0,140.1,0.0,0.06,90.86,0.14,21.53,34.33,0.06
1771282800,2026-02-16 23:00:00,2.0,140.03,0.0,0.06,90.92,0.14,22.33,36.64,0.04
1771286400,2026-02-17 00:00:00,2.0,140.49,0.0,0.05,90.91,0.15,23.21,39.2,0.03
